077440
94024
068321
010917
825099
373703
978879
677732
576631
784938
0171
College12345
217910
209891
love12
573969
299244
engineer2018
270805
5184
798996
639782
115830
616198
01883
884323
59080
487630
251290
270072
432355
722018
265958
75418
778767
9072
674190
787985
150320
16919
967362
689062
05950
181676
588346
035156
691361
597036
9939
381711
97993
32046
3915
601656
811085
38871
744392
991364
872179
300124
287980
frank1990
Ali99
507859
9912
205491
941039
819225
074558
741983
320694
959926
641916
000209
39564
005280
muslimpk
97174
942909
91994
917488
869847
036982
453354
47908
297099
456973
68425
engineer321
078881
083138
361504
557744
142879
Student123456
721160
990297
021560
Michael12
090814
960619
971498
64281
923857
323015
131263
Stephen1999
2109
428945
36792
896731
252087
05236
284713
939499
Two123456
66325
399168
159357
785147
005126
628672
880385
02191
389510
465223
885500
317163
527593
saima2016
Patrick007
59017
monday111
31388
69069
304051
659835
159632
2493
693066
767635
570889
482438
902682
913913
230659
285714
789459
840367
506858
1467
920535
462638
538263
124652
335247
4851
6609
985446
035552
Karachi01
207152
251190
4806
944328
30457
885379
142098
969881
75663
654115
577610
739398
940885
400103
650551
732226
462000
993806
429506
793012
399454
24647
109384
310530
445841
178827
Guest786786
391721
479853
425436
961521
253627
491502
366311
864479
480029
198308
234168
378983
Last12
572660
988801
11102
088660
731863
477433
510422
950719
64008
712316
481063
15974
83258
691416
College123
01274
683331
799018
145178
666578
180708
841005
556512
403007
Muslim000
81032
Light123456
326304
548559
659769
905663
521334
50568
80059
270220
644699
455433
secret
729531
828003
576774
120230
80304
86611
670472
080146
608652
395846
724053
070223
884026
4359
331529
684816
john1
ethan123
818125
904464
Queen000
248028
053251
485221
106854
766832
228679
thousand69
208582
886457
508310
02471
130299
270823
gregory123
030624
756217
730037
198979
945791
72030
87591
4968
393184
912560
867394
77385
436051
505098
172095
438889
943844
875424
523644
133199
933713
539891
206250
test!
99568
93660
92113
sun01
077231
eric007
281578
310321
28868
118844
273097
963369
336908
112662
648329
43148
9690
816695
811349
190505
329549
639199
994026
467555
954932
54635
801361
722337
789393
696960
523985
985622
37415
07798
903584
532301
120846
15834
347116
230314
29169
565488
840884
927201
70294
518023
090293
259457
477169
922152
304513
5958
071203
Moon1
441782
648472
794585
766942
010956
637098
138809
748022
772497
383240
235609
46326
098604
976569
666061
360800
802021
073029
891319
954272
35588
305965
321959
729564
97979
202763
310817
343981
414458
250926
125664
678733
66339
14266
619245
960883
Police#
635800
737781
286638
569976
465256
4920
504130
817025
587279
509047
739486
275044
699908
1704
856746
707894
Grace@
217712
072853
401654
637417
72310
328713
374319
998261
633820
310277
942205
940632
126720
423929
409640
725560
475145
128634
514360
87857
660671
test1987
492470
843953
799590
667491
606947
hamzapk
120010
734448
733865
081972
999009
886545
364034
Shadow123
285769
394911
250899
375199
881034
58555
103257
529353
02520
906983
518628
john1982
043010
780516
511533
Imranpk
Violet1992
949278
028589
050114
493020
25487
Asdf22
zachary
531267
359546
712888
508332
900658
210220
655402
237886
109241
900372
060764
297132
076780
276562
81459
130592
428373
533544
556380
793331
138490
235576
170082
15498
929049
170120
883872
352638
997359
Olivia1980
280302
939554
water007
adee
pakistan1996
264781
948178
353672
416625
754215
452661
332717
176407
pass1234
390500
025465
771705
103785
020284
848628
222134
667150
User111
790427
177551
447854
289454
967054
364738
62167
43428
652487
826287
632742
38080
237072
87689
hazel@
464387
361427
116985
7944
910778
816277
88795
811107
301334
367466
352132
699380
181819
424534
391611
032758
7842
81669
6672
253297
93023
349283
405669
395021
Blue2008
931678
163977
513744
551012
17577
Samsung786786
422224
722623
61432
827772
892507
812988
611050
82579
584672
samsung2001
Edward123
446908
raja1234
594099
851433
591481
Usman69
664279
130328
070961
180851
227975
827288
1578
780692
736230
881749
48608
977218
ten3210
150271
94311
40180
847264
699226
67333
069630
892485
022363
332123
192500
591272
1n574gr4m123
558767
606584
047047
840741
813120
624811
191301
219626
460647
405196
429517
ayesha123
832282
688699
063338
761959
865216
849684
359799
907093
580976
784817
403491
630762
729586
387299
753676
karachi1996
514140
012936
Abigail1
11746
88235
620664
Ryan2013
98000
277211
005467
992904
48356
80360
10619
555786
380523
720192
997414
616825
900944
870969
284317
555500
Star99
223454
892705
386276
637406
0825
pakistan786
207658
415756
993476
096217
576455
935187
743380
64449
619344
802076
130537
444114
251768
039765
327822
709995
157410
school1998
042350
433169
691526
Tiktok321
Star1990
642400
Morning12
88186
701833
642994
024739
208109
414997
099561
222629
312004
3954
755051
940500
ten12
215985
185394
81298
967494
58905
65016
078056
791186
695761
40068
62251
361581
777205
Henry!
543312
454608
481305
558030
136774
862268
445181
607651
975656
117590
23667
432047
067496
690481
179751
Muslim!
201025
Lahore000
871332
48041
344014
820303
997480
24311
Secret786786
671308
387816
662024
260216
638044
brandon2018
940027
059257
167651
104621
798974
501248
876194
37632
super123456
571516
531608
531432
Malik321
204325
965822
999834
56644
629244
Abigail2002
704440
140811
462165
402820
484055
791428
39529
124553
qwerty2005
jonathan1
196889
Adam!
831545
89600
293304
714582
685443
182875
061325
865436
835175
010538
370117
647680
415998
65968
293722
909788
238601
286737
239118
21784
019756
025201
876425
416240
408298
97202
806256
952809
385022
793573
447359
13118
433092
51940
021604
158840
920700
016643
613569
20846
102597
884070
980837
777051
567050
816134
481195
97272
790284
268290
246235
151093
704462
279664
467203
473539
506308
148082
763312
755524
949498
231341
01890
83909
75943
762960
five2003
506572
437778
011275
67403
023529
96957
465564
11137
ayesha12345
152196
711997
574211
187121
077264
62909
hazel2012
42966
808115
401621
971036
427174
658493
211220
9078
474254
887997
606606
343255
093038
574574
12845
795729
051645
936551
608894
105039
774290
610060
514723
28735
111859
240724
08120
936430
54922
851884
980463
570372
33299
98994
135806
252296
315975
008250
394108
499169
maryam1987
189277
peshawar!
109197
dragon69
316338
351032
091105
21434
692516
night1992
430144
373417
091993
407638
694903
588984
954965
672672
746009
574035
377740
982828
93016
819984
346005
954646
717145
382305
304601
818180
Emma1
875589
51891
53564
28399
669614
767580
163207
653180
570493
022528
425425
867504
034364
1350
832887
robert007
995115
35350
924814
030420
754556
Sofia@
ethan!
194293
116402
414524
133364
426965
817267
328779
205667
13748
159005
riley786
093610
737660
969012
813659
431376
081884
482053
014168
228580
205876
032582
01925
703879
493306
qwerty321
661408
493504
20433
159907
welcome22
663993
425689
046838
254089
122474
252175
one3210
087549
61635
456027
065417
683562
652542
575322
971201
348865
988295
566621
625592
781836
951060
946187
055825
723536
2850
333894
196317
india3210
light22
306636
899877
832194
640079
559515
190366
17738
771474
953733
981057
560351
074580
535370
239228
747329
723327
356840
720467
528055
065593
364232
777304
6939
114708
301587
465113
harper123
422400
426228
234751
662563
110826
538483
036377
508563
722865
306141
438900
545501
384989
893167
663080
66360
195316
294063
248237
411191
863214
532147
332365
618662
55013
Adam1986
137687
google#
131934
350405
290814
449988
875160
673882
026642
566126
thomas1234
96656
977658
881012
621709
597861
383229
79702
978791
745019
Muslim00
7734
874533
142186
934109
920722
17836
00812
616165
421564
506363
885896
506880
59577
568249
198473
568117
965382
41153
543455
288365
188408
480634
322300
083567
130720
bhatti1234
411125
703450
476036
291115
124916
159522
100331
109879
073843
333520
022451
25431
494956
278905
884301
990143
200332
758934
866008
695068
219758
185262
885104
964898
202422
79352
teacher111
49000
64295
760837
Black2018
153285
618915
362186
87612
073634
009713
140679
130867
718366
614911
550319
210896
55475
416570
911240
294932
wind69
743028
823658
824263
350427
89054
636130
05705
554785
692538
061050
325391
286330
465014
412049
776633
795993
889559
541365
345114
756030
samsung786
074459
032175
556424
74704
373153
Passwd2023
92554
539682
745382
35392
hundred007
89313
037675
user12
896060
581460
704561
073051
252263
862301
311355
113696
527164
142780
Bhatti#
allah00
025828
932239
56833
771661
713086
389059
528803
866778
376486
admin99
822305
194326
446380
007238
61964
608355
48706
599808
895235
924374
259754
608487
Asdf@
612271
812449
QATAR
205821
232056
806333
027379
932877
school2019
816706
134618
413545
41853
850344
835505
453519
349646
350570
403370
159148
735218
48209
298177
951434
706002
261272
890780
387090
561737
334422
Last
password2017
hundred2007
155760
737352
505197
495374
701415
561121
34048
020889
665137
Lucy786
21770
818939
093489
0387
6753
835637
202521
504218
762344
348227
294503
Islam@
07784
208417
087483
028853
909810
030415
80164
95242
614636
030470
297539
193721
139128
868340
15456
995401
70343
879098
797984
856867
054857
057948
15729
540661
261921
24675
hina3210
Jacob1996
25963
498476
96873
081015
24794
312686
314688
801680
982707
053086
836627
861707
275264
136532
michael!
06461
784168
214148
287672
333916
423621
650309
213213
432234
muslim786786
318263
705826
047784
58373
339449
wind2019
961026
147994
419562
959640
572187
788458
329142
410938
8913
331694
646657
92078
625878
382921
279026
29757
181544
243485
22876
05145
422213
403953
749584
66640
615098
421003
628573
200618
sdss
184745
697268
050589
628694
810898
640959
060753
310793
713383
886831
699765
712657
emma@
296802
31276
515900
307329
589303
178541
850916
720170
19684
98287
362219
306482
261514
836429
malik007
481129
500907
031042
023243
426624
603042
74081
093643
moon99
927135
654786
834152
Last1980
69839
24395
757548
13881
190091
Welcome123456
742654
787270
993894
0719
603152
818884
378279
54985
412357
011102
96509
628738
203896
wolf69
977020
974468
429418
35819
khan01
189673
745030
982696
168993
429825
181137
Warrior007
251581
089661
531366
131626
781946
46529
078386
139139
151613
66976
832909
447546
awc123
269313
0308
435457
038335
916696
92715
746064
256421
312389
284240
411378
348711
310717
1821
920623
7431
facebook99
133408
demo12345
100914
209121
374044
81123
765919
188485
5730
761453
Pakistan01
091311
356752
303622
986326
293788
873972
706585
966955
785081
Ethan1989
751256
886116
Ultra1
929159
446237
239536
466609
793419
432113
180114
346786
178266
542652
901527
111584
440902
06244
132880
guest#
480678
708576
366443
697983
740432
70679
046805
761486
62685
018931
737055
sun786786
635283
752510
575443
682242
607552
685069
915475
589270
morning!
057860
Shah1993
167200
478885
instagram2003
emily786
03759
249348
809666
127193
214687
13993
429572
95102
642356
600732
097878
Green000
785983
070993
141625
181588
961774
870628
862433
741620
843634
670505
336655
05131
layla1990
878570
565983
Star1986
root2011
green!
983774
696608
992508
401324
139953
876909
last1980
648725
125279
728244
480975
327866
dragon3210
637494
152383
845922
290114
173987
0060
048202
734800
455180
43764
029953
332904
397155
game
4245
579986
467390
790075
813890
595661
988702
092125
48419
ali1234
635635
56917
054450
cool99
950389
427031
953865
047487
696927
test00
Zainab00
112541
John1990
171600
389301
229922
056496
66759
544687
11256
846791
200167
873653
504746
307780
Brandon2018
720918
demo1997
845878
877151
763015
218603
965767
156222
858275
580470
217173
614152
775742
042867
266882
402017
302038
267520
Peshawar2014
8790
lahore2017
879241
350361
love3210
028754
xerr
008107
594319
267597
150999
63931
949542
55699
127171
598378
60746
692637
625394
829070
965459
942667
034298
881320
454762
604065
08778
997106
021505
202312
290717
991067
02807
59500
624019
Daniel1234
783761
946594
394020
892397
3555
96355
579491
718795
780736
037686
Apple22
389411
Seven786
207669
297044
325347
757680
364639
shah3210
366740
593142
736461
612568
758175
324038
646756
470778
781979
238942
345323
279829
809644
350889
951973
226710
402116
950257
502557
Master786786
202356
643863
808291
646151
343002
355179
169444
630289
634425
706552
744579
041030
super
724878
969793
423973
523050
169048
052668
807059
490633
125356
178409
961092
688424
127083
Whatsapp1982
355344
632786
lion786
583649
166617
969408
7308
754149
178838
420310
303501
Linux1991
Samsung!
079013
997161
257851
73717
012452
798941
156079
956087
443927
272756
47257
238887
586641
744271
611908
917510
872949
763400
quran2026
896357
099913
951643
765314
35000
Pakistan1980
600523
410707
611556
113828
504086
Sun1984
446545
h3ll0
817927
216073
maryam786786
196647
845460
116710
291500
746262
819654
23289
196669
85169
079167
505120
67662
350702
2361
734041
584551
122837
160578
103422
588313
061908
Karachi
Instagram111
487828
97426
310217
212344
463947
final12
096459
808104
895422
703219
053053
010326
244222
427944
231572
983169
google!
Adam1980
235873
53102
934978
544918
Light2017
206261
938256
090623
119526
904321
933812
579370
1008
979649
70021
Police01
613239
944911
675081
7782
518661
144375
510664
055550
320562
307582
42210
191741
36498
700689
88599
520157
526372
390808
181225
371459
645348
375133
583220
994411
537262
618431
530420
470866
101299
819258
5760
663278
190531
801658
896555
704429
564982
386947
667843
552552
403546
050149
Hamza@
44345
533093
014069
607222
943591
702361
870870
music1
339339
670351
168278
711271
298694
593582
687907
0421
Michael1998
2568
Usman
178497
065791
737858
220616
Test321
666875
356268
983213
145530
366003
182270
832029
186615
520586
160094
501490
166463
057002
950378
882255
38451
620917
391820
46333
336061
243144
959288
591294
Daniel!
960201
210078
815551
094919
user@
705023
431145
4599
Fatima00
727606
929808
075581
bhatti77
488246
75572
545732
519288
104280
784124
apple#
115478
097713
750629
omar12
538945
406626
663883
929148
engineer12
633534
048279
661144
439340
510708
04627
969265
407253
461065
247632
033198
581669
186142
4014
844646
70980
796246
497838
250591
082258
student#
690272
647900
480337
066539
warrior111
warrior88
639881
multan1
aer123
821073
9528
404162
64344
Super2020
87934
030547
569921
christopher
904926
991507
Ten69
037059
297891
947474
0411
972917
136631
468303
259281
166056
293062
898007
854975
503338
591613
179036
398684
513568
171754
035211
681219
334290
50218
504251
058278
816937
115027
017765
972180
497695
898183
054571
919402
654302
297187
780648
120615
595485
95634
795124
831039
373769
559350
09289
003432
942590
92393
secret01
839465
Red1987
026587
Music!
wolf786
765116
295174
389114
440066
222365
280390
178244
894938
670747
86121
427724
863291
516769
ULTRA
18718
931975
Instagram01
334466
837441
20307
517077
078848
423313
773157
031020
263571
581394
202026
80696
fahad77
858297
69440
902242
711656
048840
533159
290393
222299
616935
911020
434005
564487
943404
74452
61873
806773
078375
114213
adam@
99694
549978
583770
877756
159698
684563
877932
965492
667909
435677
857252
185317
152702
608256
535997
80101
291220
282865
993850
064614
050417
083875
358578
481382
569679
845295
432465
55951
339900
malik123
ultra786
114257
945769
923945
Lahore2017
339031
432630
6969
23597
39396
465619
220396
037488
979880
117216
73976
498069
411763
13328
080047
232485
37793
421047
745459
972961
56434
246609
2049
456357
706332
747890
251438
683760
152900
395120
9915
299981
603878
182116
167079
548922
644721
561506
33537
444092
943338
38829
76489
843898
Muslim1989
149094
698522
024475
974864
673420
317174
79856
773795
924517
179509
074547
867262
422807
028380
068420
53858
746372
909007
788590
098296
011121
383647
848133
907599
351186
956890
663465
466532
Secret1986
822195
116732
768251
Love1988
275407
017028
217415
warrior00
27720
90951
734943
998338
5304
07686
742412
943569
393151
637450
256784
40243
72002
73073
755282
110682
804034
412654
Youtube786786
134046
368610
035992
254804
177067
Allah007
194975
4866
50127
706618
850036
369886
242000
509036
159236
767679
894619
989967
728541
730092
167354
425755
76937
653444
13006
594110
528154
147642
419760
105644
009922
694045
035266
478588
74529
929401
211409
220440
843018
921998
276441
769659
566489
667953
084106
631048
783068
Water
239811
272283
453134
501182
445467
307406
817652
938916
606914
392733
674520
385187
0607
39515
40992
836044
Ultra000
694034
688446
583099
824780
437613
936353
53956
760617
193072
746680
932998
561143
944152
77322
DARK
965525
599621
549439
653620
1323
407132
309210
52850
715022
367477
540210
822096
898139
722326
82355
5517
7938
imran01
267080
341847
68495
164516
eric1
244277
914309
064482
973764
328427
829741
92204
78568
Night77
477323
423038
078903
136037
688655
785972
489258
853578
563409
490787
844492
496936
275539
286781
138930
376728
Victoria@
409673
155419
thomas1992
945263
122584
623469
054395
883718
540529
10500
959574
124366
305294
88928
501215
454652
461538
851004
449581
177672
846659
379731
437371
787138
485914
608113
Whatsapp1
775687
670010
484396
168905
306042
601282
0811
shadow786786
797181
408100
70994
5979
874775
419529
233354
260953
431244
3654
032615
672749
753709
Ahmed2011
Victoria1
38780
523193
498289
Frank123
Windows2026
240768
091982
309573
222816
605000
217503
345290
398321
395758
784146
omar1986
448734
344267
485903
671000
037257
210190
824076
223564
358424
108460
44135
860618
118008
757020
009856
22211
01232
719411
471328
218119
823999
181412
408936
68670
1566
42777
650430
717607
725395
karachi2025
Tiktok1981
585453
867207
454872
505241
739409
mia1234
38682
211266
233420
66318
194458
065846
817355
506033
45731
352253
793903
86030
88242
364936
532818
221683
652773
544104
381095
956879
783288
569151
76517
464827
311905
937310
574948
56595
032395
37625
95403
468468
0630
904992
120593
202554
254738
454817
090299
313566
413721
698643
932393
192907
236159
super000
443674
0174
162943
63672
295284
595254
563101
7014
user111
568898
801152
339064
69034
630256
726605
61243
538120
970937
727430
208857
047410
257147
232639
45500
demo1988
776171
549120
754534
010608
80766
thousand2013
902858
0804
681087
323466
14098
98847
57925
421993
84959
548273
716969
309628
198352
16926
255805
612590
343783
197582
757108
173514
234806
Joshua123
143726
84098
588478
163757
171336
35756
047531
184294
Michael1985
996094
093236
614185
748495
801119
Hassan1999
9816
maya
646316
MOON
372504
105303
239481
595111
779449
812097
652476
597773
237226
698247
07749
884554
037620
025542
177188
954558
585497
facebook2014
780538
51758
161788
547822
877514
214236
438427
296362
73108
19880
31115
26292
099649
004323
577797
967659
386562
835978
706321
631246
896940
078727
223927
linux3210
Earth@
037763
603471
062139
54768
422312
492228
504537
482130
255167
451154
539847
982509
603405
758824
muslim1990
530959
16555
070999
Game
848430
323103
254584
564245
851235
55566
911702
479864
553740
239844
452177
680559
643313
thomas1
508860
Robert2008
moon123456
058553
576741
411180
135630
096503
613151
60417
595045
412984
834988
54243
828630
934747
165616
271117
24626
baby01
68124
863412
934043
511797
612810
889581
238799
22757
43638
043428
288090
120483
858880
Usman123
969089
883025
110099
942524
664367
23464
824340
306746
297231
863313
106007
346852
842578
938311
082874
57757
436524
665665
556039
085756
ninja1994
Ali1984
171120
823284
622369
593890
104390
January1234
157806
572341
212399
942315
368786
three1993
578710
408694
903595
17157
086768
308638
409926
Khan2010
Multan2014
439087
396341
901054
413622
instagram000
008272
015532
924253
038885
171721
461901
170108
Water2021
691471
030502
dubai000
002332
726253
507375
881078
384494
17360
816497
655435
266596
57253
01729
01897
005093
227579
08337
771496
032604
689766
527945
82425
437976
717387
616088
850091
James1
126467
057112
Wolf
511225
school!
098076
80423
834581
486607
805981
887546
644237
4383
21294
151338
mia1989
ISLAM
666908
60270
784872
Iphone99
Andrew2024
39088
671209
280984
0192
706354
949190
107679
53158
580437
090420
674652
390676
919567
326172
085184
104852
772827
130711
588863
319000
531212
781451
512721
228712
hundred2011
paul786
320034
902055
924495
679492
787083
528693
275308
295196
399861
027093
595650
577973
05838
90909
642015
78022
118569
885885
hina007
windows88
746526
646019
003421
934384
820028
840290
924506
72555
zainabpk
363792
941215
127644
hussain2020
734668
379258
900427
749518
431750
531223
4665
535513
andrew2017
fire123456
891308
187561
336446
14924
425579
914859
384923
310605
930424
490006
233068
2646
047377
558822
1944
756019
27020
442112
906466
422840
Multan88
9108
017314
299695
7248
391050
windows2018
654731
853358
855272
tiger1995
399949
235268
292237
924132
70798
836099
Red123456
170117
143088
288596
490193
Apple2021
811184
169730
808588
114697
953425
05453
299354
446787
722271
465520
672584
294118
290763
300190
765677
523996
Police1
32956
3930
55734
621104
900482
89796
19222
508134
444466
608960
110908
23254
19838
0879
489071
896709
925342
030996
94248
00651
248006
3264
990649
543598
025960
866239
486178
017171
359612
018359
170114
572286
644226
566104
623403
712206
950609
19271
62643
965734
936584
170623
92617
8955
042185
620884
094842
14119
553652
377949
Asdf2025
633127
7221
052382
599302
572583
035530
888888
134651
682396
494175
605660
718179
824142
639419
218548
404679
Earth99
339603
eagle786786
322212
533731
420343
060522
780604
944955
266486
290602
30912
369908
582087
138699
813340
441826
70973
386012
92624
387189
400092
781253
742940
244904
728145
448195
329670
779119
923626
625889
234102
422565
938597
054604
kali2006
003476
shadow77
eagle12345
Facebook2007
616143
084436
341616
428582
364804
178662
67571
291533
592812
01715
610181
103081
954459
WHATSAPP
Game2026
472395
iphone99
573980
53165
299992
661815
24535
350317
879318
889933
393382
155320
38073
784641
492129
497090
13083
310520
0453
063591
349239
281556
258357
550693
562166
299772
138193
962247
172942
00441
221628
763004
75894
89621
74991
130423
599203
697818
179212
183183
005863
756723
IPHONE
902924
12789
132231
350735
01512
793892
124718
514404
2400
820908
682561
886908
466664
917730
604087
04711
03962
655820
467434
216051
308110
804980
109527
35651
332211
whatsapp1
Game1981
072138
190927
789008
4527
206745
652696
David12
40621
69545
151206
682110
077451
015334
524854
677963
602800
824747
364001
844976
190305
552849
753313
baby99
22253
64729
832612
46431
night786
847572
3645
293469
560879
202301
377597
492349
danish99
994015
901604
067738
605561
100045
313555
164505
043637
743545
108823
960135
42938
955306
110120
90265
Mega88
345004
65702
114895
895488
566181
155683
604813
004235
46620
431761
625548
180752
995005
010405
121154
271193
imran88
562694
999460
3051
384505
497024
226259
391215
718784
670527
matthew!
945054
567435
00035
0501
685102
368269
237105
43442
361823
984170
480744
178288
54432
92351
Whatsapp000
721864
122782
530596
lion1982
467038
198957
35637
284955
227821
asdf22
Scarlett007
queen1994
976789
250123
968462
855140
52507
Eagle
651222
677930
62370
058586
258170
607563
434896
2304
719774
46564
dragon1980
501677
729102
476883
906202
832557
10955
966944
297154
860112
051051
392722
332486
01596
257763
200981
762102
406131
181258
459096
475959
910195
712184
842688
897259
050688
73927
704077
325028
670021
Green123
973995
343552
35455
412214
548075
756987
234135
882651
127391
145970
739387
882112
193985
653752
24703
12222
Ten123456
341957
383922
571450
86303
294602
982366
zsdd
517176
309221
Layla
829521
399894
748935
633204
783409
206294
271557
574750
519167
247896
903738
706156
802285
753005
633644
786632
letmein1
320650
787248
337436
570163
086548
876557
215281
65149
740674
axrr
425051
502502
39291
303490
Gregory2023
20825
477994
271196
790482
33250
520355
Ethan786
480458
721897
808533
540815
451429
974226
934274
53872
940841
258247
190402
676192
115401
Thousand12
70182
212861
bilal3210
22260
397375
587477
Windows00
81753
829191
260194
949377
006578
010126
802527
051348
08015
905014
372889
45374
0099
896368
allah#
500808
258775
310288
167134
375155
47215
0431
00917
900669
031120
293425
016731
one01
394680
794288
437910
304029
626274
6510
180015
774191
0684
67088
575245
087076
902407
qwerty2015
070763
851818
502106
595309
949399
433807
547107
522863
430100
869330
781649
987041
94801
467533
037334
210223
757856
330418
955889
874401
795542
998437
499455
john12
138424
494340
969023
037235
338921
eagle1995
06678
islam22
7848
728112
887480
86639
814308
841489
54978
611160
377817
014278
622732
936298
225324
438372
480425
179872
852720
396176
122793
340560
4068
46186
82901
886138
7242
913616
796323
351142
089243
321321
702317
166309
26404
840488
689568
624657
908545
023727
989362
two01
392744
158950
Password1984
863610
752774
139733
077572
642752
962621
893288
72072
636768
first12345
683672
812053
972433
96040
800459
699776
352682
330759
839245
738562
Jason007
347281
211343
652289
152284
night123
639826
083666
465157
021307
704858
828861
January00
839641
781737
053108
043395
979550
53914
india22
018216
270798
31339
305283
3945
81991
169796
652388
938927
837694
Thomas1986
685575
877250
464783
309595
213983
Malik2023
770341
444532
365706
081730
095810
839927
785389
865381
891836
225203
226336
69230
790416
612634
846263
029370
675147
537229
114389
157773
642092
233475
480568
428384
620477
04613
mark@
542080
905146
356378
047586
124949
079134
761992
android3210
579062
260876
658152
91189
578424
1434
91259
Hundred2011
084722
831864
198748
david1
932745
441617
702867
r3d
student1984
927916
849035
Multan77
461978
951093
484088
291190
959959
587037
323895
Hamza12
574937
876051
Ryan2010
4110
269951
128238
971212
637967
01365
934648
102388
680020
28630
91357
287771
328152
812251
695310
764170
817465
saff
057079
173569
329791
489962
724482
049258
88949
364309
413930
635767
038687
69202
810491
19810
618079
017402
Emily2020
1mr4n1
Passwd2020
848364
5955
568656
526515
948332
493493
658779
366344
760100
240966
255684
113542
pass@
451033
366586
972499
928004
861630
395648
653862
12271
691449
857725
324687
698918
king786
732776
003641
67032
279114
355432
839597
656293
91686
246851
470668
141306
545963
690646
Baby77
469898
56098
117392
admin111
940918
74949
932921
Bhatti12
869033
850201
brian007
714549
657987
fahad#
268565
285285
580063
715627
070323
35749
352121
978857
719246
pass00
365739
demo007
204413
206173
66416
593318
398816
922471
500478
34405
islam88
701393
299002
532422
multan01
182699
126148
371998
first000
751773
026730
445940
356015
621643
231803
133782
134948
1368
860178
141900
519079
388443
121506
812339
62811
871728
16520
949080
7263
921492
241692
463430
70805
037356
602536
075185
927476
34272
835461
35049
154704
516670
892870
764291
963655
7218
20636
712602
148874
722194
392546
222684
242517
130714
861575
282524
749188
491733
5214
962698
04235
377443
tenpk
648769
210595
027192
466191
57211
364650
005588
352616
82110
855459
660033
wolf786786
950697
62307
demo69
639606
839091
525470
484726
485375
307340
561209
811525
496210
858165
842017
842996
Dubai123
146333
608102
201564
370502
Secret2015
493856
music!
Music1984
893552
113575
953227
005016
468699
160864
284284
996171
508178
491480
974985
044638
195514
Police1982
017567
Baby69
920238
scarlett123
021989
340032
949905
218977
487432
159995
207504
994950
364551
014190
185537
958804
526130
404866
083292
524392
229768
581768
466521
569085
696784
286209
224730
385572
625559
447656
412533
Game88
499829
216876
543818
7107
945032
549846
393624
590513
mega88
026708
691295
954624
010208
262196
741906
035618
427966
462132
976646
308231
110924
thousand000
50435
058311
Dark01
051810
190496
326777
193765
977284
windows3210
526449
32179
Master2003
161898
829345
97230
560560
quran00
337150
887579
748253
sana@
09394
091296
497706
Zachary007
980804
084029
439846
910789
Moon01
215215
61180
618332
767822
92995
862059
841093
59458
595793
653829
raymond007
250405
273163
857065
539000
352286
393316
878053
008756
242022
550286
576532
276815
678689
592031
670604
13160
1207
993762
345466
67172
954635
722095
855657
2859
070799
60816
806311
754369
378609
620895
882640
1026
qwc123
114862
450571
496111
230323
814286
191367
880550
367697
496309
4305
957704
847781
510323
Password2014
854667
902297
577555
352396
173624
595628
224367
james786
42609
709742
608542
842094
Nora1992
673783
170399
013277
819445
952446
811822
083149
890131
683045
767393
986832
931612
703868
879945
480216
673541
674135
322949
khan00
omar77
319946
014850
073656
458722
498993
185020
787523
25879
973555
796213
560505
369501
982927
788040
534732
683859
01834
824615
108889
656370
387112
928334
703318
940764
916289
170412
140976
037873
816420
pakistan22
090523
649473
105413
420299
393899
112365
200530
955658
811536
349118
388190
540276
285835
password
263461
wdcc
237930
655424
748550
492657
090396
890098
601645
649517
923615
143121
489291
842116
089320
419650
972554
112167
138512
104830
15022
547151
696520
567314
977185
606529
871046
338393
964810
385715
918522
032087
573782
836176
213026
366553
joshua1
533016
236467
409277
796543
626417
657184
986865
161799
76860
311102
157289
Peshawar1995
134959
20909
180532
010516
05369
949124
008019
908325
629992
welcome69
513678
741851
146817
652520
683023
monday1983
868318
6198
4677
238920
Music786786
379390
814638
810524
503492
72268
88501
849310
466411
74641
19250
52766
250283
862972
threepk
722304
Whatsapp@
610115
865920
35007
342947
44422
warrior
426217
Peshawar12345
948035
638264
576499
366971
887645
772002
141130
46641
421179
070311
500126
932184
686994
91630
839894
005577
858836
914166
94997
718949
024827
675048
796235
924858
468776
785994
697774
321849
1671
Hassan00
350537
809809
Hundred22
800107
689370
247291
6915
254716
82516
android000
327118
456819
832656
646624
jacob
307505
242781
867625
295328
779064
448459
840312
apple3210
94262
213939
546150
182864
797401
674685
630542
580283
854227
410366
190890
377762
543466
January69
280588
eagle2015
peshawar1984
707674
901769
209066
Eagle00
887084
627396
082049
836033
035200
Lovepk
080113
398673
249931
330407
69713
david
asdf69
408067
066979
079541
250327
231020
420453
963391
204006
456918
Whatsapp1981
500060
041558
Police111
419672
fatima1982
296890
066231
911306
64813
6567
890274
127842
873598
614790
207009
529991
446655
WATER
603691
782881
774818
401665
936749
598851
540353
835780
657305
157938
366828
93177
163504
918489
923274
550099
442783
257279
399762
845339
22582
62048
566918
153494
69447
619179
294844
477499
461703
837474
803231
135036
baby111
79016
272217
309397
691900
358677
953942
855591
92750
5922
418539
392403
003388
170566
757581
4290
257609
57589
300542
787732
777183
775225
577434
hassan123456
227997
098043
first1999
792528
371558
013717
438856
612337
926046
168828
39571
144694
882772
291698
342177
501039
47614
292875
612205
green88
Ten
207218
482834
460207
742544
520553
161062
481151
852082
599181
0521
072171
hussain1996
194414
686576
87353
283162
811492
Ethan1980
894795
Hina12
two2019
054186
165077
309375
184162
126819
503811
8940
774037
whatsapp77
019811
Hussain2004
09044
021472
209330
692758
653928
morning2026
203335
032186
408254
534138
353210
193017
91861
764082
451363
951203
30093
747670
3774
427482
425733
705276
57281
Ninjapk
546436
918698
496243
008679
194183
222926
977801
951511
05033
471790
771155
017017
Password88
357137
804166
565048
682363
491843
808775
533665
92099
omar2023
647801
ethan2006
734085
605407
242880
313445
332783
327404
787688
732160
423060
82733
457809
271997
010320
786071
3447
1326
547327
3510
239360
133826
9348
04270
595837
Blue00
98147
49343
029799
093049
201707
80150
588104
389521
533269
845911
057200
044242
953051
328053
144155
01750
182754
271073
4047
06111
186120
Red77
83776
72485
Super007
794134
467467
978263
099792
727672
531399
648626
113366
971487
657536
188397
9645
085734
585123
142549
728816
08491
104456
562793
905135
321574
563926
606815
892804
562463
459602
570548
552948
925463
753192
877745
946231
59136
290983
588203
454795
dark3210
412247
541849
427900
416394
656942
787820
886303
367081
411752
874434
836583
614141
islam1
Seven111
930127
59325
124047
bilal22
121814
246114
966119
96908
881826
386749
814891
787600
424974
103510
Queen1993
16331
782705
995995
573606
030902
045628
Master88
267707
978615
329934
674432
9771
353034
david@
416064
590062
091916
121759
959596
305217
652762
147411
425568
712019
finalpk
971179
356598
526163
232727
591734
414084
green#
736989
787369
93114
068827
Mega2015
689315
241736
588929
432894
011825
Saima2016
312917
241021
325094
65821
464574
158070
434951
52549
68474
Sana321
417890
752488
74599
000220
12537
739563
160204
897138
675400
931480
629618
468259
642642
677446
50176
977845
1545
326513
587532
175131
029084
434016
892210
054505
011242
808445
587378
245146
433147
647185
612667
575410
409354
willow
728222
144485
823537
293557
649308
956538
435633
411730
863423
Hamza123456
814341
jacob!
97762
098032
744073
935209
351670
635349
9801
047696
227623
22974
24486
40411
46081
963688
Admin2016
827827
Raymond786
843381
887051
One2004
826474
885775
836110
29470
062128
476146
993630
516307
879571
94206
tiger111
609235
604571
643236
715143
462671
139326
544929
682605
80507
675939
009944
546832
731236
212641
190823
music
294723
0612
257092
729729
470679
340351
557161
760210
061083
390742
240548
457292
171014
096833
9375
836473
04739
779328
919479
988350
867009
659351
7029
617551
446138
72919
600006
Root1990
justin2000
805233
771859
297957
832106
894949
241362
140404
718971
61439
3054
895554
412588
837408
light1988
097394
118976
70875
514635
Maryam1996
164934
803330
016401
035167
912538
10150
124344
856295
61103
07119
ultra000
421773
301367
175549
134123
366300
051002
931524
703824
557535
933317
596068
096910
69720
058091
481140
783530
384197
831567
062865
417439
437580
414249
029744
814198
49329
69629
510521
426140
003223
798732
241065
290037
301532
626758
1209
769329
973786
64442
159599
717618
20895
5082
277992
christopher2002
752917
301950
Ali111
459822
182259
26229
wolf1996
653598
332937
786478
152526
050501
366410
453981
10941
444653
337040
460163
108801
603724
389840
454894
779746
672507
911966
272921
71498
blue
091344
Mia2023
395956
084678
93065
846538
126555
74165
948409
163097
66143
454630
50638
678216
72513
391116
373989
272250
946308
488862
73668
612029
78134
0715
507639
last22
0207
049676
181566
314182
083754
188221
596453
554807
39158
138127
172590
092818
435831
671814
05740
862829
959871
user1
804716
587136
43974
62258
91378
502865
852500
540903
177133
Cool1982
739871
032417
418121
270199
235455
432003
61621
809347
148577
558976
194612
147422
122969
136301
070305
762795
027852
raja123
029909
290805
last2008
joseph2002
8154
737847
113168
092103
696707
38997
333762
082984
006567
353507
383130
884510
Cool321
790317
960817
130411
065857
32354
443729
257906
126247
507496
131193
263923
242176
3246
598004
391380
Hannah1234
197076
66220
634392
Shah01
698379
541640
172040
154407
741598
983334
419265
652586
863918
550308
46578
159126
014212
70273
424864
72527
83510
795685
2649
Fatima1980
445577
68775
Iphone123
336116
183425
067639
61376
710237
875171
438075
210353
863236
297671
110408
432828
723888
100386
161909
219802
875127
30331
210790
453915
125939
409090
144947
190808
896478
516109
8019
706079
393096
995214
879439
72093
facebook2015
680790
439813
307428
34265
342463
207845
last3210
519717
886974
805134
197681
30989
951731
71428
107404
823295
238260
352924
448701
662640
engineer99
90804
756635
144617
qwerty786
66563
281138
063514
193842
513755
76419
90489
Noah786
235466
880693
147499
207735
angel786786
28035
2421
779812
96264
677974
907225
485859
water1989
78603
28819
729157
998767
646041
679294
994213
700315
mark786
039501
516582
490358
051546
131461
151114
732974
43512
9672
layla123
948101
060687
369743
617111
324720
071929
103741
161337
830368
923923
657646
667535
199221
287474
483934
407407
860552
122672
750288
446259
89768
537669
805783
807444
339460
Islampk
455334
79331
849167
1230
649748
70000
564663
008327
750376
599951
467093
224488
692835
200926
358732
saima2012
richard007
555643
185119
817883
93471
637637
623436
864061
026565
970002
009416
952776
904365
564872
664532
090200
007535
565081
731929
442739
159896
557898
007491
91924
raja01
575234
8505
641388
849486
369171
731676
891891
031515
370106
35728
416603
432718
85386
646800
18725
501083
907390
645150
baby12345
91714
969177
748649
91343
557579
561715
181731
985732
085404
799084
387145
692461
323543
715913
739904
230926
829466
597531
537966
772530
785884
655061
703472
9999
410630
223872
492118
157014
817597
089452
940577
352891
346038
883366
339614
925177
939103
831600
Karachi3210
488796
522335
35672
5412
534490
BABY
167893
782936
43183
victoria1987
6030
250517
First99
imran786
253484
782100
966746
420541
940852
937002
078683
059224
Play69
874423
085580
079860
773135
710754
054692
613250
710765
863588
406021
554114
504240
386155
733425
Danish2003
6237
Khan2026
114961
362978
932261
063525
593098
219043
593208
352066
725978
790460
939114
511467
555434
Raja1
321123
381667
724746
350119
715330
Mary786
909381
831391
426162
395296
880440
413974
846615
638011
907830
869451
66983
775841
738793
022858
298111
chloe1996
185515
089166
44905
david1995
129822
195074
684244
298815
407495
716232
913451
Mia007
120945
01820
258599
541299
478148
585563
886017
284196
463166
376277
950620
672815
053020
066110
426921
551001
245564
504515
520608
Student786786
090189
79149
887293
014179
21413
444873
351769
387926
272107
Secret2016
088528
254782
563442
681604
436106
724977
021879
360074
070818
Danish00
278960
898128
800349
881452
11690
216447
716364
77630
995929
Lucy1
403667
470360
515262
268686
saima88
676731
Two3210
094644
346390
406472
65786
004532
981233
861333
518584
PASSWORD
678876
751014
12446
767206
980617
049214
442959
233717
750024
076923
265969
181005
751883
069905
479193
063063
shah88
117447
139117
931370
155980
553630
575630
0506
427416
334301
989846
614933
50323
627616
212927
light01
289399
074734
9537
389103
746559
370656
922295
571461
079816
795091
210089
738859
467269
033352
693572
875105
795520
577940
615076
500181
256531
277321
44226
077011
KING
015807
766282
424600
95298
72338
036069
55167
558305
46816
374605
282843
779372
175285
770110
955328
194887
542861
172843
651332
554741
132418
2739
365530
088275
090220
62965
188452
070906
997612
020460
581944
298452
817344
288266
920469
390687
396792
35315
822327
1019
394086
251011
January2016
13972
612964
048719
622545
129448
795102
Fatima@
945615
618838
574772
427328
09023
4497
010999
426316
899734
968319
913374
566038
180972
031193
206800
120461
245157
906048
035629
eagle2005
25410
940346
421465
800954
759770
699039
977251
603702
078221
542564
1111
905333
454861
87997
788777
471526
400345
678645
865018
76118
413688
538538
53032
282931
230508
616451
018667
997469
345257
684893
043956
340912
303688
2111
413732
google007
654313
956230
058322
921316
3963
310120
486398
zainab123
403018
964392
15302
628177
mia
05719
331166
Riley1986
535227
190333
172491
555896
705947
104665
265683
67872
058641
792539
96012
533434
494219
76104
827002
schoolpk
319110
login88
432432
577929
26453
538703
admin#
39991
93800
202081
369347
491766
149226
Master1994
music01
41020
117007
monday#
108174
776754
051766
233937
106359
301730
903793
968154
351813
Zainab000
264308
885995
Emma1234
372636
426250
259556
804287
83174
255695
Stephen2020
285780
074888
446798
135663
368896
700579
016269
839003
H4554n1
024706
143110
866294
794101
654247
677479
241208
496771
215963
710710
316547
912054
215864
06643
95655
276188
41685
087153
064625
905091
55181
James1234
018590
998008
339812
285208
642191
079497
382239
636383
67473
40131
121715
89292
970629
muslim
188903
50918
001705
689865
75747
090046
104973
632577
351054
905751
361075
281237
032648
77504
171026
539341
169268
988108
Sun12345
930116
594022
026719
756085
851224
One
955383
202202
Alexander!
95753
387453
322861
217228
652465
555126
471823
040557
290714
183205
253517
308429
912747
630014
awe123
708708
050817
540122
704990
441771
6525
632555
movie786786
329472
289806
52073
810854
209660
Root2018
567820
8187
287551
393503
305096
834042
113102
725076
563024
600149
982685
513689
44961
89838
390797
501435
740652
702581
418869
071951
209363
Hamza22
041305
January99
531707
153604
729630
480590
254419
969298
347182
2721
10129
775775
767525
512182
733084
239547
225104
230390
369424
831523
Play1994
876711
688545
638968
614405
sdrr
124157
011506
61677
717101
456808
330308
700546
104060
guest
02170
four1996
622809
Teacher1998
020856
235631
680911
030591
320936
679305
272118
009053
225566
63924
124828
611446
337513
734723
48699
578171
53v3n
736681
699523
519453
416361
080498
721215
21252
199012
321651
485111
441485
393701
14259
94780
466345
953777
283976
david786
077913
700942
002068
248325
985369
245234
370986
69643
396968
604417
Super2008
913429
004620
35973
065450
811272
048026
570471
017281
996644
118294
747494
128788
891176
84518
2507
429110
760276
06524
100364
993542
Samuel1996
742225
lily1994
527846
15617
015554
378664
417758
189728
105798
74417
10633
920315
567545
001287
98112
779856
412148
340604
598081
85736
004675
0831
235939
550110
teacher000
410542
224268
081290
876073
526614
684959
700788
013123
00070
030302
896467
789943
755667
566764
954217
388311
75355
176561
874720
qxe123
667161
818763
571901
709929
582582
473649
705551
553982
828850
34496
108328
994081
962951
doctor01
585024
630872
736736
46235
409024
177001
24997
292996
790009
326744
994807
103367
02282
70406
133969
674993
1590
198242
56532
375573
380974
96817
876975
906840
9807
429187
543499
206041
304689
737528
511324
325864
76314
795355
449207
091619
257686
283052
347061
987195
823757
053900
mega00
35161
Eagle88
453211
612249
68264
089837
733568
024970
101805
717750
449922
158015
33880
3762
474903
496903
welcome3210
47698
hamza2010
958859
879802
768779
185383
661100
772816
519244
736659
380721
19761
668723
447689
905828
381843
799172
869858
65114
304744
539550
zess
518705
729014
613085
015312
81179
359810
756096
linux2009
dragon2018
774312
502370
887018
607299
652751
43876
357632
161986
656403
040172
544236
8568
pakistan1988
360602
27972
071223
796664
861311
832689
7884
999823
750002
076351
879054
250617
599335
wddd
876216
51604
252879
358622
602129
335412
560703
311685
832469
378840
02702
854007
157333
721842
412863
708378
110506
040337
019690
939675
Four77
077660
zachary1991
998525
275759
123805
548372
023595
220913
194370
130905
965283
317856
Allah!
981629
64001
38822
504669
129382
334246
534072
Daniel2000
264616
090908
688677
31969
password2021
095436
838376
621027
857208
151668
309441
851389
735482
060192
732754
663311
964249
129844
youtube2011
maryam22
390335
940335
947298
005566
485771
588225
170396
xsrr
634238
red000
003201
723822
saima786
601238
68180
791208
250905
332277
76972
05663
mega007
311795
923329
320518
399234
36673
30779
770583
286253
092059
Emily2003
248160
863192
154858
412522
00973
211167
396396
499389
79100
604637
572363
146685
673937
539473
130808
964403
one!
217855
489093
658801
813384
637516
398750
250308
543576
270293
664147
302929
2302
392865
iphone123
edward007
535293
1860
734008
249436
9285
576598
790493
374583
raymond1981
9150
492580
Peshawar
46837
715605
339559
170405
028468
91448
416108
510763
66010
437217
391468
224301
825143
834240
stephen
94451
069641
407891
04655
491106
813351
790669
333014
871673
249535
587862
23821
736076
883597
ali000
74830
11760
1200
7962
40418
Leah786
297737
233013
9981
698313
101035
Four88
692087
46648
870188
Tiger2022
728134
553520
375320
173855
558415
735427
fire00
008492
094138
502997
night#
798017
564652
Android2019
65044
996688
937277
622754
green786786
windows786
215809
169840
Ahmed1980
587686
808489
894025
192082
18669
499279
503107
556721
121605
337832
peshawar1995
170027
doctor123
446534
56574
411906
074624
600017
474573
wer123
010996
646833
773377
214137
36967
65898
2388
Three000
658526
344894
019734
880649
463045
522984
424292
86674
20454
529573
724801
860585
173910
936793
9510
301136
845570
saima1988
Brandon1989
665368
qeee
065439
68628
198946
453365
95410
638165
940115
aed123
082764
green12
461219
170632
793991
209682
595155
407473
Samsung2003
609378
08484
148071
031614
545589
swrr
279521
26166
313280
109780
584254
844459
579909
472252
980166
07238
236390
834394
2007
005500
604824
783475
280522
400213
371349
8082
807389
99330
230705
119416
074349
324896
295097
299563
986348
Hello786
520641
902968
016555
21028
065494
036839
210605
992145
154693
728651
henry@
264385
210714
Root1
zee123
185878
917004
09835
875886
85127
864358
Kali1990
542696
695255
226391
raymond1
641927
055341
305459
211783
14651
sun1993
352517
151190
804430
757097
837243
900922
646162
080443
10913
237314
080157
757493
water99
442640
656315
720775
ninja2001
919809
424501
978846
533621
28931
Shah321
109692
4458
859639
411444
694056
313016
667249
144716
564278
861520
257587
969727
967934
122408
902726
618211
410927
584320
600963
mark1990
584331
305140
91819
802340
675598
512853
215149
523061
131857
439505
167695
206162
Ninja01
189959
125851
638946
225698
password1984
Game1
712426
314589
760815
256344
459228
715484
xwrr
457215
575861
75887
616121
093335
8304
sds123
890659
Angel786786
298309
3375
334543
43841
043439
927751
34314
119174
27587
123915
207966
07371
287991
259930
7059
404503
901901
928411
76881
040073
644644
850641
909524
141075
29099
448866
305602
146762
530530
330330
97321
194260
Angel77
279961
926310
12117
685542
134563
815188
825902
816563
158939
264902
369611
705364
758109
265859
passwd1
733304
198055
667260
413325
40194
347336
tiger1
81137
476905
eagle01
500841
373076
music2001
90594
977812
847715
016137
123090
412082
271986
694870
312268
536063
531091
533709
024805
506583
001936
527857
512435
tiger2026
936881
2308
179916
leah1981
493592
506539
532620
321871
230193
970860
263483
065175
three88
riley1982
450747
627088
615615
531685
803627
863379
732138
594528
723855
48559
680317
836341
625845
80458
928807
600259
363374
012980
852005
670901
567919
243870
997183
640200
123981
978439
938542
fire007
48293
819346
8424
425205
713911
822470
Dark69
694496
607717
285549
346137
308902
30730
75670
864006
439769
985644
4722
429396
299508
473891
090552
202169
13657
008976
150626
980518
452441
30310
281380
167046
634799
890516
718465
113872
262691
607816
26502
379896
129019
223366
647515
715957
300608
103576
419463
935418
840730
947100
Qwerty2015
870056
Ten1983
239371
055968
560120
744304
123343
983631
637054
526053
459734
886578
816442
password123456
086284
739299
100155
18942
377619
356092
037279
32186
529936
452276
grace
518727
656018
239217
54040
023100
aurora!
555093
985292
756437
976371
115533
User786786
616418
458491
888998
277112
74928
896016
212685
570020
693803
86576
752818
112420
706288
041646
500819
905069
65989
371250
236852
55125
bilal786786
207383
932602
113289
376068
132616
539957
651464
583869
154011
503701
135091
39221
07490
373230
862312
195195
766194
188243
10927
698720
400840
547052
865700
28469
320364
173767
Wind1992
899349
641014
Tiger2013
477081
741389
939048
zainab12
936694
super123
581955
171096
22869
033583
Dragon01
774950
Pass@
174823
052701
36533
164725
103642
849882
95907
927531
836550
357896
897270
khan!
ali321
575366
Star3210
667975
Thousand@
208670
7284
251126
8541
2673
33446
592801
296054
088374
17514
41209
506055
27244
350306
sun3210
238612
00798
661628
958606
791076
298287
004301
477037
862862
853050
210608
310996
763499
14014
thomas1982
323400
368159
001529
10773
501578
340934
54047
365255
islamabad1234
48538
42126
132374
902341
785235
090108
036927
673717
695123
204963
wde123
306405
408727
986887
8646
828058
076912
59920
000374
engineer#
ahmed
483120
798644
515746
501831
8460
677688
634271
1557
55664
700964
702702
596563
912307
971355
205722
316855
759858
621324
738001
335071
49266
matthew1981
585376
609664
597718
Earth1
04487
975755
852775
084920
915959
543422
652993
785158
43127
asdf123
14560
044055
208736
577071
636603
879648
873928
785290
819500
530255
042020
519112
240053
011044
103059
January786
469293
867460
527120
272338
138028
513909
203115
299926
039633
102058
23107
412027
178332
860541
802098
668019
615626
639012
361130
158191
979770
986876
ethan1234
471746
018205
5817
712140
824241
664433
775533
Robert2023
seven123
084084
602349
649836
378246
883245
286407
467148
573672
401027
202851
264594
331485
585189
976932
36946
985182
Samsung12
love1983
033913
023628
245058
141174
153890
658933
104764
160270
575058
785895
440759
001309
848254
934758
224576
67774
290514
402039
981464
486739
angel1981
770264
029348
85729
612139
349162
781880
729432
02583
Fatima69
160006
050391
692934
554818
957638
pakistan123456
380710
500764
531806
928224
547195
201905
Ali77
811767
733898
22435
pass88
806971
66346
952644
598598
2043
frank
zainab
467137
81067
044319
school
608784
981585
194194
351703
155903
222387
667326
647405
571120
509872
301158
Cool#
239459
649968
986205
322069
336600
980881
422950
500753
197725
544786
161634
976712
435248
814616
748099
965184
885764
994598
7968
904519
695057
050502
abigail2010
40782
453827
Maryam88
459250
865172
95256
406406
467335
580019
994631
839366
725175
School01
72765
289960
287265
419496
171006
048499
541123
162954
94199
370513
222695
687181
996589
2529
868087
353012
112079
732677
284372
998162
987074
730213
850839
902902
884290
601942
Charlotte2025
672375
Matthew
096899
504031
311196
674025
Android1986
480480
41384
433686
96593
664081
173745
364826
111815
688688
Hussain786
4491
652267
241274
685157
242605
822668
840180
745580
49427
415800
916355
394988
1518
348931
Maryam111
339130
438460
587873
188947
81529
751685
900856
saima1993
559889
143451
16485
154869
345972
21133
23205
470349
437657
382756
340043
812020
82761
637802
703637
49021
07147
667117
684794
635899
726275
586674
702163
150931
899338
080311
20251
563794
917246
636053
114939
176913
777535
student2000
191851
484825
95592
844822
91875
250999
24171
717783
703428
766117
114268
137588
761035
220132
675730
959541
009988
894311
24920
2268
990528
60424
572913
270914
043769
8607
719389
795553
666446
607134
84175
728783
124333
803935
88116
301356
59710
five01
760144
587356
933174
756415
736527
MEGA
631433
07553
20622
833635
28903
725153
343838
676082
614240
116413
Pass2006
Kali12345
072919
66801
dragon1989
54684
732644
543015
450043
619168
496573
316734
Ninja2012
76923
03717
767184
766700
665401
951753
101266
485606
492140
718300
351153
235741
231660
704242
375947
80339
794387
393327
033418
683155
995885
Facebook1
599830
42861
47775
linux123
427130
613525
620114
Elizabeth1234
Demo69
669592
96334
295163
949091
Warrior#
239415
kevin
661661
130805
151111
105490
786115
522533
633688
538131
00000
130914
872795
21098
446600
504790
644677
781429
332618
092521
621786
156926
611182
8793
641817
635162
069124
388223
672155
1092
71316
074107
803242
466048
8478
105897
Star123456
412720
433730
93898
720126
594297
143473
132550
618189
987580
211574
816101
923813
6150
909876
642774
720247
morning@
744645
657195
404173
346896
651585
855723
011022
Google@
489137
677985
One007
39921
096272
388179
773520
388300
andrew007
328570
802923
paul
257499
907775
Sana77
331859
948354
Hello2022
9204
1281
354684
739618
990737
032516
644215
920733
671066
655138
sana2009
297583
262933
161040
515394
965008
573463
Last00
352352
10017
814473
278696
35868
517187
312400
607959
720830
514415
129360
213488
285736
76279
208483
842974
0885
785719
dragon1981
478852
65751
230802
535480
540958
Password1989
588137
164483
030151
288497
804991
836781
339889
058333
george007
earth2017
1275
596244
652069
517748
800173
Olivia1985
Asdf111
411279
335170
540507
232925
395307
218471
484814
264220
646173
179520
897424
469953
204072
174856
536635
Tiktok007
allah007
62587
285582
254452
714131
191939
Asdf69
quran1983
3885
493570
702460
575113
170368
902671
238282
443597
622028
19019
danish12
39760
310408
863709
188144
952963
engineer007
721391
010318
414854
89439
656535
787435
109252
765578
041569
293106
13615
sun321
249128
955042
866019
Evelyn2005
450384
Shah88
540254
3783
321805
575003
54292
930259
479281
216315
867702
457600
53599
602701
376057
286550
215798
629343
bhatti1999
130955
173261
398299
46921
39389
Dragon786
037169
396011
718520
239272
046310
8706
484550
385814
236687
8730
266002
384219
68369
88739
322575
072402
318175
372328
09114
707014
wxss
429792
151008
577918
637109
946154
627220
28875
41888
544115
056089
580316
933801
20286
476432
Gu3571
436876
31745
sana00
884312
698863
236874
106018
941380
497816
608850
137071
14203
51324
891088
362175
799964
706057
Angel2017
3060
559977
44366
524744
Sun2019
177023
017325
bilal88
375771
489335
26348
315865
324412
331023
121847
anna123
123497
003080
632082
112068
050336
094897
928444
3156
02905
monday!
28602
951038
241153
255739
343563
36183
081675
85344
3648
097339
829455
895928
669086
974589
079893
386507
2214
299112
073436
622061
303556
431673
011211
271017
006127
Seven@
340890
661573
56385
011847
Blue!
210474
332970
927498
002376
7470
57722
753049
731533
948805
69307
130993
571274
566093
914804
392975
276804
577742
january1990
47838
528814
294800
549604
254694
687676
433268
153692
Charlotte2016
339328
489192
7446
009196
562727
609620
923747
855921
674410
9897
789360
Eric1234
xes123
668635
8961
321222
421927
252824
353837
058124
069949
029007
479457
424611
three12345
560857
433070
372779
811140
314820
468270
543664
830566
683100
313709
860321
825957
953689
412071
fahad@
520718
697213
406098
070193
538241
199342
077253
973060
829950
563211
597179
83629
39788
ahmed2005
262603
90720
013926
250052
monday
118657
039325
willow2022
849178
570460
65716
00581
523160
381414
933559
871145
472142
19201
9480
085602
350064
363396
860563
546117
84602
13048
942744
368214
820853
326128
211068
525690
836418
476817
708268
67298
867867
040513
174680
835010
401489
551793
241725
Andrew@
31101
558283
741719
17213
852049
625108
46704
18312
movie786
091542
604351
elizabeth1981
730796
12544
143946
311663
077176
700700
030111
848199
water2014
college01
375419
95963
291202
513018
221452
589435
573023
4587
961400
553278
871343
234707
195052
611061
Omar1997
763367
133903
540606
0462
904981
702592
935550
28238
936760
145035
871233
788920
838057
Water2003
018238
991034
school12
519629
538571
021637
210690
730609
71449
222310
050996
520014
104907
372933
1107
752257
084018
GAME
946979
887502
524260
387244
883696
670703
024233
17864
Muslim1983
539176
karachi77
226765
935968
47152
thousand2016
510807
112332
907346
350911
719103
36078
Fahad1995
30695
657107
water2021
468545
335929
Ahmed1981
31577
934417
910877
559042
888481
434698
30772
002288
691438
161018
55041
hassan000
450153
010108
556787
13622
71435
266805
748605
505208
170314
184866
248556
600743
263362
550913
869682
29736
264132
60970
869473
pass786786
079805
532334
617496
055473
Andrew2021
066473
744436
Angel69
007403
175670
321629
226347
839322
071090
58429
717002
753665
0711
139535
563849
866173
034969
123827
723668
867251
85547
796180
495550
441375
043076
Baby
533225
306647
991969
frank1998
Qwerty12
270202
1284
562980
715990
935924
38969
737902
766304
72023
297836
380413
469326
310726
Ten000
019525
573628
342782
253737
669284
482548
Test3210
9459
774202
443520
9225
250503
396297
Eagle12
347567
game2026
49784
381546
409574
070147
960740
three2003
Student1986
701481
74543
902561
943734
10906
74669
463826
882354
746757
95690
859419
925661
228184
wsf123
010406
14308
Ayeshapk
sdff
012826
402688
443014
294041
678931
172436
306064
728035
590447
8769
474562
986216
308770
7761
159379
426613
834570
320628
414788
password1983
103345
734327
183678
313753
Two88
218592
405581
319638
982377
254925
009097
57225
45339
73003
999174
083622
539594
353078
695541
563695
941281
143495
9333
two2000
00742
925012
pakistan111
534567
496848
262669
837463
97062
wwee
308748
Quran12
852918
Play1980
669009
113553
376244
062667
236830
admin3210
last123456
392018
303457
welcome2002
745228
17619
030228
406450
172216
155474
647790
106282
957660
1395
076516
971597
361449
secret1987
947958
jonathan1994
160809
5247
367906
489632
77665
17703
285494
152504
037037
Ahmed786
313852
334345
387398
57617
971751
437503
47404
156893
122133
19215
942348
861014
359601
449592
black123
03598
515097
720632
994675
971267
steven123
86807
363704
512061
887601
708521
057068
493537
424259
696135
941094
337645
291002
492107
141867
924572
298595
372438
549593
585486
548713
577225
863786
lion1986
613393
25123
193622
090217
02114
341033
569800
585079
imran#
320177
98896
777326
821271
408650
333113
080707
913242
868824
633072
40446
485617
977746
882552
985149
846978
022561
820501
847176
261492
782331
Muslim321
zachary2006
81816
489181
64470
013640
030976
3888
473055
247104
105666
30660
015543
232298
890219
27314
427570
892298
260832
423225
569272
290693
6087
422862
muslim12345
278916
515790
389873
411411
25025
26887
814726
499609
login123456
398079
342595
650210
885247
633292
710193
698082
93884
979957
850476
2787
261063
7323
1305
680141
083589
093379
315392
915035
426954
03787
38479
02562
619432
lahore22
Pass!
431772
412852
Multan1982
477873
742753
55895
359491
565543
724779
542619
700876
796081
074327
072754
378147
335698
734404
508442
Aurora1996
islam2007
614361
368687
69146
684541
26747
9321
296989
975348
211706
32025
16968
9324
414227
309551
6297
725494
194271
912593
537218
839850
070317
064196
alexander2010
Jason1
63910
318153
Three786786
382074
456104
564949
january1989
Android!
Muslim2005
932723
700711
405119
877382
211090
52808
601821
716408
044132
558272
queen786
710600
885731
022506
828729
406813
242440
840796
752950
075031
486761
035002
901263
593329
Angel000
184228
464431
583528
740916
257202
674927
23730
775456
839432
508288
627352
758527
144199
29022
231105
268807
489038
531905
474925
robert2004
462462
634359
921525
Windows1983
47054
422521
india111
964084
7821
11564
Demo00
135124
304623
411235
67914
82957
827882
070526
520388
Play
paul1982
466862
922416
408210
566863
685652
741334
713405
762883
607189
791989
870551
91791
361603
364067
759539
passwd111
577478
744898
772640
0712
810997
Love2016
875963
320386
206767
263197
982498
357676
193347
210302
506022
453090
362252
294624
34839
4050
557546
023463
883036
548658
846494
allah786786
019019
270028
713669
13825
010290
168190
082357
713658
654742
Aurora12
957781
willow1989
45101
556699
675378
533830
329505
497453
537735
548130
096591
071038
185053
024090
64148
311443
250129
Thomas2022
19768
964579
483769
Saima2004
181313
430562
6555
835582
034903
597487
145618
791439
005896
316030
011957
80815
4071
230450
230793
703813
031064
457853
9918
Saima2011
442871
Water3210
418264
500885
23415
533511
movie2016
Guest1983
382492
Master12
86296
John007
152911
639309
57351
475585
861949
820523
morning3210
60060
051099
059785
621973
161865
37499
152537
536569
8379
521950
f1n4l
Guest321
472098
889273
274736
043450
11578
67788
080355
695640
051260
144639
839564
855085
facebook00
601051
31822
104775
239855
6084
946924
124872
478731
919391
283030
817740
733887
70553
violet007
332189
500401
823196
final88
059807
31367
42630
161095
191191
Khan1984
935330
035387
8331
Quran22
qsee
33082
150614
21658
451704
579744
star@
854799
542344
627671
48006
177463
799601
376761
706937
386298
023683
400807
564443
818873
418726
254529
496419
58632
768669
muslim000
119042
967395
565620
647460
575696
480282
game3210
503217
763818
434027
812042
359700
Karachi1982
651013
754391
617793
619751
271029
728354
04480
277816
747582
498784
24521
49063
106623
217206
968528
695409
547943
15267
928037
272261
anna007
546359
109098
861157
630608
super00
797434
Pass2015
653917
781374
967813
576928
572550
391017
2874
752224
hundred786
705353
777282
472087
ten786
086273
170258
045001
Olivia12
96117
17906
979022
611611
086812
578479
697565
540166
238095
Ninja1
59731
916850
841148
92127
349580
781891
138886
39865
Patrick1993
52892
661969
874027
261140
273757
792803
606760
41566
Zainab88
688831
140393
846769
89264
830269
063789
684574
Mul74n1
926706
058289
391963
814561
091168
025399
551650
092961
740564
one69
344344
107789
513205
555016
351868
seven111
09646
898392
02163
thousandpk
399256
IMRAN
499334
thomas2017
704495
726924
94654
34874
072611
703835
338492
42679
4752
898678
301664
eagle12
Victoria007
love000
371602
392293
690503
211354
508321
286154
444620
551177
517341
121352
007964
608190
867119
l10n123
811657
402666
906873
186912
509333
200101
983466
asff
17059
571241
454465
332420
801526
56462
936210
Brandon786
514426
9798
474408
259952
158268
065285
117271
471867
716562
749562
451539
085074
179080
095040
226028
855888
88536
Danish1
113641
887425
024013
169939
150211
847737
62209
google12345
999845
275209
09079
15274
686257
493988
989813
310620
893178
629299
demo321
617023
926178
497266
418000
795443
055011
916806
737792
586795
007007
628012
011090
419408
649539
Password
dubai01
20930
410157
samsung000
062953
610731
618816
357456
490556
580349
057717
430386
236577
509542
721171
793738
95858
357775
Charlotte1983
asdf1991
Play00
394933
youtube01
902891
497321
138347
263219
886622
16989
856581
Angel111
912604
53900
Hundred00
097944
434313
821370
411356
117513
909667
645381
785301
07217
419342
720951
034067
Facebook1985
Hassan88
576807
369457
41188
Mega1234
895125
386991
2403
640871
75684
523622
169774
844833
506924
657888
049423
861795
344641
112629
122243
111210
06748
693385
97622
648494
499983
060181
144606
659362
030294
235147
094523
245102
800855
743633
43057
521081
zxee
115445
374264
4482
271337
961532
03311
Guest111
754039
30982
924825
569459
442167
932789
713438
910118
580415
Dragon88
160336
7206
272888
69293
ten2017
335335
210596
619146
102344
Whatsapp2010
4395
056782
832128
06272
581086
022957
196834
619421
478896
4767
112728
831754
933999
14315
277475
291016
Light1
1482
591547
948211
476641
598268
201520
216920
518243
161843
021043
532345
453178
193644
009295
Olivia2004
061963
anna12
98077
919919
621533
176847
812746
361757
277684
609510
786104
420079
288024
930809
024607
092235
root786786
939323
476696
551474
592493
378301
683177
118613
426525
133254
100199
462374
040282
242099
564608
015994
731082
209440
483615
27524
678920
172073
13188
478313
131296
803440
761497
187825
092807
155012
393481
785554
659417
972301
500918
152372
ahmed69
580800
817564
290950
Ten321
51331
767558
011253
274351
286297
Wolf123
Google!
182710
5928
663267
280093
610412
629662
194359
750508
45640
Ultra77
school22
234058
531388
Thousand1986
super12345
88151
464145
207680
631840
219021
775016
952721
Facebook786786
896742
404602
210111
852390
73444
288717
83685
128601
323279
510180
Islamabad77
629222
121011
971619
374451
393514
060038
ali786
984841
492646
925683
542663
993465
644655
290422
211205
363880
35098
716309
271205
028534
654588
127347
Engineer1980
919160
989703
616737
7542
6249
546766
557832
Test2019
973984
676863
410806
118833
408496
925760
105952
390555
730554
717948
757152
0837
69279
728431
827926
748682
Seven99
10465
261756
576103
41545
446490
442321
00553
india00
145167
545699
905465
130031
249370
389994
284416
59514
951225
919853
261855
7101
775346
929467
Sana99
ali007
835604
745008
334268
373120
058619
689689
581625
755084
932283
613470
123772
986986
Maya
401500
Youtube22
414315
146707
158906
489489
921657
001628
050556
161711
4863
Karachipk
Iphone2009
9639
582417
633666
476927
139634
718927
272448
801988
723723
427218
071111
760078
279499
5034
583330
848408
262075
000913
666094
688138
44821
688204
149468
523611
496793
sun2020
144551
419925
489324
825660
997524
wolf1995
119658
370337
08092
230502
445324
869088
00966
1197
Five00
456709
067375
Raja007
83783
19460
741081
moon1987
055627
michael12
683012
022759
357434
263318
Eagle99
767888
936100
seven123456
919974
895202
742456
25221
379071
718256
4062
04956
6057
554708
4ppl3123
Joseph
559493
0625
83580
124839
118910
277398
507012
36043
866855
887150
michael@
991562
491238
college000
90377
603768
575256
8034
177276
929456
668591
318252
661749
Five1996
119262
94535
949212
042449
694320
984401
943866
934912
62552
849783
college22
090717
849981
131123
185812
511489
948772
181324
824329
95830
112970
admin77
819632
719829
941314
773949
170223
747571
288233
856207
878812
677908
296681
79205
983389
740410
xecc
070994
268235
593527
556842
019393
923538
203126
331133
586553
632214
788799
030114
989505
421696
022220
india1991
521059
Black!
107767
855327
53347
759462
771408
252098
333872
650221
014872
60165
0104
49091
933680
547745
672485
953293
13503
751333
814539
Omar88
560538
603493
339427
648483
399795
Youtube111
mega!
979638
636185
98028
394394
900108
781539
342210
944141
274417
Raymond1234
100265
05425
01001
846351
66374
891242
690778
26061
866602
312598
443784
163185
610379
189079
787006
068013
795421
22155
489126
080003
willow1234
511940
410476
818686
115291
929896
0855
881232
173173
653796
monday2004
richard1981
432740
664268
357357
zachary1982
38150
lily786
401544
740399
997271
119493
987855
99925
182512
747615
268884
Hundred@
iphone1
shadow@
690305
233178
389851
5685
270875
880396
12229
452760
541530
80563
190717
835197
551870
530717
206811
453750
Secret111
286165
970739
291896
470745
1020
52521
984588
687137
548647
711623
385099
137423
794167
501556
802131
04571
000231
404063
378653
786324
One1984
254518
050320
47544
227557
192808
190617
967032
786984
197527
642323
283283
Movie
419584
992981
300905
497904
732116
967615
google1234
160798
527714
0957
826958
575663
997293
968803
570724
974017
135289
698665
945494
scarlett2013
273878
703296
karachi
698467
728882
623887
581691
998404
066726
522797
158829
313885
2271
707696
703373
8448
887832
715066
528704
748990
901395
248523
chloe1986
590249
king2025
73780
31920
464112
8106
897380
055396
63791
373274
259127
124729
219461
514470
203401
644479
24136
88956
School99
824989
Omar1986
992519
573771
775390
251053
795487
559999
210683
269269
4590
773938
874412
Leah@
887986
715319
955757
080201
241439
806751
7125
998085
6399
736142
43498
44359
945318
550935
294404
688732
878581
913517
392491
697466
298507
287386
004246
664554
213422
780263
087989
852654
181357
288167
566852
364892
330957
January786786
067650
716254
27062
41132
754963
633347
63182
720995
150150
645645
83363
043021
775764
zachary12
776578
87913
172975
901340
031123
164923
Earth69
amelia2017
47978
23996
93681
237754
774400
966383
251174
14392
416779
030293
149952
478390
753885
750937
004202
079398
130514
470503
410058
171413
990319
013255
Ultra123
4017
038016
197340
866470
150711
875853
283756
39739
18018
139491
321772
032483
43960
265353
992398
970332
34664
685289
832095
917048
11263
198737
885214
441056
097284
15827
191598
82887
550715
Ayesha786786
219010
252010
169400
772189
897325
android2023
142901
217646
578402
40285
536921
434071
327371
354662
715154
Qwerty2005
warrior2009
58961
555984
868197
865271
065648
392656
668096
545171
247005
789635
027302
076054
466697
47264
Morning007
042482
91966
238557
494846
800877
076758
608729
191752
hazel1234
221034
224840
1695
894344
090690
079794
3927
898535
50533
977724
39214
749617
999394
27545
396110
719763
841478
999878
333234
544126
371206
216359
710677
251845
496749
999152
380072
137214
657019
015378
991221
961598
294426
726044
572352
172205
658955
399421
042834
893398
770715
Sun2020
473363
green2019
135333
667447
351340
577192
597597
111936
782144
624503
064361
668580
629926
528418
425018
769571
53368
825473
798523
731797
730719
084117
656062
944867
736483
king2008
00406
475926
Robert1234
Usman!
094281
288893
imran123
902044
918082
842523
725472
920667
628991
morning00
843128
0201
758791
846021
523908
877085
363572
790262
738177
008195
823350
502689
Five@
17591
270116
828531
899811
173415
044627
008965
928059
568502
786192
334983
200189
992827
080894
582043
633457
894465
189761
5559
316404
681373
568524
514371
328801
301631
165209
962995
Shadow01
470525
Shadow1988
061424
Moon111
674762
264649
755579
8370
161645
1776
859551
897622
91707
008734
476685
doctor
530607
629475
87871
749364
14805
934428
321816
596651
86877
533368
704198
scarlett!
144133
320166
mary1995
11067
860277
636416
683606
335720
04354
872223
elizabeth1
664235
guest!
135212
105215
788095
487322
191521
375826
1713
450318
641113
672309
475431
557700
488972
230520
03857
68880
496078
48300
595474
930974
956736
571659
505010
845944
01792
415679
Qatar111
184118
258588
91665
250063
262394
008701
0701
102421
Earth88
417692
170490
807950
7722
04144
283712
844404
76811
084711
225071
996545
muslim2026
317284
720379
951896
826199
418066
207229
007150
794871
First1994
215017
471218
925474
569250
287452
Allah1989
178739
737077
285747
595419
673046
832150
193963
799832
094039
32669
522929
619839
453882
master2009
574277
1108
082786
830324
241032
363539
63126
952182
687940
339229
902418
425524
000363
133111
873356
754083
436898
game786
847407
099253
sun123
662805
926838
491315
735405
393877
519354
552079
634172
22316
827266
299046
650287
452749
67529
38087
172766
689986
676027
723778
935902
055649
553806
902154
150917
029381
276936
818774
555918
301477
769967
815463
891825
602074
910030
mu5l1m123
065780
492712
74214
783222
22274
852511
welcome12
293282
512479
030503
40495
91973
000561
649253
685036
omar88
026950
055440
323873
642895
495605
492910
612007
974974
63742
003817
819885
152592
138831
207603
589061
Baby2010
568931
908842
Islamabad786786
734910
sun786
four2020
saima
178761
150105
0315
730125
549219
314985
611875
302016
630861
lahore12345
411037
965789
sass
064416
316272
453739
152757
888019
648791
530211
test000
238117
lily1987
992310
190826
825913
716826
63756
392029
621632
wh4754pp123
youtube00
484352
Warrior77
872520
795498
177562
724405
047322
71085
445126
688754
016808
804749
853182
358908
306889
771617
285978
403865
0348
08288
083028
310199
297440
570966
370348
6105
043703
144188
309958
08316
7986
799117
7116
375617
windows22
133859
31731
135993
199595
qatar22
153043
79653
553465
070950
759484
969430
654236
187231
358391
212971
imran69
228822
Dubai2003
night01
838926
243925
hamza!
599401
thousand12
081785
571263
290675
963567
954712
238755
ten!
370667
457963
976866
450296
bhatti69
559581
290708
04004
772387
64883
278619
shadow2002
448327
770836
889416
2442
446556
413204
524601
136026
904035
429121
710413
452111
840774
106524
715902
003740
050217
888723
568469
457897
42364
94332
896544
444202
012815
010896
248644
658691
448030
690690
278685
181841
364155
431948
016522
493889
213048
429374
331991
822162
66843
985776
Jacob123
431497
692692
822712
931689
973115
97601
921173
7920
595892
7578
423852
858979
585640
634018
788491
155507
Five#
03913
640453
67011
298386
170920
485100
007799
110311
347512
020977
108845
015037
966669
181742
203258
355113
master1989
903397
674806
41118
108999
227832
453156
833514
487201
925078
956395
790955
405526
919633
483747
414733
332046
392535
640772
167871
962335
04690
140536
230893
76580
058608
067694
452496
330363
558404
087637
Cool007
703241
540177
101981
562078
394999
441122
075592
441716
006204
209253
89992
685278
252461
Final12
782419
186461
karachi!
024717
004092
8139
291544
510862
130878
383658
325138
391061
648054
667645
578006
23856
832777
787743
matthew1234
304271
Seven123
962962
08617
979132
939444
127985
8727
148764
238535
815826
26929
640904
0504
50988
327437
713339
051183
wwcc
829301
480876
eagle321
987778
612315
626692
289179
72548
047223
728508
31885
041173
islamabad2007
575872
85953
512787
DOCTOR
quran1999
140415
223201
13237
351681
205172
33341
396363
949762
256366
716122
432278
322333
770781
909216
013937
050600
236192
507188
51436
509058
083094
721138
final@
415591
204446
931062
417989
327074
365629
679481
385110
472791
Khan88
049874
mega77
30814
586069
310914
139084
52360
38500
318142
923252
253187
783277
064427
057585
202037
956054
805431
032274
531718
81956
888085
438592
665797
650397
467456
035123
676357
750772
93506
847000
008470
706255
615516
369468
660385
84091
020570
82880
658251
607739
236951
702009
96796
56875
4113
432927
335775
907401
081752
358666
270405
107085
535744
Samuel123
146905
842853
319429
raja2024
Malik99
LION
488543
678161
74431
877349
301015
70091
02401
308792
768207
051161
019987
96971
328207
938047
022396
14343
527450
786247
051381
79541
95235
876876
600138
290214
459393
51450
331122
4749
459558
617804
485815
421289
853193
12320
948662
491029
87255
821568
172480
908215
219835
404316
613580
Dragon!
544390
452859
5841
816904
397716
090993
138776
033209
197274
671198
995687
multan12345
mia1995
94374
34167
maya2011
098285
672892
317625
828036
190553
731500
777392
262262
591305
074305
347204
205568
428120
230820
393987
518441
607926
14196
313544
170137
754259
250890
895334
081136
872883
851620
216656
968187
663773
162866
161139
731137
7905
299838
870419
5283
80591
22848
130042
231539
928697
478159
101486
475827
970442
211020
701580
505703
440352
354431
Instagram#
405702
290520
401709
554246
056155
918808
841126
189860
497662
627957
1554
612073
219505
565763
Doctor77
ninja1234
840378
885357
279906
200409
844272
466279
233497
doctor00
661925
638132
stephen2021
987459
834196
867064
244893
394647
635261
902990
166771
950136
938135
753698
39102
518111
015213
083831
020108
Shah00
845867
487179
989054
250223
541145
11242
466994
957187
792319
462341
056045
79520
885808
390588
618376
832216
784597
Hussain000
882618
986414
676005
351593
484231
Login@
34853
643115
059290
85295
138754
11116
281160
824197
218394
138017
619300
158972
508167
440770
984599
387596
668030
238634
31402
499807
359018
685267
195866
1071
00077
290920
919864
219714
067672
122848
268444
797236
890637
38752
130602
705100
241120
346071
385605
77427
98056
3210
957836
270917
943745
929632
259699
963303
blue2012
621060
400609
401610
930996
709214
464607
944900
001672
399575
53606
Demo123
775808
660550
946517
148247
user69
71701
049665
771210
228228
915871
083974
455609
04053
346555
49007
646789
854755
428263
952347
Ali2026
966735
240416
586817
661122
417428
418946
234718
552695
318824
651266
203192
167596
100067
210699
952512
551155
243628
247731
210293
College2008
755623
violet
Police00
805607
683925
358457
368654
110957
246015
054714
12089
749485
614317
86793
797379
60508
579150
water1990
124674
329736
686301
984687
646767
36155
63105
48790
018766
805090
703131
373285
783255
844602
649638
076659
989648
390434
229130
636471
647295
204424
542234
361746
140866
105314
846186
02324
Zachary2016
435567
858440
135454
435721
4935
417560
170467
294316
533467
249557
135520
237534
843040
782672
268961
9660
743743
scarlett1984
201080
277739
295900
842072
63581
110702
909161
786225
946055
M4l1k1
982872
ethan1
620686
Wolf2008
063294
719257
061094
501842
152768
110495
611831
928136
89544
421839
956626
khan1994
042922
657437
217085
341066
413182
61901
353023
christopher12
799766
324940
99701
901637
788271
kali
528968
622017
056122
739541
051414
003377
142659
949938
22729
last007
8658
430309
Four2022
578787
949707
935935
272877
094754
05971
527483
704759
750387
427922
455312
644358
7902
847935
328493
840422
018612
290532
678370
288541
342287
Queen1985
305877
135971
560164
Pakistan123456
42504
Game007
591899
191444
768614
657778
775137
980914
236621
238524
498828
638924
017677
031229
154737
056386
051590
722953
76538
873994
4569
black@
216183
109615
940478
12992
626703
628826
134838
083897
317306
20111
542674
923219
567028
78232
336270
716892
438130
547030
Monday00
islamabad2025
477752
023397
705485
146894
16086
264858
494692
28434
131114
Linux1234
103796
037224
521642
293733
725142
086405
795278
494472
one
858187
727408
431134
358534
578204
211120
551639
946440
540991
984665
62993
375078
428208
369391
140470
8595
302467
554070
382580
362692
309705
Steven!
usman2005
840620
6090
454355
032978
604010
93842
815298
685344
066264
824351
899800
668734
980562
642796
458436
George12
Pass2023
Ayesha1988
170502
898293
87514
928246
765270
489786
258456
38542
125411
093819
Four1
285318
007986
221980
432388
302412
631499
732919
946968
565477
767481
285923
685608
662816
411587
166485
059818
Danish#
162283
853787
312301
497134
636592
304194
846142
298859
84210
22015
033396
128348
90006
445995
637208
110352
245982
98966
092829
274846
062007
33474
657360
936639
825616
504614
631136
81319
618387
676126
348524
62979
363440
632225
575718
022913
078067
868373
10136
816211
851686
310497
490644
481745
super1999
006666
316888
461417
440165
8046
423412
789822
372966
206118
10857
72366
192093
688358
037466
108042
874236
076626
823185
782573
497871
559768
157025
Super1234
Game786
37030
729619
64463
204974
010648
529430
407275
944933
110290
711392
348139
leah12
090999
327998
30688
Two1996
62398
218856
86765
police69
01638
951126
9456
004103
216821
mark12
Richard1999
787413
574541
388971
james1992
73864
462715
792594
Student@
648780
171457
25466
878988
940236
845064
51338
fatima1984
230571
60991
167167
Earth2014
100111
Elizabeth
761563
644083
771936
5250
Frank2009
7272
332959
914188
426074
48377
130826
224928
918203
1929
508057
839410
441892
856999
452452
433653
z41n4b
756393
375485
Login2007
two69
514129
889845
719587
714637
966515
windows69
Islamabad123
392392
095106
390533
979748
045958
Blue1991
244794
852577
783453
multan@
015191
818994
670164
753544
557909
91763
351439
317779
791527
753324
38514
224455
Windows3210
862950
430001
908149
405680
289498
468105
352803
716793
636757
903551
409816
257048
632698
664026
070840
906411
0627
697301
899481
010117
83223
416328
512259
52493
75649
196900
236588
273295
301576
971256
107151
026389
Dark77
753478
554950
703439
491271
399135
612381
88760
706431
Samsung111
372515
922185
014091
469788
574024
067122
79275
350614
858000
779262
923450
40481
392249
714802
Riley1234
usman22
341330
808005
92456
910822
328229
656854
44261
123046
Game2000
80143
470943
133639
83741
064526
013497
58450
270754
72737
110077
228371
92225
35861
933152
783838
033517
707652
10829
78631
819918
raja111
zwe123
895268
758989
664455
293876
977581
232661
401060
607530
617441
84476
56168
383284
250117
107701
720005
96166
211475
Noah1993
509003
398519
937772
962060
596981
319198
773850
68047
094688
974908
493350
775973
900075
755491
646998
Hannah1
369446
880924
830489
9636
992354
22862
131989
497486
498938
427427
122892
256509
093841
998393
976074
97356
654863
483703
550121
058707
50841
Zainab1986
262108
622567
960872
743072
360316
67781
501985
366608
915574
89096
Two1984
563871
377575
345961
592966
80199
054362
336050
640508
538153
529089
034452
932701
099748
611039
342221
524975
250855
419375
170296
769956
285846
Lion22
7230
995918
028831
296483
394537
772552
526680
Police2019
410883
507419
83559
426195
829510
ultra786786
733073
045661
Hassan1980
239701
681318
544797
161700
480315
050990
330385
391974
713933
199089
56056
433367
506605
671803
84196
Three69
925507
925419
014795
917378
32683
24024
313203
045496
458216
076109
556347
242407
32389
163999
four123456
590414
24241
602734
955284
peshawar22
70399
636966
703615
TIKTOK
190790
7434
805211
008932
515416
236104
126621
917950
64638
030999
29904
248710
monday2010
813879
959189
091069
Moon1989
537955
Saima1993
678029
960828
949597
47894
293810
596156
661463
131659
639903
163933
830841
652025
46683
046409
seven12345
39648
721545
59206
0120
Paul1
107195
300069
593967
265111
385528
490292
8622
567182
456577
833239
593219
456368
947716
game1996
757768
315546
975304
167541
63287
914045
325776
091196
121902
508409
686565
107063
808962
70609
242539
134475
777403
625339
580426
847319
874060
8007
87003
Secret12
708433
587103
970266
morning1
225038
98602
8256
674960
896214
queen1986
540749
400620
706530
13265
672881
206481
709566
096228
931579
915728
095513
185097
609884
33845
866503
286880
330000
043285
8685
164186
305888
596233
944449
427350
Maryam1982
870243
326722
275869
734360
199694
501952
42063
19873
309320
137280
222673
051040
997007
481580
839333
629101
Qwerty#
031493
198902
imran2005
677314
982652
344333
603669
851851
79485
952534
Baby123456
416977
149215
724009
737759
304161
990033
54894
149941
848716
911229
818081
505604
333619
175692
emily2013
Quran786786
116567
191005
291181
924418
375914
66136
Fatima88
74088
275880
694100
920282
303479
021417
387849
28315
420464
244266
337953
883344
College123456
92050
72821
Eagle1992
480689
336347
765853
201333
991837
141438
750761
441958
624921
78512
Matthew@
76139
172469
6789
12166
61446
114521
513260
225522
875303
19733
534171
584078
967186
581933
645755
21427
715275
738133
803253
082170
74074
John1995
211750
014454
562584
17556
966207
050864
609059
play00
949432
022715
796895
686125
784179
93415
116765
860431
079409
300839
548790
198990
95431
6918
418682
30611
971949
35686
030211
852115
812427
382789
098494
720137
234993
213961
ayeshapk
750596
566588
943349
Green!
078298
777799
40915
47565
840587
18025
63721
441749
672826
907962
996127
585794
289245
836451
996600
553619
664664
851741
471933
3339
183403
008822
692527
635712
101332
80885
395703
504471
719851
263857
905487
06006
087681
812922
359414
454553
india!
82964
217877
353617
54145
992343
505813
282007
502436
019877
795080
805530
034177
537394
Queen2002
366278
745756
329780
morning111
788964
facebook111
02303
895719
COLLEGE
284900
929852
263681
248567
377234
397595
353705
9114
647449
741246
366487
515878
Morning2005
968913
4107
baby123
quran3210
614163
55398
395879
588643
Admin3210
140019
Dark786786
715803
446314
633435
root2006
Windpk
771001
4530
726638
404910
726968
tiktok2019
389983
131008
017413
414117
748770
angel2019
726913
39424
169114
02863
105622
hussain000
184921
619982
903408
228305
961191
622435
151624
932305
41300
080531
895983
18424
713306
124234
583495
735471
217129
05572
Lahore111
888052
931854
503294
267531
98413
569404
897732
237798
111606
star111
960586
844756
30604
148401
229427
968000
458117
253286
2709
580261
960080
711920
84315
261338
216887
781517
24073
345642
456489
033000
212564
22925
607409
250943
038412
ase123
629981
131703
812955
677072
460372
321398
918357
Ultra111
319539
794002
898557
861894
34342
161194
538769
93947
701030
632192
17857
310526
3789
249964
islam2019
965635
690954
561132
090585
292182
111727
841016
242462
244981
852445
321090
760232
615637
589611
057926
129074
890560
448635
142912
772882
52612
597058
47320
603559
Apple1981
296604
Anthony
764632
062568
605495
954778
365288
803770
36358
515636
last99
349712
317801
43757
787831
780472
001034
603031
697653
958507
299882
065967
917081
923934
328636
54754
059796
peshawar2020
13538
edward1234
music77
Morning321
195536
6216
480249
960608
502414
085866
302544
044407
955526
671088
412676
354046
795828
508299
779130
643951
442101
623557
943613
297000
123288
0438
867570
444081
08393
jonathan12
972059
428637
02772
129228
555709
532895
google1
938432
82390
057794
850168
134376
714934
930347
Mega123456
470371
618365
060819
732468
547129
707575
806575
alexander!
650441
930226
215644
30450
688314
james123
776644
530860
535117
27076
919578
190036
737561
670439
065109
487762
452474
154319
122980
858726
153934
833602
580525
906158
227271
393679
434687
721424
065945
506561
946693
896049
959464
welcome2006
root2025
095997
995577
605044
752543
088022
441672
976591
392216
625009
753456
977064
111771
649044
669504
859837
614471
364617
169620
monday77
night2020
740025
045859
40537
736582
14784
703098
285824
024651
Ninja000
16422
955603
59507
250317
94143
189211
khan007
716518
82782
961477
829884
303897
620576
018018
qwertypk
982608
234971
422367
054351
98833
849541
056848
215006
Login786786
276034
293447
63637
529496
899019
967747
967857
981475
782793
321442
377960
729487
550462
25452
491458
27258
262878
424721
398211
213906
891957
194161
87892
48636
215710
836077
521202
257059
060423
0415
8772
540859
823163
880660
364133
850542
071874
3312
91462
775500
301433
246554
255706
45206
850410
018293
772354
293249
king12
27783
218779
139502
247555
542751
140481
145541
94829
07994
051150
394966
143693
603449
950202
630311
654181
8253
798589
15701
417219
3741
627198
480854
dark123456
796873
176649
338382
42735
171468
63476
342386
223773
278300
922460
694595
2910
42798
406956
810964
Master22
798545
083017
203445
864270
312213
189904
989637
387200
7131
266398
048400
111672
664598
allah@
724790
482647
643489
40124
58772
864204
217063
490402
880407
309155
008723
505340
69048
542069
598224
590942
726440
344784
Raja69
308341
048752
7641
633468
740454
095227
581966
181764
50624
673981
920007
Qatar88
622622
785103
834790
240449
968055
480535
Super!
night2025
208967
Linux321
797632
11410
590656
839971
27384
061743
357181
ninja2023
476377
Apple#
054538
228151
859705
438680
mega1981
838233
150914
219230
662695
682055
56756
830533
queen111
507320
66087
511643
630080
922262
989604
852269
699061
646514
059609
708213
059994
84252
833569
728695
502161
272349
155133
274318
832601
160347
513084
Bhatti00
865645
6759
669438
861366
933405
113465
Christopher1985
757603
0750
230472
229119
181148
93919
291114
mary123
717860
32151
739310
343530
7527
027643
988625
297528
135267
010054
0705
18578
765567
68600
490897
quran1234
104874
521433
544621
816024
College786
262504
303215
657041
063866
768933
600941
947452
005038
156596
705936
196691
421014
664609
653246
484099
05537
136070
818114
078991
167145
209209
APPLE
276232
459514
jonathan@
135938
934131
tiktok1980
121869
616660
299585
443817
591206
809116
571252
482823
382107
056397
peshawar1234
208010
909920
916509
16436
224587
516461
056870
80934
294910
50946
441727
699985
two88
205128
867845
771122
98385
397210
893695
071170
411829
333740
465047
310332
326216
855371
855833
522412
073579
272382
596365
424017
133056
328372
463540
728585
11550
Bhatti2009
062469
queen!
52367
475717
598708
263626
695926
209187
3690
304920
485507
qws123
670296
289982
634260
646294
5127
977405
041668
522115
513623
riley1994
745283
112057
86695
598125
068189
147664
219857
461428
02541
560252
598455
600182
430210
191906
318032
17276
530486
390357
056551
649693
513887
684486
828366
644622
474045
047828
322740
01960
050314
67865
195371
92435
599060
526240
590821
898986
022440
546480
17262
92645
195250
358501
49679
302071
279356
940148
066649
190168
192192
82292
130102
74788
251482
927465
442772
626901
8868
446721
535007
043131
7704
151283
357687
167486
954569
584386
217591
314369
92092
853666
060709
323840
87094
455939
394207
752719
830676
542784
304821
658119
239063
65688
268246
710325
33656
744623
562881
816156
brian123
First1999
774411
439098
04193
Warrior2021
211099
945010
13384
177936
963578
381381
438625
167618
234421
603504
119570
643786
29491
306251
978956
333344
573111
706464
722469
79814
942469
islamabad!
110714
678304
24899
66696
299739
82138
075823
758637
561649
610577
290081
First000
090640
891671
80185
227810
06195
607585
100738
687775
612326
762773
889856
909997
524359
jacob2009
249205
415910
493119
196372
533808
15414
464728
9603
027236
038676
958001
80605
833162
172645
583077
126170
83153
984632
649341
523446
050726
231484
sxr123
717981
054043
690371
694430
762146
896258
314721
085514
570174
413919
627000
695794
744524
220693
Joseph1988
702790
739761
605308
640750
968198
595276
711128
514316
337194
855294
880957
778580
675070
97279
345807
395582
0063
76685
star1986
624646
624327
873763
815474
Facebook00
412379
772123
grace12
494945
947056
735922
125840
305052
793540
350086
582109
09338
587829
696036
885313
870221
water#
770242
034034
330792
783640
780340
03738
Instagram1996
973775
253473
41069
290690
64400
753016
907819
785730
69510
172084
805596
040766
776215
894454
688160
797808
45843
938421
884004
244783
714010
452254
465267
Root2025
032362
32823
755062
030802
802549
549648
130801
073909
College1
897358
061765
green123456
7377
016995
225610
341110
07063
331298
115786
673299
apple786786
540793
895785
614416
817674
768812
73514
55762
600061
380171
111090
74249
266134
070367
284031
294360
452507
264748
457149
790273
100232
916014
948486
305305
76643
358490
180433
505725
588962
64939
374286
739662
732039
637043
046079
656733
048224
windows1991
394735
zainab1
456621
612524
139073
Baby01
903474
345686
christopher1981
558019
139579
677050
72478
Adam@
allah786
892584
275748
787721
47649
samuel1993
300740
227744
766898
313654
956428
288563
250911
515823
158323
504526
490182
638077
harper1
320045
681681
42406
087329
07203
807543
37429
012958
867647
5709
1219
283943
957385
576708
484594
406307
791626
235488
327756
969100
102652
768152
710347
191763
41986
Qatar2001
125103
501699
752554
170302
473440
822789
236148
400202
183216
166177
0114
712272
189244
21791
628760
896951
219450
last1995
344817
692373
592372
071511
Google123456
073755
Thousand111
803979
49259
786555
613327
505406
296494
61782
077946
12390
541409
110296
411818
021824
462770
089155
110705
582208
097097
520311
196163
thousand00
876865
982124
dubai2001
21049
college786
925870
043483
samsung2006
7617
18347
926948
22400
193545
710842
812207
aeee
551892
376200
029040
103356
807114
151214
1758
212234
65800
354189
759759
979781
ryan786
766601
144397
070520
764775
87507
601964
031372
light1234
279246
090123
993080
821260
5301
933163
464189
719664
662156
779526
66731
074679
sofia
499499
First2014
745261
18851
406802
Blue22
827915
243738
858198
626428
Red2017
2343
438086
930512
528660
020075
375397
007645
FIRST
237490
067606
279774
844041
214896
546843
98518
918863
113707
pass123
202730
024387
542740
332101
0618
Charlotte@
34832
812548
829598
320232
144045
853710
Raymond!
566434
763928
635580
867658
221694
434478
780142
536371
510587
271260
483835
50666
241472
272426
362494
145079
07581
393833
388883
Stephen007
862851
268301
162261
770968
974402
515482
238733
qwerty000
monday007
650782
3711
844140
836022
050826
Three2024
376673
515295
840345
two1990
33607
080575
496375
003465
508618
105193
699952
835296
737869
027060
Dubai12345
155364
577401
394592
775863
010508
81655
758241
723371
873906
602712
01701
200266
990715
37604
449185
ninja2006
758945
864402
774730
446754
677171
6138
586311
696509
islamabad
697851
TEACHER
030041
110066
531619
042570
love2009
986029
891638
484737
844921
Andrew007
761596
night786786
79037
259314
199738
858110
176209
16821
358105
184371
24066
520597
738067
822547
749595
285692
eric@
009889
705573
011385
211226
32557
India22
670538
627176
108757
483021
578292
211189
96649
017182
639067
157124
273559
484418
981827
529144
450736
47012
217613
461109
088748
Play99
332442
45409
ultra1999
525602
801284
72856
86996
716573
137742
305954
231143
956043
180620
238810
831875
197307
571923
282425
405284
190405
ahmed3210
173206
534765
twopk
92974
337073
444895
286506
401830
8286
527989
786918
526152
288629
027962
78876
705859
200563
950917
163647
893134
870925
140206
apple123456
lucy1991
882057
855701
201553
77560
714879
131014
692131
009746
601073
983477
968858
476234
524095
312642
958628
646701
884125
29477
911042
549010
brian1982
Muslim22
146432
050293
242308
395098
553421
604362
335489
Khan1994
01085
4680
one000
905652
846120
908743
619916
971322
879186
457820
697719
493031
675169
743017
961081
Secret321
577445
689843
94640
887216
092389
461021
618244
Thomas1987
54474
92232
451528
978714
372735
72779
066286
179773
015631
560824
671143
684123
62825
james2025
dragon#
131428
386254
676368
hamza69
959629
Tiger1995
902231
282491
05544
435974
671781
716870
810535
359766
106458
875941
614196
519981
010813
54621
462704
241615
59164
504438
246576
147290
110314
5292
10206
626186
719301
587433
458029
35308
768702
056738
064020
254375
156574
349789
384978
1872
516142
561979
315161
239294
669845
390566
503580
031416
413336
426173
540012
466015
Ayesha321
172337
718883
168872
605506
eric1988
371272
182402
909612
269478
141185
98434
791153
3138
633446
208439
784388
709489
213312
238183
636240
727815
312807
607640
824934
92449
940863
436084
840323
84112
910382
290490
083160
912868
93576
339801
78197
834647
685773
968572
902495
qass
495924
823251
Brian
352374
770154
326667
338547
SECRET
284768
259138
935055
471779
149479
153989
633281
112563
042306
968275
466576
170731
657030
308847
068068
040656
931986
Ali007
739827
316558
20076
724020
355421
108669
Super1997
08547
075812
263505
644523
43064
248182
388201
863511
152185
711546
873235
628551
679833
130691
196977
518650
090618
191664
305206
Matthew1981
737308
087670
Shadow!
974732
0803
349404
512908
088253
36393
305338
701866
925133
849948
game1984
879065
141548
291290
132396
315348
276617
439164
72240
596772
021120
41552
752807
015983
090205
361482
960300
r007
331595
96880
919611
06979
073975
595749
432993
3525
034760
348788
423918
167948
940588
661914
078276
442651
813538
1353
298133
929764
3069
282282
070802
723514
443949
057453
9171
942227
408551
044088
514811
33999
738749
229999
981816
460152
31479
275143
emily!
941182
354849
760430
60963
525965
140426
355168
696685
173613
898568
857417
harper2004
488312
275726
17682
emily1989
297561
090605
626384
506979
095832
873532
26978
089012
463133
419155
129481
Kali2003
Karachi99
345939
99883
247159
97566
156530
393657
752598
327943
930567
587422
787974
62314
460900
546876
422697
Queen69
Password1234
966361
17871
morning007
997854
mega@
929115
08323
71099
327481
467500
663663
98679
643698
46550
stephen786
College1992
329703
786280
355190
w473r123
309837
465575
29393
74186
162184
037565
Omar321
008283
011781
359260
188342
494923
341077
447557
111034
745789
984038
976327
166221
650870
941160
747736
53732
210716
819566
010490
41608
Lastpk
698951
846450
62013
790779
822492
2496
869121
655710
Sun321
024508
83811
734481
950312
256663
254683
877789
560307
wind1995
571791
553036
993795
228107
528770
325578
3618
439043
874808
238381
35616
63700
292061
887975
940797
692549
4524
282469
582846
799150
326359
286308
030196
test1993
667018
welcome123
554697
599918
943679
56329
217008
test
Lily
249469
048092
02968
473286
306625
892628
raja88
16261
313973
331551
896984
613426
441529
393272
583396
110523
53823
black
427834
304139
453717
033792
ultra1988
Kali12
School1995
Mary12
9903
Movie@
979055
96236
480238
71547
449163
905542
102113
407088
736109
9201
250877
Google007
191015
707817
46151
root2012
Warrior2003
517088
298837
121627
399377
087945
174702
537878
Whatsapp321
009284
373626
972268
041085
Fatimapk
010670
436260
51219
506726
482966
436183
46361
620928
295075
Karachi88
61082
99785
10696
967263
576543
951951
913726
780131
480359
804826
965800
009020
islam786786
0306
799326
728343
414062
408276
583473
125796
823548
388850
500357
775885
718146
210771
858847
139051
82747
065692
292600
377663
668536
31318
485188
53662
036784
016478
900152
060269
087219
25354
637527
181775
007205
915772
517143
515735
40936
312730
638891
499598
school69
726847
433950
529276
005643
091023
145563
556215
67753
272316
936232
195239
275968
501413
xdff
927245
693506
973500
927597
237842
109274
645469
486981
431574
733645
146696
745767
789712
657723
196944
544148
313698
58758
809468
345906
967835
334103
181170
433565
676830
360899
Moon1234
hamza007
NINJA
036696
173217
386650
Mark2011
578138
620697
108053
417274
284141
867086
40488
608168
engineer1982
249359
908468
31738
939081
468457
Mary1994
515493
950411
245817
119306
359898
4983
278608
966559
867746
118239
green1995
219274
159654
929533
blue12
413556
Edward1996
83986
110911
134431
762311
83083
753841
zdee
409200
845999
281633
987624
076725
818070
719345
286242
534017
000297
667898
310123
966966
899151
Quran007
336633
5904
648461
778558
5019
05978
112321
60690
230411
250508
220374
49483
brandon12
072567
475233
546513
90937
10675
19369
stephen1234
09450
89138
258852
690822
770121
29043
613855
972950
680933
7863
078342
060500
abigail1234
395868
679195
741444
603295
098274
280214
570130
254265
398728
islamabad1988
monday321
895818
1614
217195
500852
76482
565598
235246
016588
elizabeth1982
ultra01
586113
2040
891792
16611
134519
ninja1990
986931
314160
417450
47341
0297
050620
899833
344553
Hina123
3066
28336
multan22
517671
790724
maryam007
354530
qwerty22
78267
night2026
899448
311674
ninja007
210308
746053
sxss
230308
91119
Password000
505890
482812
767426
066407
417956
362549
Chloe2017
166639
394042
664411
053636
133023
614383
138039
943855
884664
608630
231096
02842
244596
344454
006270
961939
145904
363385
833019
469810
hina1992
439153
596607
633237
915387
604879
737803
083325
372713
912164
07665
802252
255211
48461
885863
364342
925441
842732
570504
292490
990539
hazel123
94514
058663
388014
65212
Android1983
904750
216601
429990
078760
826969
39725
63819
022693
828124
520124
624833
5220
228459
024288
110508
23674
56973
Moon1987
Game1985
453035
317328
59906
285296
831666
655182
035233
685300
last321
noah1234
35910
15932
318219
137500
61712
918170
49441
102014
034870
Justin
943954
31906
330440
231117
21959
964293
352473
276991
50015
547404
406373
008118
005335
824472
655303
13013
057475
98497
267509
13902
518232
280456
666369
Black1988
054560
76237
766920
375232
997546
766271
635866
three2024
826694
016203
577126
734261
236478
Password12
552156
admin2021
190179
846890
769208
13335
08624
110202
256157
203478
39368
390412
67851
83020
Music1994
852522
henry
Moon1986
67130
472219
121330
Lahore2023
460922
681384
726418
603218
844624
973313
388619
Wolf1992
warrior2001
442123
463694
063151
70987
784069
952358
93751
235367
852973
689392
660935
75369
713273
400059
867097
423302
902121
mary@
104753
072941
416471
174559
142153
sana2022
900339
734536
221056
092708
979143
152724
earth000
22750
253220
223443
365211
089276
10402
police00
225852
892001
061116
642048
826232
12453
050732
585420
424963
127864
978131
697576
306856
994433
726759
641652
062370
paul007
114147
605242
863038
727694
130426
019558
024343
399883
378466
964865
977416
02093
294481
2076
09415
967549
300036
1476
636009
617199
405185
687566
109131
563805
Final007
011792
907588
android1989
448525
804947
490039
88452
042240
079629
Whatsapp2006
469909
03472
00084
818609
chloe1234
887436
058630
898590
846626
422114
379643
205480
051315
735053
067232
ali1984
325424
222156
084579
69195
082038
643577
muslim1980
956340
56714
972279
654368
596838
872465
54026
820479
825077
249876
183975
057288
080487
219890
12306
070268
098560
114499
17353
795630
260601
390929
173349
198330
Engineer1982
0809
38003
568029
168927
454179
381502
wed123
830500
929214
858869
207625
355212
water1999
600666
0396
584430
250635
478742
41286
070623
153670
507716
night000
Whatsapp01
552805
039259
547239
151017
874984
151327
985754
one#
710204
897534
341396
750739
Lahore1982
58583
00805
darkpk
9720
439054
296274
320331
896896
373714
215732
306361
641344
91959
224939
051535
424083
153395
63406
867911
Teacher1983
879681
378796
858330
959783
948123
275979
725582
015884
99652
Google3210
77609
072578
658603
911856
Tiktok00
312147
546238
47201
242638
310893
709588
026763
446083
987151
729740
310617
02758
508706
792011
411884
097020
507287
096294
319880
437327
646954
756624
839036
078925
793265
iphone2012
joseph1986
163119
482592
1206
66500
93968
405636
390126
64106
Maryam77
192456
850135
018128
519420
704957
668316
808456
190896
201289
379016
690844
000143
017853
70616
32753
190993
Joseph1981
93198
Red1999
351395
573837
503074
56441
Dubai1995
61292
686400
Asdf1234
806278
346599
397144
347435
82950
106062
245608
397980
150392
194403
638154
909469
145101
446501
476080
175725
Matthew12
426041
850971
134541
564432
056540
January123
058399
edward!
211662
196658
761607
564069
744205
338712
adam!
164560
5391
770605
974149
542432
028292
45045
980496
15582
640552
40474
980639
369809
171182
42399
564124
hannah@
01939
82936
323433
659186
36645
859342
344718
jonathan2002
821788
410300
97034
ali1997
335555
175164
14231
618486
566984
545567
329516
8484
672518
5526
944504
834174
652014
211145
Water1981
9963
251214
211563
241263
310523
80829
79891
506242
492448
408144
856097
705815
915618
677039
695453
Dragon3210
518738
995654
342903
665005
53557
001430
100320
069432
025179
225291
06664
572627
81396
9312
704451
105468
final22
510851
omar2007
94584
56301
135223
817179
588467
Android786
689172
494153
406274
045452
0150
175021
643940
Apple3210
577819
024299
677534
9873
70196
Instagram88
09296
25858
091212
696025
0015
865040
684090
524491
508343
757394
792231
250605
550990
161084
22981
652641
091014
828828
835769
192203
510598
310871
551716
082478
72212
071290
057629
110514
442046
layla1995
185636
513326
82544
687973
904145
410399
578941
453321
307274
946484
182358
402556
708895
736362
62958
Hamza2015
966988
88172
791120
716947
226699
92498
3624
54159
50302
341055
first@
979814
3468
947551
150508
885797
178970
706310
347831
020834
868263
509487
4917
45031
954382
93863
729850
768856
ninja2025
567853
682792
096844
922339
91574
834471
88515
096789
569162
0075
326403
006556
963732
030717
04683
24745
713801
John2019
357302
aurora1981
728519
968693
75838
525162
767877
443157
018524
070217
817707
058256
512204
457061
562617
456269
513491
048235
755007
98462
Night69
422906
550055
296868
teacher69
424875
952094
355828
61327
11704
214346
646459
597685
695717
71652
643401
129272
730301
57869
274010
833360
580558
536294
002794
Ahmed2008
402622
984896
546667
David2020
397914
74557
834691
759418
Brian1989
multan2026
586663
warrior123
202510
04515
859221
456852
55195
823493
968605
049357
267410
291478
702427
390049
147081
419001
648230
351857
355366
0900
Root2006
492206
648901
506187
160369
windows
08232
Pass77
660330
997194
959662
889570
506066
Game00
350977
899514
445478
932591
Khan111
081312
428571
53039
134222
166111
470151
947826
065483
609356
258753
200662
243056
532026
08967
573364
196108
020130
wxd123
079123
25984
756492
Mia1234
7677
924770
832634
070631
752631
808731
71134
952677
735559
332607
128821
836055
007755
8310
844679
11298
838013
808137
438240
611468
145013
877866
102476
507276
925727
993575
514932
4812
136675
974897
991353
204435
31374
318120
273471
70602
632775
501996
665379
278828
258973
27083
47208
657833
726000
8514
apple1992
184657
911482
530288
207757
370381
338140
598070
275352
894256
Hina1999
370128
957077
Kali69
022869
481811
585607
518188
678139
409255
668690
277244
440957
119735
299321
813450
510961
Hundred786786
035365
shah123456
881661
067199
846527
474584
562892
shadow2023
935132
561440
453970
82719
468644
858209
967340
016258
753280
958177
606001
218647
934582
849904
754160
822921
12740
0223
012738
906950
964117
473099
506990
79184
172282
307395
187407
123332
Ultra1988
9135
088847
210727
830819
615285
94990
500940
17780
621390
46403
260436
861784
225456
03661
890087
7158
514877
486354
27706
574310
631510
055781
630102
241054
044814
462660
57246
689436
9594
awrr
30191
76363
2424
358930
789426
38339
990616
371140
688974
461637
94920
190714
night1
gamepk
369864
638198
561913
320925
98875
347941
369270
741829
872157
75565
803209
891231
156354
578303
190685
231211
184459
422389
406428
364870
848243
73465
19495
03521
315722
375848
328691
9579
958375
130414
281996
170626
40110
486343
330583
109120
680405
google77
122155
Pakistan1990
two!
854359
627880
649770
801702
99666
2955
899822
Facebook!
371305
035354
Fahad786786
494857
595716
822646
malik01
381304
57883
002079
206646
ninja2011
777964
278201
77399
650815
688402
013046
017578
447095
812185
Student69
361284
761354
537119
09443
Saima2012
506451
532873
930314
783651
37555
Imran786786
139898
844173
039996
347820
student1995
254914
71799
52101
265551
743930
189585
Baby2005
440946
920843
608333
561374
306460
530464
868010
770187
838497
53697
imran12
Bilal321
399080
437074
77112
564927
467313
43302
302423
95368
971399
930908
488290
041228
870441
416867
59605
karachipk
117117
873323
319902
265474
564740
912417
041525
809578
206239
666336
553861
461054
662035
676445
186395
303908
426503
708862
alexander1986
851664
282986
237116
561726
062447
0078
755953
759638
009999
150708
Instagram69
6063
monday1985
751377
900713
593406
591118
835153
004796
573892
13433
qatar12345
Hassan786
36365
406824
864963
57407
9936
251372
856361
059147
890505
941732
094886
510268
852280
929489
992211
011111
College2023
780747
600644
11620
454663
624745
741917
black1988
276276
34888
anthony123
270517
629651
727419
607508
318571
866250
749870
dubai2015
138138
005148
799799
4206
final
324203
168113
427273
496925
708147
889988
whatsapp321
65723
243419
118459
902748
146751
481327
367114
03458
429429
289366
607398
maryam2013
301697
212058
490028
536129
959134
matthew@
118206
433224
465938
530442
9039
826914
king321
317922
62272
171941
2067
345950
531652
Imran01
gregory1
Shah786786
565653
625372
277838
775324
294371
795751
206129
274725
instagram2024
345609
864446
490413
fire2001
793067
930281
349415
559427
922570
158026
28889
382052
174988
713790
811393
59220
398497
488950
541893
850927
Star786786
471251
402028
591162
73850
15596
678326
322278
16632
620994
613184
451352
934142
837738
986282
962610
409541
192170
652256
098659
067584
434456
960278
67816
507001
Seven#
617386
169059
096371
Quran2017
280049
417362
979308
666897
146828
866360
267927
748429
046189
morning2013
241494
778976
Raymond2012
hina1999
199804
349338
404085
Play01
637175
261679
647053
735966
820050
447018
111760
009174
367653
patrick!
70007
635756
711645
216986
301059
691218
602085
388828
914870
283041
05586
967010
573991
507100
415338
60088
7917
Movie123
745074
068376
520663
779691
742247
451143
695508
014509
Night@
756855
400598
821337
800283
455994
189255
606485
8637
093445
523358
823174
356686
883333
860387
21938
325622
142230
44310
488169
522962
190850
798710
901274
942557
5610
thomas@
481778
008547
sevenpk
363726
644875
953381
680768
221188
188936
636779
523237
0651
211024
47194
620191
833305
991375
871321
846901
24773
410685
516780
401852
737418
13629
704352
549505
010439
Eagle123
apple2006
24080
319022
668140
Hamza12345
357973
707707
877734
227117
bilal2019
551199
919237
780769
447414
156244
227337
734525
91049
734129
419452
ryan007
562474
624261
528176
417054
04522
196053
335126
486365
921844
77434
03283
610984
132286
Ninja69
323268
Aurora2016
383482
814451
118162
128524
700183
003344
442838
Windows
682946
036399
last#
192775
52283
338965
645007
370403
23100
026675
688842
870518
191158
Four00
628045
625097
47418
75362
344575
215996
881265
580855
458337
726088
admin2003
086801
022495
986557
320309
06398
904695
152097
661760
01498
132726
290220
860310
276078
2105
268356
476278
515284
685894
275704
0528
978450
799887
lion2000
79821
438416
228591
528033
21441
111093
787567
awdd
13363
452573
353496
381854
222717
903650
453398
Engineer1993
548493
8262
584606
701162
084062
fire@
359326
331661
313775
919908
531300
682616
337524
root99
Peshawar1980
032021
126654
50687
School1
113135
577863
915563
426459
852368
504922
148940
47278
51660
44982
439439
004543
458480
552893
295361
313632
467885
961785
462396
college#
484495
686103
785961
42301
965547
372614
809369
119669
784828
233332
020218
4317
33684
151448
72576
Alexander2001
72772
doctor77
624690
658416
584034
991925
904651
080608
917807
205359
Maya786
107459
688259
726363
317438
81466
752411
015752
guest1998
060489
832623
195602
92253
48146
10759
258412
644072
418418
251933
043340
615065
171138
091399
657283
368775
588060
653807
992024
654104
413248
423654
aas123
177375
107217
761376
windows2005
Warrior2000
35021
995467
Nicholas@
831677
261998
600908
19138
86604
three2017
410839
716089
98644
479534
177518
multan88
127765
432795
80710
481118
601425
795135
908611
251350
328999
04592
011033
Doctor786
Test007
733194
693451
776523
319242
604054
478236
994301
988768
000781
480194
130394
845724
002596
93219
620620
291764
551584
684761
452133
132099
870771
917994
917125
791692
700381
055737
549241
298991
263153
721776
Pakistan786
967109
104797
197197
Green786
four2000
345719
27916
71218
327448
729597
steven!
060544
Pass01
961862
138864
850421
samuel2022
311542
995093
257873
826738
053526
598180
633721
admin12
429605
18844
459041
Three99
077836
280247
611776
638979
26544
351461
954690
905102
677644
33425
35441
292732
903177
andrew1988
7611
Hamza2010
561550
264891
438955
691801
538252
130693
02828
369941
Robert786
061853
986392
216095
18998
India1
053966
699138
097834
293612
774642
519211
310651
625031
805838
ali#
5016
179344
094468
358017
458128
Malik1984
954822
133144
238205
3660
829642
580085
58569
316096
10108
Qatar1992
720555
017556
facebook123456
733799
548064
eric1234
679789
898975
137632
405625
51471
966911
60046
961389
175978
713262
Login00
760881
Omar786786
585761
950730
545556
196251
692967
228140
534127
573133
505219
320793
771529
966900
578611
571428
075713
720181
250990
587521
178035
808027
117986
776270
621962
earth#
697620
349811
401940
951665
72499
272129
ayesha1985
925485
44044
110205
487476
145002
528275
362681
754633
099539
college2003
715737
313005
816794
090288
439890
5805
Richard1
50393
502260
876172
761871
271020
44709
842809
878284
Danish111
492668
705507
460504
521444
788403
mary1
021593
Instagram!
580899
4770
282238
868505
857186
2397
207801
607794
055528
355036
649000
838959
06251
319418
039204
340725
855745
790086
286605
07392
926904
5874
814088
721600
959497
190465
94787
297880
867955
947243
647834
463969
67725
018975
350108
780197
214764
861278
653576
635206
731434
650859
475596
47586
283272
000121
713548
094171
90391
710787
350284
Green01
930754
Emily!
742896
980947
420783
215622
420695
305173
226138
tiktok@
130152
Love@
735537
112783
043912
001056
889757
55706
437987
882123
030226
357104
023177
050790
Alexander2015
love69
623337
80241
113355
Olivia2019
48566
740223
572682
177958
755865
0156
531751
151020
620862
899140
582219
791857
840224
643423
033495
006930
767239
red2017
338261
478093
593373
657580
551122
518518
150308
143814
665489
189783
091058
06818
54565
210799
387607
116094
97860
392953
360932
825363
033220
941017
817399
652938
025135
093467
715550
104698
546645
166364
802769
906554
034089
982212
872069
167992
508090
090167
680779
209990
098780
402402
Hello01
3588
551573
028479
070399
97244
026301
076791
868098
538692
032329
09303
117370
437415
81739
868450
3252
234256
845174
829422
43435
767855
engineer1
628441
420882
245905
hina2014
02632
138215
553014
762245
692824
547547
699182
465894
796862
873675
511720
09387
Jason2025
851499
430925
629376
887370
Hina2014
08344
536899
405064
862840
6603
372460
699666
001386
328548
318087
355278
613624
742687
948519
956582
100012
262317
739068
849794
471493
Lion1992
008712
374088
love2005
787875
434346
404833
248864
853105
55517
Super1993
672782
35210
357522
7401
640266
83601
969584
311410
916729
142945
16310
634766
wolf01
976294
3549
177540
035255
640101
481437
aecc
598664
865205
743457
200750
350273
092510
58177
618200
66822
50848
198814
770550
491535
43519
147389
584375
519915
67844
Chloe!
35854
saima1983
29295
280896
shah12345
078485
157300
five111
271623
243463
714087
4188
830698
666545
414271
137467
338162
583297
69783
Mary1234
095062
231737
zwdd
January321
26985
408705
625636
57323
771815
Passwd2016
310193
islamabad1981
157168
473682
755040
532048
10766
Islamabad123456
Hello1998
203203
816673
wolf123456
kevin2004
364364
368203
229317
223828
415349
724768
270226
450120
54873
664818
114444
091839
Star1992
643907
3231
036872
445357
037081
980815
dubai123
966757
830313
01225
sun2002
105281
george12
902649
924022
904024
531872
804793
Android2006
16758
562760
danish00
513832
922020
74571
738738
hazel007
142890
571571
972400
289410
787677
344432
639034
school111
333652
361559
160226
776743
551804
591888
651970
77931
37989
32298
770935
016005
058388
905927
250817
41342
9513
97594
632478
76839
203005
teacher77
school786
Aurora@
0954
010193
thousand123
192566
451374
108680
273449
230285
93807
568810
394867
201839
777227
929478
855481
331078
164747
076890
684299
0515
773102
244530
270237
Ninja
520289
288772
971091
572242
Ten111
zes123
02681
970321
508222
560395
432289
048081
466829
228041
347457
896753
492778
415811
890043
377509
486827
350152
961763
050999
692362
569074
732842
318296
766216
55629
880176
482427
386452
706519
089716
552618
151558
508255
290926
797346
049060
100298
391677
293546
444741
820171
257356
865315
120054
07294
72303
113003
875138
633138
xef123
72541
763686
362736
tiktok123456
1317
217448
215589
979990
04347
594660
89859
123167
68572
056463
990583
311036
580646
25144
240295
54418
398431
216084
444158
871904
93961
663751
437426
038874
6126
131824
323114
25032
10703
20083
858220
638715
fatima007
130990
688094
350581
671407
056903
112189
457996
Allahpk
777887
131879
397969
336402
277717
121561
11284
383042
7104
765391
740597
0198
30548
046717
485969
051722
721941
6072
687269
454850
914067
079211
629695
291205
267685
17339
463705
674795
453563
044341
891209
957979
605165
182479
738221
679525
383999
547019
603779
357940
1314
792715
053119
681505
871871
897105
888118
18928
645040
396352
86534
799678
577412
828223
729993
513348
046486
494076
097922
Danish69
729410
Movie786786
3990
349943
154748
701151
Four@
841071
598147
242825
29316
975359
ultra3210
175582
59150
435523
697158
680878
586190
391743
85561
792979
9276
338283
maryam99
381183
099033
71750
098406
252329
24990
448965
Samsung2011
school01
080553
679162
254892
642565
825594
756899
android007
133331
axf123
047300
tiger2013
220077
38773
697939
504361
905905
490754
929346
02688
374110
324555
509289
482372
197703
876414
70063
47229
Master007
490501
592174
453288
460009
822591
301378
454289
840851
563156
641498
842039
436667
018909
8415
163779
416856
013992
497112
541684
Shadow2002
15l4m
404492
910866
612062
288552
278377
795344
63602
486629
511775
Eagle77
649143
764533
598807
317834
479259
465641
51135
282194
666655
909854
5466
29323
250193
Tiktok1
891605
488191
901703
628463
30163
064251
902550
739574
494758
315700
355586
615472
335742
921250
32522
106997
663850
364628
287903
775071
98406
313467
899426
526009
640145
857802
82873
971410
18277
545061
305690
413523
785455
8814
290696
855074
Last#
8193
763697
weff
242990
706409
346093
600105
144881
417681
873081
902660
170918
479996
716287
694925
906026
310959
112607
286077
537174
545303
29743
101530
157520
869429
64316
458832
189695
259424
226171
815837
40502
879879
878097
983939
05222
04256
emma1981
756371
532059
398387
426151
488345
176319
baby786
230857
12523
33971
77763
148643
081026
897600
706090
504020
421608
169554
4386
50750
111298
506836
Teacher1994
257488
428098
039930
978659
92589
498916
431255
Wind
141361
978670
535766
76258
074591
237963
715429
Teacher01
668657
797874
632313
978780
699820
392810
943635
395472
03822
345741
Hundred1983
758439
85799
827409
160622
766634
109923
081378
100463
153725
035046
072248
190196
918742
20902
480887
130490
370524
31612
704836
742192
627143
68698
lahore2024
Anthony2011
4368
545941
180664
564564
202136
172579
965503
973324
619443
092884
680339
511665
930380
573815
764137
233585
095172
830005
30352
guest01
687577
669416
584342
011011
04305
248347
881760
864721
261822
687588
Star2025
Hussain00
752444
hannah12
289938
190126
318670
366707
601337
828388
052646
986766
098912
417857
357401
240823
8328
024321
285395
951192
923406
041745
799755
0369
322091
111881
310134
765468
8529
96614
070299
47530
174537
5043
668074
650804
490996
783464
851730
shadow2013
Final123456
045551
377388
sdf123
040216
794123
958727
156640
468622
89194
931931
132517
356334
197901
983433
532092
270323
126280
06559
177232
467511
235444
891110
light321
83552
Evelyn1234
335896
383207
745921
master
admin2016
96684
025718
04382
958760
180488
830335
188463
162371
065604
018480
747879
saima!
701679
99274
93737
966548
8889
783365
230670
728200
398838
953392
434610
881848
174768
344212
390720
112123
150417
hazel1980
896797
076362
411961
raja77
982355
880572
928488
504295
484704
746020
696300
631477
student000
269929
685465
098219
57337
698203
632346
361097
884873
453640
32319
886699
991914
433048
34209
507969
189409
299717
494813
108515
tiktok00
642532
67606
214115
575773
usman01
188155
232133
xsdd
913165
779581
178134
700799
607288
733282
01757
433862
251020
213411
686631
090414
033814
709632
218207
077638
23919
461461
128909
059136
640838
45262
76531
502799
290510
560549
678040
466917
595815
375342
562419
72380
0420
421300
490215
151019
896764
512556
31290
578534
christopher1234
019910
546568
7365
Qwerty786
078606
195008
206514
Kevin!
416449
016841
four#
472065
680218
18004
866415
645513
370051
231924
712624
415382
164956
190212
103488
59059
976547
Doctor12
First123456
345664
864633
888316
King000
hamza2021
22442
048620
123398
690668
864930
944042
200717
201619
698896
959079
572220
072281
966999
star00
75775
253935
392106
918214
393173
810546
022638
110891
885467
450219
212663
070092
831589
893783
942755
959981
814066
649429
super12
202114
demo2011
955559
801295
30401
906367
113157
085327
baby2022
Matthew2000
949300
52857
372757
1n574gr4m1
110979
526988
171633
202279
Teacher99
35420
471889
46697
325457
50330
064735
429000
480304
064647
151140
958903
021923
792572
412313
945681
93688
robert
105138
502051
885918
206459
218768
47005
542454
kevin1992
636020
431541
551463
846934
08743
551045
947683
270446
107844
031636
338470
430584
173140
224895
94605
481690
565917
561880
648373
853699
71715
626318
400917
058762
574068
276859
84168
841984
157245
729751
Robert1994
saima00
774235
722458
525536
272503
121726
683298
346324
938828
780483
424787
887931
Thousand1983
442244
534281
18564
195140
120340
89082
267366
78400
238403
teacher321
659692
19390
07840
704484
student1982
556160
706849
Sana1997
811305
680361
867779
991936
451231
796807
528572
843194
60452
734679
841907
525052
586476
197637
172667
241186
522390
063272
747505
870485
010560
999284
63007
Monday88
944482
170893
Guest99
638319
287408
776600
164703
492283
moon1
53235
354860
022231
370810
347534
339757
216238
9036
056188
036542
Usman2000
641795
693165
572319
535601
452529
041195
783662
981651
037532
34055
516373
987789
476608
769296
310590
383350
876260
527109
278652
001507
38311
411367
318307
muslim1988
359315
742676
767668
807928
782397
181280
706816
668888
777997
422092
786896
605275
guest00
277893
716507
749177
717585
801966
168674
13741
860860
Night123
582153
167321
820633
426536
869957
628650
168168
385242
770385
926640
885071
026433
baby123456
935495
65086
google2012
528561
326238
67256
fire786
hassan2005
151120
338877
688215
595133
064306
115247
Usman77
150887
201003
06209
674102
018876
Google786
Sana2010
alexander2022
360404
674509
687885
50183
578600
916740
820952
843216
71806
90216
038918
142978
508013
kalipk
58646
9384
06419
253979
280940
618288
469282
010472
524931
Danish!
061171
joshua2019
909150
290807
addd
917554
568392
318846
Mega786
Imran123
193215
Master77
582648
853798
405768
edward2006
384098
777414
819324
287518
235994
050296
65856
623942
india88
049368
997018
511412
250646
756921
630773
004081
699072
4227
239107
882893
quran#
091784
003520
35875
774301
61285
658823
167519
672067
446171
163471
Windows!
78260
712360
red2004
Islam1987
308946
06608
050908
516395
234916
Hello1980
874665
269214
802318
717156
Black321
58247
530112
602514
29617
027159
484330
38549
331463
110132
784960
672573
567897
797577
640618
582285
412610
447271
january2003
439571
278806
53011
Fatima123456
415217
076252
19817
518507
705254
435941
3753
117997
878416
693660
24234
115115
376585
011187
653697
517627
700106
928851
289212
122749
058773
031999
575069
649011
137522
295108
544027
064933
20279
631642
296439
731489
244519
993696
790042
37800
512006
18921
939697
05159
962720
518287
349679
63840
480381
873433
1785
829829
352869
464563
536580
758373
212014
8175
233882
142406
038159
674740
381018
151481
763961
421509
475849
746801
460108
police88
justin1985
633699
989989
681560
67760
3699
Kali00
542388
73052
015290
359645
147158
welcome#
42539
599676
440297
024035
182413
641938
50463
493141
313478
29862
096107
686279
432146
blue000
984929
226083
505109
870089
780230
09408
08414
86667
635833
565873
302676
98350
952116
543136
528407
038258
173536
451605
067386
154825
276628
16135
354596
141031
earth1990
443135
979792
219549
430936
660000
039897
443762
57631
094611
660759
992618
923868
342540
795245
170445
566137
153901
29085
478445
349481
858649
164406
193281
838838
319660
268895
658592
4335
319506
158411
218515
522104
936573
768064
Dark000
0435
123541
341979
856240
test01
250382
69531
047751
633424
305723
020812
631950
Allah1234
616924
505318
455290
787996
365761
5037
229944
451220
818202
963545
159951
738903
King2026
944185
490710
650067
323356
071786
06706
658306
069399
79429
403128
asdf1984
544467
sanapk
761211
525712
884433
856251
dragon01
990924
885159
220781
878801
938113
20657
291170
122881
849695
938234
065901
377476
758890
084645
401808
013035
151107
302258
443795
614845
5415
Hundred01
18865
891407
090326
121121
406384
532708
180609
569613
304678
179927
Mega000
977790
519046
360228
569503
Eagle69
950169
269434
090871
Ethan2004
Password3210
210507
106051
307516
927267
714098
559328
826848
216216
638803
090417
538967
163988
905707
679250
86478
656271
19054
78694
Last2020
India1234
65107
388652
Bhatti007
977592
574827
012166
164670
542993
74319
06937
999273
252791
614009
Sophia12
361944
342507
360470
300729
20671
water
898744
085822
720522
58884
600765
909942
247775
121704
378169
18879
752653
410344
210193
449768
207262
721457
Masterpk
155661
909964
344652
26950
157960
347028
053559
268433
429473
78379
75152
356851
175923
492426
426371
455554
842347
384032
356961
313390
135190
273636
lahore69
889614
49882
389092
092092
820897
24913
609697
201916
207064
563013
713284
796158
82222
58366
48685
654841
536019
saima007
060874
04753
766535
5409
278971
224015
640827
067034
755029
209704
396605
514899
33929
383163
794541
Five2003
95599
168014
637373
476366
268268
346060
250679
437514
432476
049126
582868
189266
59878
016126
189365
23331
170434
62657
724955
49602
529177
Five111
197252
297825
415855
027775
342661
977361
victoria1986
236764
2745
9648
415371
3603
1117
20538
448646
49280
527043
087791
676841
765820
898634
010796
361955
71568
960729
71309
450978
685201
307934
621885
012408
6159
65996
109230
929104
19866
12768
sun2019
231704
250019
mark1993
766447
582296
525316
911086
Raja#
717134
882673
292578
90958
804804
brandon1996
260766
331914
20048
458568
156915
713053
279290
938894
128095
998591
449097
525866
941743
263263
870078
336963
bilal2015
993828
151002
576323
student1
741268
679877
Passwd2026
661320
509850
580107
782265
259468
463397
193270
81928
942634
878889
45948
820435
860211
usmanpk
School1997
031163
396253
137368
462517
290059
244948
856108
charlotte1990
968484
Patrick2021
489863
513733
056265
033869
909656
559911
181555
826749
15750
596816
267179
368456
723569
109769
044825
016313
191334
203302
631917
302346
29897
hassan77
684662
9162
204281
201190
173228
165264
494274
531014
09254
120450
wolf111
723547
mega22
379599
295086
348392
88774
chloe007
909425
989670
114840
70462
605792
115434
800228
468721
12600
692681
040722
52290
068673
27118
388663
99771
190123
emma
402072
0024
156277
541486
570944
825759
307681
721116
388542
Ultrapk
821887
94507
925221
Kali2006
5178
031031
126841
570658
802648
212817
640585
289751
296769
778371
94346
918269
683188
501303
345037
752378
165968
471669
7071
63966
624338
135234
635734
449449
428538
master2003
450285
226952
647097
21819
Seven2023
Malik1
167926
01995
98042
34475
536184
849970
3216
044209
92687
685025
746240
817113
390907
20587
867339
549835
157817
170005
950807
0813
762421
53711
820215
535546
713328
025674
645282
085569
029249
1310
392821
207636
569349
130111
285604
828278
332233
746482
515086
610929
687412
262031
056485
740058
031105
034980
888547
6477
1815
351802
550682
39550
400587
786346
648021
658735
705958
933427
290939
774961
14721
January1990
380897
067705
342771
648890
401533
01540
445104
348843
five007
350636
800514
497409
290911
680570
robert786
868978
603856
170890
188254
41734
951676
india2012
869099
884598
247357
492745
178629
n1gh7
218350
354365
008690
603625
137456
692604
277442
767096
075306
910063
096855
727507
usman007
959123
82600
Paul2008
553025
677743
whatsapp
968902
660957
Riley12
465707
91385
497035
994983
370414
0327
748803
98238
59703
480183
987294
doctor1986
Wind12345
373824
Whatsapp
986744
269907
985468
518166
973401
348612
316591
357599
185746
002981
282139
889823
604175
28966
763301
380017
419111
794618
82341
281897
958837
685333
941798
243474
068464
854832
869506
816409
justin007
Music1998
031005
Matthew1234
130290
163009
478621
Iphone786786
388432
january1998
251394
91217
730851
994972
111408
402985
97727
41993
071008
356521
475563
689150
238898
58730
26012
24283
090317
605088
final2018
07140
150348
1797
54390
529386
564520
25116
048631
52941
352528
667799
887524
686213
Emma007
629783
614119
83293
220902
070626
60585
281765
33943
08218
655809
483450
576785
0477
richard2010
211079
498685
322146
98448
74816
587785
71120
31437
58982
481415
739893
059576
70238
587620
207812
230329
208285
066165
095051
374781
162008
998547
010420
072072
78638
247654
ali12
161271
993124
2484
715748
921294
950785
118151
680053
27930
411565
84161
Doctor69
671583
xss123
872322
613987
12873
050311
775280
291918
355201
910459
85099
87479
8133
203467
315007
151026
543169
672727
368621
105556
783992
946044
764423
344179
Queen1992
Shah1987
40880
ali12345
48720
620224
628540
238568
january12345
848045
991826
378741
975865
286594
364595
435886
267333
fatima786
zainab2024
386661
906972
43778
043582
qss123
008041
25228
malik@
911108
210114
592944
tiger12345
839025
882662
96978
638726
33670
99239
856185
522951
Kevin2023
452089
397672
927410
131912
389466
Matthew1
442189
599775
094083
81438
804408
00546
030214
834119
96558
161183
405053
265903
843370
993234
73395
880869
854260
08673
394625
87304
75264
51688
339053
059741
water3210
829477
957627
070851
5739
954338
277849
447348
328174
927091
195030
160446
019602
863357
630300
5397
878746
704506
223916
49364
george2021
81641
44380
701041
916190
qwss
528022
Allah2006
359887
100254
74011
36603
35896
750706
983235
045144
556501
837628
796741
582010
110825
279697
2079
963182
422972
397650
093929
23954
55034
367895
696718
550418
230813
Passwd007
86863
029282
017611
217635
235983
394977
492569
25319
justin1983
482449
522247
121473
034122
978560
727210
763807
675488
154814
483307
03724
665753
918907
850773
026543
10647
025333
94465
270281
281721
ninja99
One321
765028
934846
581790
526537
624030
Chloe2021
395153
159621
759440
241428
433389
ethan1987
79842
225236
318538
63861
158180
667183
Malik22
638759
725351
374858
203995
627770
976008
Facebook1983
28154
919831
6837
489269
273196
782386
616704
472857
250371
534919
897061
761244
439208
460218
784927
instagram786
105710
30107
710028
606243
190289
Play77
382327
774708
243518
722843
peshawar2014
205524
252241
585552
048807
36008
309331
3453
167585
22946
547272
448888
225555
923263
617375
691174
090563
951632
937684
261195
533863
784916
dubai1982
46172
182083
829752
Police12
72989
37002
243837
Engineer2018
001551
435391
578776
642455
790108
10143
068057
774444
130636
818103
04046
948288
796048
978516
252813
049280
441991
91315
699787
guestpk
919006
679371
432245
402875
26754
768944
721798
290217
720610
152856
475904
608762
Ten12345
216260
17661
34545
Khan#
3627
46214
13300
Mark2026
206822
378730
450351
177617
636834
736560
075317
244288
286583
983246
579777
690162
98700
787512
25207
Whatsapp#
936540
691383
543730
045881
799623
403898
667590
Sana2000
088803
394053
479424
650320
217580
881188
688391
726517
Secret2014
816035
Ryan1993
550297
649660
084271
437833
Mega1986
596486
285065
795949
671737
520674
809798
013167
259578
139821
896104
587510
817971
899536
108493
841511
450593
817542
732996
945604
197450
331870
561957
82439
326271
703142
236555
877074
011165
704660
512831
991133
Android2011
454300
066099
29981
269302
642180
72254
715572
393008
592548
56539
072688
002057
111892
72912
673453
46263
228602
628936
58842
032109
804540
615890
577027
503646
168311
822965
960498
99456
water000
493878
paul2009
021648
191576
875215
849574
359051
7914
king1996
183799
010693
350515
04410
424589
314248
965558
Thomas007
82551
9828
37947
623040
131219
83279
10423
361372
951016
915332
643929
87332
465850
93100
809006
01603
01197
764797
021747
220506
053724
99246
75516
936518
925232
123456
452584
99603
554147
273416
328471
325435
251093
315755
665258
Five2015
47712
569239
798105
798061
436821
920095
358754
980309
752290
502821
93954
107052
835395
097757
07574
653818
606925
139799
900416
220946
538054
145497
03948
Hussain1992
188639
561319
8898
989835
910613
scarlett2017
473297
317669
332068
125752
921448
483197
641982
317394
310343
901571
monday000
055682
fahad123456
963765
20692
04459
085338
697642
Fahad111
237743
578831
125565
42112
669658
556402
521686
0611
79772
qatar1234
294690
13685
397353
First2017
Imran
20146
75621
270501
344927
357786
422895
438581
474133
986667
878031
814858
383735
teacherpk
Night12345
500522
181049
654148
369061
80612
665302
46676
776347
455884
813692
337326
588676
227150
449427
800679
edward@
744315
727133
Evelyn123
70371
four12345
629937
325908
018887
380138
11725
164846
819005
74914
430463
945692
1221
817443
003157
93184
834735
168465
742588
Wind786786
283602
Quran000
070196
602173
809941
695178
410916
Earth1985
253253
119823
131186
903144
611292
266618
628859
581449
078320
901516
621731
406263
dark2000
439901
279070
060962
255497
695728
178981
Gregory12
012210
693583
587653
732545
625141
Peshawar123456
385726
057343
005841
806509
535073
169169
438449
032692
358006
khan1984
Water!
423786
482108
33089
96712
783552
003949
345345
973456
250272
282084
secret69
694397
310442
742335
823768
008503
822448
587488
Instagram77
582714
354992
346016
889251
521796
844723
189343
170705
224191
033671
597355
845691
915453
94339
701767
2911
813901
260854
457622
815584
348425
Green12345
227194
639155
356180
222849
461010
Star@
361537
807840
345840
859936
214467
498421
130408
216150
178915
947859
43834
031922
540573
089903
481569
24164
717552
149501
85393
225511
947969
19565
793045
Music1
705430
Asdf1991
034716
497992
968033
152999
990088
583198
130917
660748
Quran1234
8736
604989
004884
18557
133837
dark01
754061
446523
559559
226787
187176
137621
883113
653906
143715
Fatima123
67578
206030
018579
997590
375331
User12345
079321
628881
191103
63714
58499
439318
360954
499026
558789
294206
angel1985
240141
400026
50260
829015
076219
592559
895895
88984
164527
402083
062238
login2015
528517
053163
080344
587334
016742
305701
563266
14245
66381
2100
791109
Ultra!
866844
187737
574761
531817
570108
Multan
797962
352935
7254
715561
774675
276760
506209
478720
037994
429176
680064
80080
807521
231462
ayesha01
396946
Fahad2007
518122
240130
707058
829290
Brian@
339955
094446
153230
35490
student123456
0966
34965
829202
642510
08253
893717
820160
568337
296703
805739
499477
335214
709577
896390
163801
786203
702405
8337
477180
113410
599720
693759
610852
785521
298199
218559
53018
760793
683628
123310
065087
570394
saima123456
009955
125422
724427
030349
260920
169488
812372
79912
921393
179729
591932
707377
371239
149677
249293
xec123
307615
74326
520267
126357
939422
2340
802274
229977
915640
676896
476619
020746
237985
31143
273526
920458
718058
Earth2017
007260
533192
110022
180444
947287
920854
138523
677622
979418
Karachi1985
Admin#
891726
420497
335038
509355
sana786
282788
137555
394856
653070
494032
406417
746713
Danish1992
263307
89495
526196
167101
85400
70119
604373
488114
644303
99029
976470
462759
89614
169598
687071
593604
95438
11312
90090
13111
657206
Play123456
189310
172447
028578
319715
4521
500346
599731
18144
338305
362417
916542
568557
863742
765545
Pass321
983378
982773
Final321
781231
442662
761882
956450
002299
nicholas2022
73584
44289
Dragon1234
Christopher1993
601007
7881
916971
388355
police007
779999
970046
864512
1428
904013
422444
265837
509520
016863
617463
607112
368016
827541
39634
864424
295427
236247
679734
901153
636438
432344
052899
Jason2009
953876
728486
632687
783948
352605
473341
206789
529056
226941
615791
574816
877107
286792
08750
439219
Islamabad2020
12978
4404
839113
050396
550440
509905
Admin12
974237
091120
801757
977141
588280
72065
49672
073887
414194
796411
898777
Pass1985
568612
962302
seff
620554
Hello786786
713757
231208
958023
808346
563376
Karachi12345
090838
41139
395208
465509
528088
230796
557810
807433
620290
331903
Passwd77
777876
622556
Asdf007
441639
440550
ROOT
657404
37870
736208
442596
774422
Qatar@
25935
240361
151426
6177
516626
831347
303182
237644
000594
143396
50239
410091
466928
186153
412544
608608
568293
366333
578644
864094
545314
618981
612183
666963
136136
User2022
31780
959728
996523
126500
9000
276474
372273
242836
179487
866866
56245
6342
845900
908787
665995
042262
16324
309661
631741
596750
750211
apple1983
339350
003916
896412
97223
alexander786
748198
Pakistan786786
597190
83804
376211
212718
954613
596871
imran123456
033077
288189
551969
978329
243881
283547
200937
india1998
15365
059466
468061
087142
288761
428197
767217
899657
681835
268136
christopher1
Islamabad321
Layla1
936782
xws123
Elizabeth@
683848
pass1987
0427
740949
566797
271942
717343
928191
13370
244398
1812
586091
915244
655292
zainab1980
271326
351890
73647
309287
201476
585596
233046
947870
113454
222079
436326
student3210
822316
518463
earth77
738287
704539
14322
830632
412577
460174
515383
959167
3114
ten1234
170911
87486
311696
302940
59353
76867
340395
796565
324588
452617
266750
Cool01
27454
412797
775258
fahad
912142
045903
Seven2026
7326
158455
433587
511236
Shahpk
475024
722051
395439
611369
Malik1982
481591
945802
passwd123456
music123456
windpk
657569
574563
531333
293458
one88
17696
584595
141691
341814
578809
044308
090904
162129
welcome1989
80745
quran2022
900449
46487
246488
504394
071995
36022
935979
52934
Saima321
632027
collegepk
809732
420937
087252
341869
password88
990220
Sofia
186230
285538
998756
713130
817916
024002
276705
534622
513986
38353
264517
889515
859606
917598
Jacob2004
398717
quran!
423379
643368
741818
149875
583759
649110
247929
949333
060478
141339
485177
329197
252065
434148
579590
black786786
580217
030490
178618
88200
118338
879703
224763
63259
650639
0948
42574
8004
Imran00
133606
13727
zainab00
651354
784806
376497
187638
641894
053878
695992
27818
662904
pass123456
36218
013761
27713
954866
517308
093566
195349
182820
166518
081697
597674
881573
237479
261261
24213
Asdf123
961422
679217
340186
Robert1982
teacher01
488939
579161
212773
079849
079002
060973
movie1982
590678
27251
634755
789173
139623
654698
474320
623843
720203
789690
930501
03290
dubai111
4794
1404
418275
171567
Hundred1234
959398
044594
146124
19607
083985
michael2015
80192
420486
952820
565323
903331
Ryan2003
355311
94360
mega2010
780395
879340
699842
00189
02275
0783
572495
461483
78428
888514
866151
582032
henry2010
Youtube
978593
276551
050358
136169
568766
asc123
310393
348150
107030
854249
l0g1n
506660
609653
678227
123200
948926
Tiktok2000
013354
242187
619322
226567
110802
604527
917840
962467
230637
L0g1n1
888294
834636
795883
lahore99
507925
164472
322663
071588
064999
33950
375595
288222
853083
433675
099924
638099
270211
687324
1711
4332
78736
677402
789283
681527
086163
653389
315656
170823
908314
169004
604494
Quran2023
964106
583814
3876
971740
728959
673552
178893
Pass111
353881
674630
0102
932910
802934
834724
898249
130608
299079
74550
charlotte123
765787
643720
314996
258478
5217
Hassan2018
Iphone123456
634645
53760
71946
592416
191378
894146
49952
358952
744381
148357
728442
620356
155738
Steven12
Apple1
906103
769934
616440
4080
348282
367235
310024
33551
03136
605231
424666
64225
288904
513513
866811
6780
981640
123211
Ayesha786
767195
baby!
358633
566841
133562
272184
533632
32018
39060
179740
781440
730048
088759
868384
155870
353298
258346
807642
901967
630432
black01
5244
795619
2643
School3210
966262
791582
098758
177210
023914
192368
901780
914562
omar22
166892
090926
238832
598840
773344
176715
8037
191719
323587
147301
867152
426712
818730
268906
78309
878999
290699
206569
230274
174031
6519
588775
364683
352781
350207
012441
TWO
196361
78435
222288
497530
994840
983301
319209
Passwd2017
881474
996765
810733
813967
287837
544005
652058
757757
609840
615340
140294
250888
061600
9180
457677
192896
Android#
Bhatti77
897116
340098
466983
644336
012507
Victoria1234
928477
290426
fatima1995
012078
Abigail2016
51310
435611
016819
041624
868989
333498
821084
255200
316063
104522
335577
371866
413138
62713
793408
887172
607860
996083
070108
44240
434962
516824
andrew@
97559
422829
218295
950444
290389
569591
116864
744084
316690
634480
576620
435655
945725
502381
579502
338580
209693
41692
954514
022352
7716
611149
131241
94087
640937
071108
lucy2006
09464
05873
336259
102905
609532
385484
632764
0444
339306
516340
087901
926794
42770
751245
735438
355597
258984
057354
283074
980089
096569
627242
722546
409530
424677
254188
258027
612106
822140
47593
269742
503712
230217
177903
908600
74522
203786
802538
81109
548526
202928
Light2006
722920
827453
584793
810986
welcome1
975227
345433
344399
228525
638880
170060
731225
817487
65121
49938
099319
90412
434104
725296
550748
352825
962984
195657
82691
300025
904112
417318
whatsapppk
481371
550902
086581
107206
387178
Queen01
64309
927311
57806
053405
953337
907665
071467
029733
623601
121660
322641
542586
facebook1983
670736
Islam2019
649726
40012
514184
975832
089265
562342
431629
257576
320199
199881
705760
024211
usman2015
470965
940621
856086
005291
694474
51919
627121
566335
934703
812240
65905
714109
715352
55755
254859
280170
554664
050479
598565
19649
161458
39011
431794
764181
228338
462803
307571
250008
719510
0621
931964
052525
862400
534908
206998
Game99
264814
250360
897875
63686
624547
585343
362714
695321
31927
057255
45507
772464
667216
21693
18088
110286
925430
698566
omar786786
780637
5337
206657
Red2004
74333
1932
487641
499950
179476
451561
307472
916564
Malik88
333069
483857
87059
95137
329153
866338
08722
725197
81718
01659
496639
65485
350504
931788
8583
562045
Nicholas1996
270790
55202
922218
234608
920953
898414
4443
678062
714714
938487
821282
951467
560736
639738
980199
253616
78617
230681
61173
604593
sxs123
237182
094666
63392
308132
633677
noah2015
431563
791879
271223
441144
378499
546799
0513
31360
usman2007
663971
959475
432135
117755
281061
361339
838849
930017
53263
205436
279433
411642
562232
775632
776292
233640
366080
259567
068739
Passwd321
15785
457699
430034
715858
secret77
241901
274109
086471
769890
610753
404272
272206
280291
021582
821645
190773
806014
568348
583935
201586
924187
707300
78386
018964
325490
876062
387156
844943
912043
480942
127523
687115
026279
903375
Alexander1
722579
108372
5490
278157
196515
293865
170305
368852
597091
771023
930083
949993
024860
919215
462077
11347
692263
664290
11956
555390
194601
151756
120285
021142
621093
anthony
665731
151602
352341
scarlett1980
143594
695354
658174
282161
063998
49959
585387
872498
116248
Hello1996
831468
7302
751509
908083
212949
3240
85848
9087
238975
444906
091883
439197
monday786
887491
986821
apple99
93772
628232
135366
678634
24612
26670
Olivia007
353848
Cool99
988097
Khan69
114070
55342
593593
401236
256795
147257
583792
887513
001199
177738
652322
744150
45710
661793
294492
sun69
666347
147884
133232
934087
blue786786
832502
887392
310302
816761
141482
21896
589446
2328
831644
552992
983983
073040
435215
779834
288838
230252
286033
970849
939169
598972
188782
848221
908413
387134
863082
78281
61754
187198
476575
343497
740795
871002
091905
702625
127435
982916
320815
605913
532994
935561
753104
13888
3120
6171
85533
Login007
070593
670252
0131
775467
812592
82740
158928
363671
230511
142670
18529
64351
070554
484011
23688
164868
312356
259545
22659
6963
960289
854909
449328
733414
hassan1
Hassan2002
616385
783739
815067
Instagram123456
987635
709445
137137
313346
Windows2020
48272
pakistan007
566060
Hassan69
57659
948618
96852
004708
50078
491260
421069
moon123
700249
973225
140965
96271
05355
6678
130295
567787
733337
041437
567721
829675
4251
483802
46914
677347
693880
890230
965437
933372
492525
287397
747362
716221
dubai88
889372
262823
069267
Test#
877811
585354
656601
458458
364441
554587
032296
058949
535854
213587
838717
100507
249689
512545
628529
160457
875017
265364
033242
123321
king2003
94710
Whatsapp123
326381
861377
15239
secc
702548
439857
582758
ultra2014
892067
332519
574849
26614
5145
551056
32242
995797
13524
746647
one2012
004521
970728
865898
453112
295691
922592
174284
909348
Last1989
guest111
825418
267256
Dark
113927
872487
235422
28182
Tiger2020
765930
553300
247698
864435
438548
648879
104940
859496
910349
602690
0786
Ali#
79219
112530
130339
43092
052470
593945
evelyn007
668877
465553
811723
Login2003
713614
Kali1980
563255
862994
688325
162558
691548
20965
360448
219076
88970
942018
68635
125257
864149
99960
46634
483956
546744
082104
71491
434775
480447
682132
170620
15008
491337
945087
930897
486849
805200
901362
321717
555665
702251
harper@
097449
929687
861916
016610
228404
01386
094237
486321
022737
98539
655864
234520
500511
579656
468127
081202
088066
941512
623744
642125
873631
932118
788876
617705
783970
314501
731962
762916
emily123
Seven000
889020
325974
088341
847121
515141
697081
132528
041800
396385
517814
69300
136114
Lion2000
658977
050930
773333
57155
196119
328020
131108
255266
505824
858231
227612
718113
107756
645843
076329
164109
044264
534523
053350
274912
4161
Moon1980
764907
696894
zsf123
karachi1234
121462
186670
40467
648362
573804
635888
757636
795432
556765
955119
582483
788931
226446
55251
781847
207614
693011
484242
146388
6573
178002
284581
316074
206668
359304
84812
48846
226215
521125
346665
347424
836748
073502
Islam22
86884
272910
114004
645403
211860
Kali1234
Saima
104500
Seven77
189563
276837
170291
301213
instagram22
facebook12345
684200
713493
654643
130460
464904
401346
246301
141735
school123
772673
231293
386870
943129
239492
71925
171743
526460
095359
310398
928169
bilal1983
211244
Lion2022
094721
460339
610456
648098
49917
162250
284097
four1991
631290
302753
163570
linux1
506715
jonathan2009
837925
230917
266629
980452
939092
185691
260733
925529
621368
63385
2733
61642
199496
885225
010021
330847
Admin123456
886930
415877
412709
74732
520058
80808
james007
444576
679184
660495
036025
280863
874753
75901
17178
student007
514701
543697
931513
309243
557260
166529
212256
576400
752180
080212
097801
767910
751432
165561
210012
797214
102509
605253
062293
747681
69328
131307
678953
08260
156486
550726
858407
917092
02366
907698
128590
883773
king786786
108097
Bilal786786
542190
85680
402963
606221
163240
653411
604538
32095
michael786
asdf2019
80444
781803
969617
371811
9609
173338
119856
83188
196999
861542
Guest2004
312444
92407
534699
711667
888591
282128
659714
413578
907764
35504
Policepk
383713
181368
728904
658999
815221
03059
133430
121055
644127
6267
wolf12
613602
846131
58814
713603
911977
502722
662464
152152
657910
446622
323191
Fire000
311002
925848
297330
133672
611974
Harper
Willow
275572
red3210
157146
558888
179762
655237
634986
Earthpk
933053
489445
040150
423753
593043
209396
816739
143638
561055
69517
80255
183128
77273
397133
230702
346214
Qatar786786
389257
230362
518056
016291
63378
924165
728794
023837
93317
270505
822822
218075
098945
176990
718476
587950
852896
720731
134321
646525
678568
744007
552816
306119
364463
376574
Apple786786
bhatti01
341748
64925
851026
550924
965261
422741
game1981
650925
742500
189068
9057
314149
052459
927971
479633
49637
771320
815573
67830
30954
020900
797445
248204
39235
807587
Seven321
832733
youtube1980
77987
046387
131494
629530
562628
ahmed1994
511852
12110
44149
762839
674124
219208
104412
759451
815980
930160
108537
428219
1161
804628
441969
887535
301169
290411
391809
13580
599137
122034
Wolf1997
302093
police2010
185999
237424
894443
245454
95711
612282
288849
393943
744117
19257
182072
Lucy1982
556523
501050
578820
311020
393800
188958
890384
320947
544159
75019
06489
908897
985028
97734
901978
869484
850025
175109
427240
234388
694771
799073
580789
835120
295724
238315
027830
531630
271008
951423
41349
405779
387629
311289
006831
239184
249590
37842
muslim1985
1231
Raja2016
270893
191917
804936
147136
41377
Sun1996
993707
welcome2015
990418
691086
687456
qdf123
926277
491205
009460
536756
16079
619641
555951
244409
06468
271920
031093
266420
959794
742379
641212
669031
828454
751905
576983
811833
420915
650408
388465
258467
307263
405878
388949
563123
140327
077528
906730
130902
283371
479732
7551
77567
053174
ninja
35511
39592
971960
83587
530563
Lion01
731291
260491
410608
193292
760936
622281
758538
229790
14889
278718
694628
391281
532642
02856
7767
754567
sofia@
902132
452639
441386
George1994
shah2018
957858
518485
539638
877272
641443
744172
100188
714318
845361
58751
750959
174691
471174
hassanpk
402391
312521
Game1991
75453
552794
207427
932679
528638
688952
669713
475552
75222
783882
388102
093665
240559
236093
824714
48111
one111
password1989
693352
190799
5856
890901
65128
904640
857516
807653
392007
341121
60886
349976
282678
Emily@
982025
144419
4074
147037
920645
282711
994763
668261
072204
602195
956153
6990
Sana1999
35112
427845
020042
350900
743039
qar123
929907
416889
054461
833294
32214
518342
357929
Password2021
POLICE
987272
311839
910492
539033
682737
027797
907797
574871
06160
299728
99064
077803
874632
angel111
582824
369292
655776
760463
715341
162932
203841
ali2012
941292
74060
113531
067815
044000
087692
399036
418649
quran12
959585
946616
Islam12
96719
98189
656150
213345
891011
261393
Linux2013
27321
956307
725164
950400
354926
020196
264550
009218
Student12345
blue69
010223
920986
239767
112838
293634
226050
322531
232793
579711
192357
285802
485958
280907
383108
307868
41741
69272
689128
131406
Qwerty1234
663443
53921
874698
289905
313027
405570
113278
270765
253715
783805
050205
003762
240218
609389
714978
1509
014124
797115
293040
639804
Dragon@
65765
218581
270502
461032
446633
701371
519552
justin1234
488477
7878
317097
118965
436392
blu3
742599
38262
307208
000704
917312
398453
300300
373582
55972
1179
raja12
021769
878735
28161
712877
013772
430166
995126
230087
764445
304491
120923
824296
900284
177705
52332
655963
926409
700337
329824
925089
48853
317746
957891
988372
459756
156761
154616
259633
719444
996457
359689
987800
457710
police1982
964678
818389
314468
469997
841808
928972
ayesha1234
Fatima2005
627605
music12345
689260
428307
musicpk
918060
425700
423951
322322
371327
370260
qwerty111
591228
173041
650133
049786
844767
697884
499488
6993
341165
354002
407044
532972
504812
702306
231682
558646
96929
918566
710644
433642
017259
122760
264330
193930
676115
169180
80353
127611
094699
619784
456093
Five!
331034
586971
691207
962544
664202
150953
979759
766755
862554
482262
270534
fire77
171050
8085
036190
5427
511621
566555
Google2012
683474
layla!
57673
33033
125906
92757
87941
307087
60788
504460
05061
709368
Dubai786
Queen3210
08757
654533
800195
705452
king123456
426987
827596
089694
243892
609950
551771
hello1989
02709
343992
934549
311949
13468
Mega22
09541
82306
023375
130856
784190
446006
014674
qwerty69
zxdd
503470
39333
492371
246587
48678
157047
588335
224279
388597
77035
2460
244871
130251
847363
47082
171347
263021
395802
864523
890571
689249
172821
299288
069707
673926
hundredpk
91056
925056
John1
684068
690811
160754
28791
304953
Shah007
161942
472912
51870
513425
260579
352748
821106
322982
green1991
785873
926101
942678
16534
070081
16233
576587
194513
51499
595177
022935
213598
527549
499752
045034
294294
592526
201795
Omar000
831457
498003
501765
362230
916212
564509
797456
25676
157058
138457
975205
588511
869660
816772
201608
624173
852621
383581
666919
058179
513700
morning786
Hina000
434984
462352
anthony1980
Fahad1992
Leah1
023122
140910
390709
741158
458359
77756
852027
matthew1
425744
488631
348436
940643
508893
512600
17045
Patrick123
80976
251328
841731
651519
303226
521103
596255
798138
174328
991529
233673
0732
one1
805816
243155
438020
533610
368544
76573
463386
589160
706739
011214
095964
892749
963314
938861
424919
414766
0908
Game111
66458
Qwerty1984
350856
india12345
five2005
620202
322729
70448
697224
118063
905531
349470
057431
425777
093357
islamabad12345
87864
867383
468820
481316
476652
719400
000935
school1995
074514
60291
339317
936452
548405
156992
jonathan1234
lion2008
250220
432080
515108
399047
141768
246312
512171
Play111
049522
507441
065582
982542
299497
4dm1n1
782628
44030
275561
731830
42336
133463
Music786
052129
950631
275605
606364
132297
64253
09016
841533
564938
334070
35497
165033
06825
687203
8451
524205
110671
1962
693242
363165
mark1998
237127
802846
49546
238623
253814
600270
536723
daniel2022
186406
901494
149006
Eagle1984
086988
995203
07959
02268
053240
996842
794486
549670
442904
033605
561253
50344
595441
568821
20223
96698
146960
670274
Super
202642
091751
762333
970365
691372
724141
708048
435787
214797
035772
025553
037906
46354
730312
143770
04319
28854
157608
140195
923516
470470
305503
517165
Imran2012
396814
310475
191400
830148
Mary123
486750
913275
651838
545193
36890
707762
198165
822745
130820
396077
260535
423665
036003
408001
120494
214203
694122
861465
Aurora1
607123
500687
647713
password321
2364
179245
414689
Hannah12
074954
4500
536734
540595
712547
wind12
297011
301004
cool1991
349382
005874
17899
58142
934483
631928
255937
058729
820919
64876
928125
643753
309100
Moon2022
713570
Aurora007
611534
837188
491073
Light321
391237
655380
406087
Dragon77
964502
616693
778019
37345
amelia2000
p455123
261811
33572
285252
8334
668404
800272
07770
819335
791725
047267
449141
471812
709511
70714
888195
justin2013
799304
228085
864336
154462
889383
242814
427999
010219
72275
746889
35994
259204
695288
648109
554565
754974
0276
308869
562034
318923
860695
287089
142340
251218
600369
John1234
054670
561693
010417
151888
046574
684134
176022
138611
204336
528143
Root2001
Play321
619773
853688
331980
86849
708730
81620
854392
59024
144078
924627
807763
188573
706761
42098
064108
Thousand2016
frank1234
452727
334147
448514
84119
415558
074877
872058
058201
51947
Edward@
Guest
000759
387288
953238
4905
463265
894498
24570
294734
191862
387519
989186
two1234
2903
451770
622600
915211
332464
928620
325413
814528
Angel3210
784542
307362
991661
081114
190593
121935
883586
110326
39326
365343
677490
066880
540914
278674
48181
920073
966240
725813
131126
177991
aerr
353309
389224
767602
421861
139007
214698
894729
Demo#
589325
Bluepk
413028
889493
458887
45486
840103
55111
004763
627341
128293
625702
785257
864490
042944
passwd1983
285626
114917
754743
243232
450109
800525
031240
195668
98798
856405
390137
030299
Sofia786
364430
462231
589633
184074
311531
521972
Linux12
Password123456
757812
705309
252054
981761
762267
F1r571
60172
339108
372372
131199
197736
668602
138479
121891
078947
940731
529463
243276
00350
321310
082247
018381
279257
259644
254705
086702
Music99
170617
165693
579326
Dubai3210
Ethan123
958221
317867
128546
271299
559790
813714
wxc123
15631
1182
16450
146080
415107
579018
Black77
215479
746196
082137
294514
110484
Mia
3630
Earth77
848650
695189
158334
753434
150788
603911
604274
08330
30212
762157
266827
323224
074613
999240
595353
57302
310761
797599
702053
439978
012485
658889
018139
78442
11123
565169
Frank007
069817
972510
121000
900504
407231
820765
647911
001408
309463
799271
Lion12345
08001
Love99
234278
234212
566995
369490
262570
378136
1103
837617
572374
671132
081037
Fire12345
568689
374759
174339
726407
342100
393954
915090
234960
Three123456
938641
42483
269368
331606
995082
51170
180191
941655
525910
174449
05026
150217
061072
823240
052580
705419
417747
377674
964513
643016
565136
973379
885170
637439
653015
213895
71876
399608
8358
842402
358413
673739
565730
698401
829147
351648
635041
58331
153373
459305
Windows12
014047
151767
447612
4452
081224
06167
817949
71092
387420
736648
202950
152339
153351
879846
2985
313819
851477
734118
734107
270743
808566
559526
master123456
200596
07154
68138
869220
030140
Wind69
140184
malik1996
989384
227942
dark@
84987
44072
731764
650375
604340
31164
102047
music#
7404
957693
056419
73626
396748
412126
399707
859694
349998
37702
537086
22477
739420
34104
245465
772893
216293
050211
284185
545919
683034
077374
Nora1998
794827
977438
722634
380336
211717
535876
175802
718399
314402
wwff
137478
225962
969210
012771
278245
672925
481987
224466
713724
420167
568315
895950
891077
05439
557821
549021
398310
812977
843073
899888
456588
032505
293986
qwerty123456
8892
856548
285010
913044
76993
google2026
684827
88893
472681
275935
33488
344795
14063
803715
7083
852236
652795
988284
032340
321288
505956
816475
Tiger00
187803
33026
463474
048191
58996
Aurora2001
295867
secret88
187374
976437
267982
174042
Teacher12
197890
241945
921723
0312
601293
381898
049027
537460
561594
723481
test1
18977
769461
932437
13209
Five12345
iphone2021
Doctor3210
531982
487839
20916
910162
zachary@
6894
372009
Dark3210
first2014
761409
354255
663696
641531
279587
262163
988339
107305
907874
95879
948574
732963
1749
497189
aurora12
337678
586586
467478
196581
364958
99162
855877
117227
588379
34944
evelyn1985
Imran1993
73171
307296
red22
321200
455367
317647
usman000
8190
555929
97657
487542
093247
882838
55349
019844
190514
544500
Emma1998
329758
747340
279103
580679
761695
843436
33964
2136
219351
845823
356873
306988
953568
zainab77
570526
827519
317845
489841
568579
596926
820655
7269
081741
310915
73010
412225
097328
257950
110055
school1987
683892
Multan12
795938
6336
instagram
078716
Last007
112211
light
190322
269258
026994
64946
080278
772772
209627
337414
936650
92911
812669
9426
68523
68292
youtube111
22680
74032
632676
782738
19614
4182
517572
665709
409794
13496
439483
675972
44051
086295
138787
Sana2022
739959
Fire111
126390
144969
615384
703483
601260
432520
599357
baby22
161678
442574
963666
0405
11060
king2002
62265
880209
402523
919523
294459
585046
387321
0310
92540
819687
2907
imran1987
660363
093764
644809
698786
Root#
425634
Evelyn
35777
125609
524755
581570
031284
723448
69650
521631
016786
549230
29463
562529
81228
090508
271876
472175
097042
586179
565851
026048
611633
612425
262174
92708
889284
971575
023958
183315
416746
549076
250987
187132
192929
10367
07315
623282
164252
068915
511808
892738
920777
542003
75103
594330
186582
415954
02786
094809
96397
malik1998
955647
160974
198000
104984
495143
527725
781198
510774
954184
916476
125631
346269
252483
927762
527384
444070
481261
88067
738870
253583
004026
67004
344366
294701
96222
412500
008173
501611
436733
999757
0984
guest12
913330
8841
515471
259413
5631
251211
898304
150214
357203
295603
723503
414469
Passwd01
958639
dark786
769285
630850
993146
87584
429220
51058
049313
526790
309353
835406
Light#
291874
183238
088319
034386
745492
128447
067210
829972
40726
samuel
208098
447304
57365
Queen#
519255
34300
534534
michael2001
961972
163713
181060
057838
293337
418528
pass12
090002
Dubai01
986755
052327
494637
261767
Bilal2026
541431
972807
484748
654522
385561
887469
549802
950708
501666
190590
090226
992651
432696
131220
73598
053812
204391
373065
789316
477763
589017
988174
220539
005654
250993
Tiktok01
051634
Earth2013
05789
803660
934494
237545
506506
38934
Test69
85897
538318
246565
406582
620378
025003
417186
119680
150579
288948
460691
688380
167002
seven99
784333
sophia2025
859881
460471
290305
636141
three1989
095700
65366
772420
734503
muslim01
641586
060786
40740
50785
561396
606320
071117
492459
816387
151822
173074
671792
793881
006039
847242
188672
102531
651915
Demo88
demo2015
3030
985853
423830
layla007
811954
740300
6300
37653
768493
576378
613877
50008
834911
David1234
641476
764192
962665
149292
3144
270325
106249
239624
463496
265375
66962
2685
69356
235818
827398
023221
608828
438515
71078
756239
311099
461747
291005
300795
30065
340076
476157
919655
853380
540936
081939
868329
871948
190314
670934
588456
Qwerty2014
12628
275781
283470
041723
42497
77735
673629
572726
702966
152834
759792
116424
177122
210463
27034
543862
Tiger2015
7467
286000
jacob1987
725956
720489
854645
031126
926189
lily2001
25529
morning99
484913
697708
460251
21602
364331
422356
844338
police786786
640541
Night111
933383
463243
30380
511698
568513
111573
6891
197714
920513
517539
339273
647988
679888
212080
630157
837210
361350
214302
362263
224400
130086
01421
75082
46067
377432
mark123
810084
131090
Muslim1
ayesha2005
Ul7r41
17752
447425
150942
joseph
pakistan99
199485
390379
307527
38689
270776
462682
570031
73535
0540
825066
309925
319011
803594
232518
893959
344663
958782
514668
33719
Demo786
83300
537482
454201
194524
558371
raja786
722612
379863
524238
7119
722788
passwd69
224411
kali1986
823339
2226
16037
288585
437283
772090
919226
878317
three#
681032
450373
599665
833547
336138
782716
613514
32347
078177
525701
250767
369237
05138
030580
136752
171108
4686
Paul786
783398
504658
407242
047333
204864
583033
540309
432608
242418
003256
239965
079255
472945
394823
03297
132132
203874
145728
329813
969848
884774
01246
975051
611303
438031
250833
940544
879615
766766
025773
990792
Dark1981
0696
763136
726297
537834
43869
030396
209154
655996
738551
819522
356785
250526
834130
121165
872300
376926
267388
051898
55587
964095
King123
642466
599159
68285
440330
56567
72296
609477
262790
140888
765358
quran2023
354981
Ten@
lahore2004
855624
Green69
Root77
71708
068244
213477
179267
631587
046376
260480
Root1984
375859
815364
903991
noah@
925947
26733
788029
Qatar1234
030190
484297
Amelia2015
051114
492613
Allah2015
384868
529023
259369
141977
4287
885621
164098
380193
699281
2295
2223
308011
78806
757845
49378
53123
617518
204127
036421
867537
Ten007
417263
202829
09163
848287
4671
327646
114400
870727
519222
111223
87962
216304
060434
242242
04207
quran123
377344
577676
755799
007700
40614
599192
528341
442310
626967
765336
565026
487168
574046
836000
342067
731049
118690
238843
942337
255189
203027
016511
530992
26152
6726
46249
635591
688644
188320
817278
066869
891913
978384
790889
230406
022132
90083
751674
694188
333190
36925
demo1985
978164
880715
638594
546447
14833
2028
468798
344003
769901
625229
Police2021
607420
735350
853391
784355
Zachary2000
885830
962929
983906
684970
574002
149050
673145
051220
187671
127160
222046
655325
android1998
934395
042779
620103
083963
315931
Warrior2004
Linux
270622
803264
034144
707553
853160
94745
405438
980969
625042
499708
102289
950059
887777
535953
82628
057816
97853
588247
170071
931348
86436
466180
601634
744370
55573
799524
889977
504482
604912
311223
419628
644446
487773
367422
744128
116963
014993
003795
739464
973181
Hello2017
890109
903672
Teacher@
Sunpk
916135
13706
47922
935671
14147
945439
881914
065362
03640
hussain
269423
320914
64211
456379
863566
526350
577665
536833
590150
339482
559141
452210
42427
443586
621071
439362
563299
34636
342023
893002
lion#
546293
174834
245091
708532
287958
5748
119284
162151
907522
146773
110638
447909
Warrior2015
36050
804694
425865
122518
35028
Google2026
759836
211882
00903
637681
instagram1
045474
502458
258632
905410
617914
668932
069883
925639
853897
kali1997
451957
943305
425843
600710
630729
276089
Brandon007
611006
440935
242055
032714
846472
47495
279642
227469
183491
864743
3426
733876
667667
136521
745316
532235
62475
111925
429231
574684
1599
762949
722447
842721
553938
675708
242528
318912
495088
947804
238359
770990
095579
213257
398277
39914
025652
296692
199023
924682
Monday01
780945
user#
511401
389664
394449
689326
super321
913649
139568
66437
072094
943789
703186
95977
81823
192841
902440
9186
523391
020152
16765
Qatar22
08470
Raja321
619256
46949
643522
840961
738650
203731
258500
006336
two3210
Wolf88
582912
zadd
958474
091113
460526
417945
987305
270050
531443
319352
31556
Raja1983
9633
298584
034595
4212
544896
84679
436150
941776
293117
990385
448943
734074
Kali@
134079
572407
098648
485320
48594
729069
134794
051023
943151
051942
2544
458733
827508
61915
581702
244926
980694
017446
292039
02464
749452
990209
788018
139513
87815
brian2009
894201
646349
775401
97433
495000
950477
368731
897039
352836
716166
096415
3849
102971
654082
554576
star88
237468
139029
479776
014608
823317
796367
305063
17094
760419
494021
517253
0240
461791
087626
627924
164857
85834
Root786
935957
185284
324874
583924
54236
noah1985
978285
262119
196229
148654
491194
934802
16499
Bhatti111
985171
049401
009130
543257
31507
251471
299178
sun007
820105
498971
209869
205271
553773
16828
58940
749386
984786
samsung1994
660506
King!
315524
Engineer786786
354277
136950
812823
934835
396847
852709
022308
433631
427064
240339
987569
620235
631312
Danish1985
230967
385649
225973
159984
915442
840356
0048
240328
397870
141218
040964
082753
441023
585244
024376
632830
867768
794332
312851
52486
46739
770363
956021
496859
748231
160083
414304
052910
406560
880583
969474
982245
558998
724097
976503
090574
963534
815353
09135
397848
16639
harper!
576389
20573
354464
418165
890186
781924
George!
735185
243496
449493
User123
290811
023573
2319
030890
583055
378411
569547
117359
674113
365079
112882
123244
64267
muslim123
music786786
Bhatti1234
752246
666391
729707
play786
629948
Mega@
580932
102696
071500
171005
576477
069223
241098
811074
Dubai1980
284262
870320
142483
152262
396891
585915
627649
87297
369622
294283
islam321
025476
edward2013
505285
492404
733513
070873
608817
370304
279510
963083
314765
221837
593802
islam#
612942
735031
tiktok2018
197065
428010
732952
224334
81578
194656
805706
042042
995489
131802
853490
qacc
6225
305745
542509
915486
894575
896324
066605
121385
Hina#
92582
795311
392205
75292
848056
khan69
920337
39662
16870
967560
46473
409145
662475
666270
045309
037323
261712
steven2005
33740
639507
569536
295548
hello00
layla2005
215523
0096
3408
735042
224851
766205
97629
644413
super111
840499
463606
379874
Asdf1996
225093
anthony1983
002673
96229
89649
63238
guest2022
Login77
514822
61236
78106
wolf2010
15554
452320
896126
780054
876821
127545
whatsapp1234
master1993
Zachary1981
engineer1996
993531
002904
Hassan
758868
android1986
15190
raja
302379
Joshua@
014718
allah22
6903
221386
108394
Daniel@
055506
49350
593065
game123
464134
803451
487278
213521
343871
556919
098769
934197
280357
974127
376321
989120
365728
38535
115863
Kh4n1
901351
7416
931568
554994
477125
324654
73738
404305
827970
641025
violet2020
28546
171853
774378
633369
068838
nicholas!
272657
475728
173723
605935
407561
205942
611677
050590
537328
479061
1332
556996
408463
238689
841929
605649
785411
180554
736450
740366
733601
170508
harper2015
915189
133848
993300
172018
006754
189607
205392
678843
200805
090959
710468
547800
97083
464629
666567
724394
761475
721952
180543
805750
336754
154341
111386
938146
004895
800932
746900
361306
40054
640915
931953
81767
594847
7317
277706
1257
joseph123
643709
allah2015
072776
700095
758912
675983
217998
289817
887612
851059
078793
927344
186637
349910
355377
814792
589369
551661
391457
109648
google1989
875446
37569
521906
812361
62720
455675
009735
718509
297770
508002
011363
856669
007722
214940
181269
930721
530123
251205
four007
381029
32907
281314
245729
693341
587125
linux1999
demo1990
599225
008151
686268
076571
130185
902627
712811
523182
Secret69
606067
808654
206536
thousand
39844
206085
12586
972411
392964
852786
598356
29953
949058
462792
933823
440264
8829
606232
010790
737539
191111
224818
046882
755403
877899
754886
01449
786258
774158
356147
69097
hello88
486057
142285
827783
094479
202488
37051
125026
372856
582901
022044
830951
495176
31521
736417
60564
230226
906939
746625
380952
559823
739365
8265
050308
905784
10724
Amelia2011
659098
823603
487751
901142
0807
727144
751916
805464
seven1234
Earth!
517726
168531
61530
633501
513249
941061
440429
404976
831743
140635
008206
716397
050517
160842
6996
60298
222475
35721
pakistan12345
Henry2004
548823
google00
One1987
132341
038225
349327
604648
311108
270723
631466
13601
004609
151591
215061
081895
149589
858352
Violet1993
49924
850729
123651
349459
372262
392271
261668
07742
201311
102333
554455
26607
466103
050911
042845
104489
740168
860530
880682
224829
358919
261085
912934
585057
lahore1998
grace1
722161
01519
253638
288002
24325
304986
463342
131032
Google2003
870375
Grace!
0603
588368
72058
08267
572022
hamza2022
708301
052987
675125
050160
599753
070720
265914
325149
869550
666699
237974
50204
288299
jason2000
699897
700832
800151
335973
night111
185988
School22
Omar77
Aurora786
182138
Muslim69
Queen1986
Noah@
013387
783937
Play786786
693132
150299
red00
315557
18515
474287
8538
306152
316173
592009
402897
137346
481085
624206
091531
wwdd
Shadow69
425601
425161
642917
37282
853446
363275
21007
767415
822756
388146
614515
651959
601227
840642
50904
97524
97475
India1991
247522
43715
967241
171223
8652
691625
6174
808687
52451
127721
891583
iphone123456
374385
502535
199859
876546
184063
Frank!
04396
55237
989065
281094
Karachi123
880792
905729
703571
559152
26369
932316
513821
040733
132902
851334
379192
152977
429902
swee
630949
5238
910415
819511
327327
163273
556886
347897
240900
Hazel2016
07616
595408
Last1996
361174
826023
518331
660088
113597
823867
048983
473880
127094
55062
870386
dubai12
28406
665819
770759
430837
810348
262834
200024
073326
113916
079354
20650
162327
294074
860145
051425
3891
53949
553762
51534
89488
xed123
006732
668679
119977
414986
874225
210023
310310
142065
851169
168597
834273
415965
11802
842226
276980
506517
756613
935682
ssff
starpk
96362
875534
719312
438185
61425
first786
418363
648340
game1991
58401
338107
230043
120417
340021
532312
Movie2007
7866
92022
788634
4764
137918
066836
068893
Guestpk
273152
757999
710171
855492
password007
943228
581152
276903
834658
Firstpk
3582
Usman22
972543
335390
910745
232705
685190
four2005
989483
628419
65611
965085
483582
Noah12
502524
467687
704737
706387
696619
71967
891022
Windows69
577291
209044
793232
592647
85715
58002
290444
418319
movie
818224
213125
605770
362538
048642
079519
473462
784432
emily1982
966856
572253
Charlotte1234
435347
455774
769868
578314
47362
147466
165495
334532
325567
81949
044660
Sun000
843821
855382
921371
249139
186318
084502
465212
331947
240801
783827
53130
210188
061204
139414
311293
944284
812581
earth786786
teacher12
932503
738166
Super123
89341
189739
583000
070908
115599
006853
34111
717673
3258
Password12345
053229
341011
469359
805486
Queen2025
pass!
217723
121033
591965
604109
544643
563134
540496
Adam007
110242
64085
02919
Five1986
765127
838035
h1n4
passwd12
491865
525041
299871
683936
466851
094512
983510
228030
176055
Dragon1991
410355
951709
313863
90846
45129
434269
794244
977647
574409
66227
665313
05614
800041
999449
590766
2707
902374
084953
076494
386056
437866
421960
473550
THOUSAND
632973
76594
679767
139293
209473
4707
78141
179894
559020
14084
665423
120406
283008
410388
118470
693407
636614
135795
916839
252780
jack1985
896280
410014
449020
hina1234
498377
852412
202334
480843
924979
529958
fatima2013
20377
846681
493944
911625
693891
18774
87878
43729
299431
544247
222574
197747
lastpk
896313
219945
345246
117249
16212
808874
386353
397562
695233
028369
191565
757009
0403
9561
881067
254617
730279
935781
783321
790339
60347
096360
878603
512281
062414
169202
517924
358369
84595
953788
4485
321838
390874
10731
9714
430529
310423
welcome1997
680537
350680
770682
453618
98168
088418
818004
Omar123456
860343
041371
885335
742038
green2010
833624
30338
617298
893574
10122
891374
463639
104379
022583
508123
20258
537020
614570
19299
856768
004213
628342
759264
090923
475453
384538
996655
412731
636317
one007
youtube3210
557601
417901
90370
665093
312367
321860
734052
1511
945846
737968
733832
853622
176110
313115
39298
32074
271348
156981
236720
755678
Mary1990
398442
149666
94633
392326
529529
837276
393921
94423
21105
810601
gu357123
93730
709313
387948
446193
980595
Joshua786
340791
675906
990396
Abigail786
014575
395978
398332
237336
736351
18606
048356
636218
080850
black2008
338503
ultra12345
636911
964172
290235
232100
569173
208263
020647
271887
656810
Ayesha123
80941
40775
007832
592911
David1
321948
068794
King77
943184
89481
271975
366432
745932
Two123
866745
268521
078100
860882
333542
556017
940434
66661
783057
437393
58380
401819
2556
swe123
956527
166100
02135
264066
788315
854502
289971
samuel2015
511313
Five77
675004
140074
88620
682429
12124
150722
375474
296318
455906
098802
157828
50085
71939
262812
752752
147708
tiger786786
352033
018491
Tiger01
37114
Green1995
088957
889262
1515
417120
745063
Qur4n1
233255
457402
89152
110781
423456
240229
8367
988449
197098
380732
Hazel1
lahore2000
206525
ten00
270902
34gl3
Wind2001
227238
290730
96705
071137
star3210
20181
030923
466147
018777
903430
685520
843843
178673
276122
5205
195151
137665
247841
90783
23471
811668
684596
235411
802615
45738
17136
919886
37562
3912
661089
635778
811437
031779
878933
375375
Passwd123
150696
024673
855844
059928
128106
202268
206195
432817
116699
641366
180345
Nicholas
966372
120109
426866
923417
309166
81305
engineer69
963908
156607
saima786786
michael1
58149
114290
013145
478357
62160
529507
8325
806267
547437
37884
267190
271226
555819
163295
334950
One3210
483439
631389
792946
imran22
282568
213741
053856
637472
815595
Maryam69
82908
526020
758351
705441
97958
sofia2003
540232
684618
552970
020867
seven1996
920139
085492
bhatti00
373109
647163
543301
27097
62132
518870
53998
59073
348216
066770
998998
25214
759429
608146
26418
020031
728046
285879
591668
612084
627935
login12345
262460
pass1993
19579
Shadow123456
714120
248501
wolf2025
022660
360965
096283
083743
57449
81018
601018
82068
596706
235389
729223
528990
773586
839344
angel1988
965855
688875
831105
512413
198616
three22
202224
700414
717662
red1999
78771
524480
286968
final#
778041
963721
703890
453794
166969
343541
569481
Saima1983
229746
224972
006644
055759
886072
410971
208868
126027
137489
404019
977999
035035
438999
612744
541739
9447
147719
010043
09723
776017
073557
3702
110490
446974
237688
Islam00
6183
070521
93226
957506
709555
65170
215391
548229
0330
445401
751619
121022
288574
188023
97573
043923
zachary2015
163636
147114
451440
380292
113234
409618
Shadow88
Four111
980793
93247
518892
157256
31332
49035
jason!
296329
385759
Maya1987
367554
gregory12
250107
061017
Password01
890406
094259
54950
935407
666413
142087
619608
Maryam007
430067
Passwd
767646
071093
220242
293095
783893
831006
408221
718839
679052
552244
111211
03381
171490
090728
388047
80514
105171
Anthony123
087582
312818
89397
771111
911691
353232
Hussainpk
513271
010230
515526
628595
947507
229845
917785
Earth786
423005
220220
000429
977515
772112
127589
190971
124586
420013
9060
891473
733953
032527
255662
428131
985314
746350
643346
979011
764511
Joseph2020
490523
917345
523919
404591
3471
987888
347743
play1
147653
081994
27013
109076
560626
494395
819709
127732
41622
71778
048312
layla1234
henry12
374176
421619
79625
242869
07903
904200
135344
999383
78302
525184
821502
716133
921558
76741
kevin123
289476
542641
070466
006996
426789
985930
31178
730884
46928
36750
766744
091245
3336
17255
518980
845328
555621
2448
950961
996292
721402
82166
509971
723129
76048
12859
306999
341605
931755
848551
888096
485430
15379
amelia@
361933
083006
023903
674663
982971
814660
30590
994400
639991
311117
315040
348480
219186
161227
LOGIN
616517
060346
552585
125125
070862
316118
51842
322135
32263
159203
014036
344069
501853
899173
880330
sana!
853204
784058
735064
6579
156134
782815
3681
304293
024541
67074
504955
82096
554686
Hamza1998
704231
97867
519904
8748
898898
7053
43015
351637
357478
606166
283734
953920
tiktok1234
550396
284251
first69
Teacher1982
893926
626153
316910
77994
034562
99974
631235
819995
189552
644732
44373
731302
260205
333377
6021
723459
1904
175681
445247
307439
283327
498960
054945
847088
42742
030107
835560
126896
Andrew1992
255783
Tiktok1980
873499
310496
291090
940676
386485
9138
15890
955823
812768
099715
803682
63147
039083
897831
347974
last00
171061
229438
007788
022319
66080
561352
210317
520828
361801
547789
676181
214610
582395
88417
270908
938476
999207
793617
302951
100474
562408
813428
486640
141647
693121
010461
319924
528759
185009
608223
919303
60403
723756
150425
Test1
693143
1304
55559
668239
732688
224719
468204
6444
171090
532598
216425
34gl31
490138
948508
islamabad@
35091
696179
384637
866184
171237
262768
031394
789525
29799
176572
679976
083237
381073
085998
724592
405361
417967
617430
Charlotte786
875501
883806
427988
210265
341759
937145
514151
067276
243364
Hello88
211208
34153
120901
442970
184591
965107
048587
461340
48958
26180
007711
202961
786445
Play2018
music00
181885
785169
058828
olivia123
53648
755326
520916
402919
480062
048664
529298
462858
578105
Baby1985
lion786786
teacher2003
435875
maryam1996
340571
609631
030327
995742
28952
30072
632643
759913
77749
188826
057750
00483
524766
909172
291995
017391
asss
446897
90692
551903
670813
320320
70427
128480
006919
edward
764280
094567
1500
18473
983950
140459
845383
green77
366135
755568
889317
608916
311090
310499
0246
059477
Zainab123456
13545
789327
692439
280313
705969
Evelyn2002
16226
malik1992
874577
074228
671671
58870
356048
210166
106568
95823
09639
336171
322487
176946
56007
882266
712646
507177
127182
first1234
973808
563365
268169
Star69
199870
207515
956571
455037
53935
620268
988680
511830
124641
846065
Maya1994
638363
669119
810843
207977
676291
92652
33747
90279
677589
050039
233508
441793
passwd77
119141
667865
223509
362439
162305
091214
446248
976085
946451
982443
167222
omar111
561495
169664
443553
734646
285901
460119
45479
109890
510048
multan123456
070905
415976
918830
237864
554279
893893
play007
00763
052085
637351
043681
08631
216854
171039
992002
One1983
921954
49966
327635
usman1985
269918
Earth#
239030
281501
760892
057398
656821
apple69
933064
thousand#
484583
521939
2832
770891
782199
895180
086339
503965
291445
010399
510345
33901
401467
683947
899030
allah69
891946
252395
546678
415712
test2019
wind2022
844371
85085
275187
589281
884785
95760
190025
627902
Quran321
044671
951621
485804
283316
iphone007
78897
284812
937695
9843
450956
324379
420772
690833
763411
990913
384010
356367
root1990
298518
607761
41237
786148
596695
311311
Red786786
793463
swss
023991
310808
431981
307351
376189
902616
206932
69566
264924
959849
365816
114950
815199
175516
86450
255486
090720
762289
459547
677160
845405
516153
234047
38108
405856
549516
638506
072600
400312
345620
342111
70847
153857
396088
701965
614878
230708
99729
088264
Qatar00
530145
220143
976129
60473
asdf12345
Patrick2001
769109
590953
12159
553080
usman1234
117557
237666
858924
236544
84273
54264
662167
033385
079706
61572
77189
fire321
024684
828113
283866
60830
959046
575729
732303
774026
169653
836385
617639
200904
579865
790053
dark69
991166
114686
450703
173250
29946
391182
957968
248952
734382
010010
957825
14504
654896
337975
Ahmed1
842413
97307
171688
13944
401720
61719
425062
111293
094600
383405
217426
377025
97916
727617
9900
056837
7371
109164
130708
Hussain12
309606
772915
184635
421905
923131
954052
126203
Fire1985
394372
92085
250611
854414
732127
45822
376904
37366
364452
683804
807488
aurora1995
624052
419023
105655
854854
386133
767998
367125
kali12
036564
947331
754094
681571
506176
026004
289025
94577
6813
215226
586399
6144
940962
028545
114279
547668
183865
156662
421311
788139
66304
Login99
Warrior786786
72653
287793
302313
264506
42196
101728
416515
185977
006963
251977
facebook2003
628199
225313
014388
895213
707795
894212
217492
937112
256102
314116
308979
829026
951863
three99
46123
089386
star786786
220462
05698
738496
944383
42385
682121
072523
336413
859287
014135
633633
465311
673530
375958
51639
Red1982
032076
ADMIN
106348
799700
718850
290914
920194
019360
297935
631686
377014
mia007
035750
152966
88193
80472
347688
khan786786
966251
7833
874940
52654
795410
079904
453486
637989
231299
136587
070117
417131
308077
157223
460933
356499
567710
5334
395780
51912
57638
Charlotte1998
38640
858902
441408
800613
328141
960212
479094
066572
117018
85498
936716
204567
954096
779097
usman12345
458106
593758
438405
938025
79604
321915
204798
053834
765017
320969
328955
318791
883267
583209
944889
510631
7980
250814
011605
270411
771760
251999
250596
sana123
41503
733271
059499
981068
865854
Maryam00
333454
846736
395109
341154
FACEBOOK
358138
804320
998107
020790
527252
996875
568953
531245
300410
247082
229394
22995
036344
56945
097471
75201
896830
274043
813725
831853
0567
577896
792033
351120
70357
559592
887381
818411
844877
907412
396836
76762
951808
552684
720533
418759
Grace2004
232078
071401
715242
677798
318186
682913
695695
587345
073392
359876
2142
54096
welcome786786
701888
january@
wsff
154605
65653
127600
121066
Muslim3210
951489
553432
189189
666985
41314
259512
9687
199815
385385
808786
029150
48965
059400
67900
647240
637978
385363
819940
184514
795960
066847
152735
368841
07812
439956
760705
580987
239910
dark1992
816354
438207
Hannah2020
90636
two1988
294569
392645
Tiger22
8382
055814
0731
031581
650760
islam786
196339
231770
866349
524887
matthew1983
Hussain1
271865
169246
036333
854689
954591
662827
098208
634898
922647
534655
079838
862389
553487
270390
841621
159566
002343
081279
483087
584749
071566
738991
066429
263054
24955
356312
62342
268048
102146
068365
66465
53060
097548
209847
617232
251023
310626
morning12345
072468
398409
814770
Police1984
010590
080377
106128
027203
545600
18956
059081
214907
69153
41216
084095
200013
211193
196086
05292
412258
917675
705045
070726
681043
206888
9951
529782
839696
668327
639452
975964
900746
292116
519959
171190
125697
312455
qwerty1982
21469
3576
343739
wind786
963446
765380
576081
499543
272580
776798
793848
445115
118118
052998
718773
485353
352660
043219
273548
Shah12345
863654
02212
25179
673123
kali12345
367840
851444
919182
ahmed1234
40810
336039
250820
515999
977108
Student01
559482
300476
576158
42224
954503
422235
7560
final1995
261954
30051
880825
643632
606903
073117
228470
52234
968737
672969
648681
108867
Green1984
457193
453926
986491
537152
432498
588082
075108
210326
7239
183590
baby77
749463
018227
481624
528792
2289
813681
211112
079266
977306
809149
843293
070191
700271
488356
504559
912659
345180
0225
808401
124597
339251
635844
395461
063217
0219
989263
274197
49742
99939
540265
875281
356444
Riley123
Emma1985
Layla1996
767052
3519
222255
706266
four1990
225588
917939
306834
473088
110561
310311
711249
748418
maryam2016
107558
506341
163031
794299
65506
Fatima111
130302
607673
055462
547866
080102
387882
5268
944064
423885
574112
042339
889658
Android123
651574
348799
796004
Youtube321
raja1986
598059
19628
434324
84070
956945
917972
19691
379335
323444
665896
160919
michael123
462957
5097
189981
250162
90349
927234
555533
1371
878009
460185
423357
137412
751817
595694
107547
736835
42021
20580
262097
058971
480733
50099
314204
520696
655941
Olivia@
850806
811239
343068
daniel!
816783
730422
897083
170411
486651
876469
Love22
285571
031017
965393
898854
859815
792550
986359
302181
721094
827695
908853
13559
992233
824604
047212
277266
581042
652300
454047
19180
949586
7656
226545
403909
320738
670197
093896
932855
087505
365497
63308
059015
968110
25480
837001
433664
brandon2017
221595
Jonathan
758285
328504
750904
445236
158213
Engineer000
050413
653026
262548
726033
15309
927300
101882
857923
157883
038302
847693
876623
74879
321266
738628
55440
724350
904728
995610
038643
12754
244761
94304
last2005
00987
995225
872278
914793
665566
374000
938564
082896
372746
7839
689106
314028
167442
799216
55678
334312
514063
195580
894718
064053
143099
064350
665907
341671
26327
541706
960905
744029
330473
034540
262702
740641
393162
204743
94542
310105
dark22
090305
292149
056441
757713
724988
153648
48657
400576
87122
553707
679558
58933
572605
Abigail12
Angel2023
256487
566478
712701
135762
919369
417483
841775
767800
559306
313093
093973
679679
050380
84917
677864
763455
855987
618101
010989
857329
january786
103829
521026
506473
410135
971718
606562
381425
290896
812658
693825
0888
301147
739607
435732
200200
821128
86800
Hamza2001
49574
222464
263912
488719
771573
40215
304403
256993
521587
47600
498091
420035
28504
659054
193160
463771
341946
837947
91434
397760
242671
577599
625625
26145
938839
77945
464805
263065
30506
562353
682924
246147
278509
262977
111005
19782
11522
478654
407759
Khan1993
682550
868637
524865
095282
20461
432509
565301
33691
076945
059378
957110
78799
724438
522478
36575
552002
38255
191226
554235
Shah2023
Love2005
zachary1996
45766
54523
658394
455752
044715
162899
333003
923769
455004
311080
736725
818829
686906
58121
450879
356829
663344
524062
174207
711425
290417
714648
089925
328251
298947
474507
904508
493163
404294
800184
877833
102399
027698
samuel12
94731
835714
732479
673607
840433
384329
796851
911504
22092
410993
452485
806113
99554
lucy786
884983
964942
868626
900680
486970
637857
46242
234399
One1988
841324
676797
756811
153802
423280
616363
052844
938762
Angel1989
amelia
286198
245201
590568
59129
14070
791769
493339
647658
25690
743171
714054
1309
130899
141559
843766
725736
273240
010153
025355
70308
800712
905982
898832
008591
Mia1
877558
Monday2000
882519
04998
860024
323763
login1234
095084
4059
361526
733095
21420
wind2013
961873
277794
51506
337018
995841
160545
223003
318109
282073
270413
438174
543345
cool786
516450
138303
442706
997040
111299
256707
140833
203863
Movie1
446336
298265
sofia786
536162
947188
iphone#
673706
534644
157366
960465
124091
112904
516384
057761
031625
00455
016907
831479
443179
743567
75768
305855
122012
764401
578996
693187
080839
272690
52584
916619
471020
095568
161315
403161
157322
518001
161491
72205
9612
228393
984654
450923
299420
PASS
937354
17612
473132
4620
626054
43309
051557
110000
171002
336083
Four786786
814264
18690
268026
42413
66024
David2004
390643
302456
686730
Victoria1989
002629
69909
634678
560219
066220
795982
649979
603185
802989
86940
271436
030272
129602
775126
253968
837298
924880
693968
angel#
315436
927982
quran88
203357
958144
252021
375562
711755
56665
2309
016599
596013
48839
58457
James1984
310511
794189
671022
5004
539627
589402
713999
02639
669801
723195
khan321
582450
565950
584166
385671
657415
69286
968451
199683
12439
447799
494648
481360
626098
519739
843975
891847
563618
700524
683133
846637
1752
093940
008415
395538
425282
jack1
68516
842545
440484
169752
388696
484022
549747
240504
433994
894388
549109
Iphone00
386518
25739
119207
333410
793386
anthony1234
16443
268466
401731
786973
317009
0325
565928
342760
Fahad01
john1983
Cool1991
hamza22
435369
549560
549857
869880
544445
715187
094457
53550
279158
Movie1991
012045
935451
440198
140877
162624
268125
00119
589292
910723
000011
251220
Morning!
188683
57750
instagram00
458326
394284
476388
318747
Water123
773630
564575
348909
04123
15533
897413
45829
133320
movie77
067980
490864
868846
642004
373725
426382
698346
561363
14686
025762
881980
078023
491997
588434
49371
11494
657250
104181
604769
732061
sana77
user2001
87542
364496
3228
84049
873510
052415
201102
050798
766524
538274
59864
172898
446215
230908
818422
280808
35133
307835
385121
050290
9753
022154
773905
050514
704165
055000
569305
854634
969837
042295
Hamza2026
072457
164164
Nicholas1986
54663
741191
514778
938443
201641
85946
009207
944724
57505
017908
66045
david007
08274
191972
561022
987470
786390
802978
344113
455510
299475
asrr
093104
323807
30184
014410
moon2016
861179
108559
831204
999867
544181
363924
302731
853039
331397
983290
141504
george!
868153
Saima2013
290420
978769
774125
islam@
852357
274395
220704
744634
232265
196207
758604
218625
26558
346258
801977
267993
809710
533401
662134
682990
678480
34846
91175
067419
Grace1983
645865
330638
646866
39928
007667
855525
750244
6201
262339
Imran77
504801
151998
758296
103565
668162
969551
52150
Mark2002
685685
552255
246136
609576
769912
01694
705727
06832
Facebook
222266
Student1
611138
0401
967131
islamabad12
443333
8112
219956
810216
924297
12943
Leah
101552
560010
455114
299959
138061
12656
347072
198033
345818
051117
417175
police111
167211
190902
720808
0307
Sana
249755
366773
259303
624349
375441
904552
violet@
178530
058234
511753
09996
010799
815738
270600
93240
223861
81214
4269
242616
1497
66605
445951
419540
02527
332387
144507
Two786786
093148
092345
8550
923461
036245
109659
129393
594418
391578
445269
699754
780109
685487
27958
898953
112233
299200
708983
409970
Hamza
805420
2520
568942
113080
190611
650573
858022
478643
kali22
883982
781297
010617
897919
165407
Frank2003
300311
494197
099154
025146
534391
81963
15057
4842
60011
722425
365156
487850
FIRE
65632
656007
010302
79457
993993
973489
Jacob1997
442937
Facebook99
98567
944559
334059
208802
211014
708642
658680
368192
903485
917224
thousand786786
869396
704902
809952
68719
807048
613503
806828
314974
221815
818554
ten123
502667
47915
000198
056914
651068
231165
048037
58989
153615
Ahmed@
409288
996028
733557
107371
595386
118030
90076
214456
030261
264583
677787
05656
494318
210936
root77
999812
Raymond@
111096
245421
606188
785059
672980
878592
60704
260447
444829
11081
750321
753786
240097
276463
217184
756195
662057
303446
riley
11739
740729
913407
465542
530849
13699
326315
151199
864622
642741
976096
966625
59227
Ayesha00
085173
595210
514448
778888
358083
015158
050974
194568
026345
20230
845317
593307
fire12
431849
053306
22638
155969
399685
15372
458711
47740
377267
025894
151151
216733
424358
281732
18256
031548
maryam01
Game786786
Windows000
302247
bilal123456
994125
028765
22218
331782
52458
72408
842369
234949
263494
092114
371470
700073
33516
266673
286814
106887
436458
914892
281105
715594
kali2008
868164
211035
708037
Lahore3210
657899
56014
335951
313225
171126
Ali123
897127
000979
860497
2781
222211
381106
843139
Wolf#
390984
779185
721028
485870
807235
117601
408749
012672
218042
570647
Brian786
256300
659582
701107
584705
692659
360778
multan3210
463738
019646
666116
secret786
2478
love12345
56259
576939
97818
38367
772783
17395
924704
32452
040645
336435
89306
095095
Hazel786
365948
329208
6717
300960
00231
611171
965173
687742
50939
990902
312620
670945
268543
389631
7992
984137
832722
151437
647966
73486
926860
678766
683463
160050
304898
435963
973797
40964
41804
73871
251008
Doctor!
766788
209616
753852
36414
80220
samsung2024
222860
868175
082819
272613
690459
12824
230896
118217
968231
938058
64197
952886
863555
Instagram1983
091718
245036
304502
60795
One1992
562947
224246
501281
262647
27461
857439
882717
122188
684772
369919
334807
128678
711348
76468
399190
554631
grace786
72751
instagram69
835109
849706
161128
784685
33677
453871
15519
1650
329296
883850
956417
981530
408628
10087
213279
597916
606397
716694
144804
093313
841610
105050
910140
315293
987503
907302
94094
356422
995753
034111
073953
146531
616396
974391
913022
182028
5493
2628
939411
722513
362725
424171
tiktok88
141053
184470
590304
466620
98987
725329
Kali2020
Bhatti69
35056
707531
503734
pakistan2025
196306
541178
461989
076197
238084
030217
sana007
221331
9621
936474
270171
939202
032857
931172
83937
66157
morning77
253649
539011
28644
747648
255376
126599
436425
412456
5274
906884
251658
81473
626582
57470
221826
337205
848419
907368
244552
428813
726011
305151
93128
923725
260007
0710
0279
075526
497156
13692
111296
564091
886314
859254
87948
447370
894586
039622
30520
966064
216414
611897
237710
815793
031845
green1986
hello12
417494
084755
Justin2024
593494
476245
471196
050414
5439
340208
885984
802109
824857
130174
83076
433191
086647
311025
Android12345
533698
990660
karachi22
685322
629860
729652
green99
26047
54425
153329
718245
190393
54397
Youtube12
Raymond123
43484
fatima2009
975777
871816
Stephen1985
070199
321508
860057
269819
138171
398981
110396
021494
584144
505626
413402
7929
687390
602327
709401
630278
19908
673893
508728
898700
728761
402193
274978
307131
994620
419034
993388
Welcome69
890670
851510
210505
444785
Water#
046288
794596
070928
710270
865667
557953
782496
752356
2107
44737
054681
431057
791197
456137
8535
102124
108449
039193
49791
201421
529771
855899
008646
131329
627506
927861
053889
0821
740718
557469
1683
Wolf007
67445
5331
804870
793111
17052
Elizabeth2017
250623
998855
955273
573518
932228
39830
694826
41335
117733
507705
578765
215380
447931
394515
FIVE
27440
893112
722722
362362
298078
967296
242561
742907
046816
83027
874544
650166
56623
05810
832007
245586
492338
47929
2970
152042
381128
948607
163581
824659
22855
812944
728871
253231
Guest77
50582
752730
879043
75124
134167
738683
605627
201069
2967
54383
254837
519948
287496
096536
133804
108735
213202
38157
986293
78288
760375
38675
080784
826936
35196
nicholas2020
29540
061512
751366
663619
175252
Guest12345
754809
523743
4683
597223
043670
567699
591569
499433
9339
688787
233981
730103
60781
619718
31136
896236
858759
767734
873103
Saima3210
shah786786
623678
707630
533555
George1991
65387
428725
456665
565191
675389
82677
178101
075735
71155
235774
497970
805893
43344
01631
305514
498773
251002
556831
439021
645238
659868
083952
kali2002
116622
435402
226358
932778
926574
926618
314666
84791
046904
060368
03500
945714
daniel2020
2070
819478
001639
607915
henry2018
allah2006
003872
1356
973368
922306
068442
37261
123057
271953
14329
5469
9759
737011
153428
054967
182831
039666
086141
009152
37163
bilal
60018
85932
562485
182644
378939
911394
367851
587191
217459
288310
47523
774015
421663
383383
286869
125510
992486
515570
833459
912978
khan786
792484
917290
928081
132968
engineer1993
00826
202158
192951
805167
Chloe786
105479
63609
133573
797555
554092
959321
712789
530497
433444
831358
885236
984335
322795
36162
68306
494428
573397
965349
226798
937816
ninja786
1956
936056
03696
745844
790141
663498
429583
595056
108790
28553
dark12345
94913
564311
fire1
568986
045606
591173
805585
91539
62090
928015
656953
848617
887062
681208
87528
191147
019613
362846
790856
2433
357192
265122
660836
738232
47824
234146
247192
233739
5808
1716
176088
109351
936045
116380
169037
294393
325853
207493
090314
604901
725065
744040
829763
110590
340879
92869
524183
1242
023771
118624
Master3210
55223
573584
658218
super786786
320606
19278
936738
059070
337007
338151
275462
303578
330968
484253
291973
680658
899602
858748
021439
418627
652047
989241
ayesha1
668250
303776
6276
989901
772992
503041
858055
101838
683738
085987
guest1985
170520
891737
532191
357390
773674
088385
957264
599841
tiger88
password786786
851323
777920
901208
396671
74256
January#
847770
502898
084425
552035
625515
839586
632522
733469
584122
39004
802747
23408
111958
070741
054252
86730
1647
165484
cool1990
307461
296153
42952
906180
185889
847616
10962
973302
402314
07679
26054
Jason2010
315997
73430
123728
413611
378059
36176
794233
026939
530816
988185
361900
32998
097240
george2016
780791
91721
015697
683595
192610
amelia786
991595
446358
233904
088627
103774
994862
429803
ultra1992
032989
68397
386331
566236
509509
85918
465278
202587
hussain1980
680394
51569
2139
256652
0904
884103
886413
112684
muslim007
984258
168652
883652
014938
teacher@
026356
Five12
740234
106832
97930
590359
956472
Ninja1994
987701
130605
441903
Cool1992
613998
60333
892133
489247
389015
808555
050699
354717
tiktok#
289795
47467
602778
79947
426899
043505
Qatar99
695464
043967
28938
847880
106414
457666
353969
899701
813934
830478
834559
five22
93632
296560
043461
449306
376145
0039
2133
14133
753060
656568
948629
083072
Bilal12
95886
080905
emily
multan2008
990748
335984
750123
168135
727243
373307
268730
107602
130799
938157
577720
39998
558756
522225
mary1234
476113
78099
711535
315051
Bilal#
284702
26124
070693
104093
601755
287342
492855
1782
91021
117975
455070
874390
415195
6594
069366
Malik111
857461
479171
156563
225302
12257
435193
235697
4095
574838
809930
032461
35399
460515
22645
93212
205458
639716
304843
473748
327393
407968
699347
36442
960102
16527
862763
571285
280973
012606
351274
255475
129965
4143
756503
446776
Instagrampk
357148
478841
67956
78960
213367
921888
050435
43855
806993
128337
788260
Mia786
738111
03927
263373
518100
018568
223388
156189
221474
babypk
016621
042471
678249
204545
sana69
640882
286836
091707
Iphone007
277189
902484
584782
176748
06657
250547
536492
894850
731445
798622
654434
835989
440968
859661
Samsung00
352968
678865
652608
Light22
456225
bilal99
99792
51653
121275
844129
39361
325600
971443
067254
478984
801999
250844
959651
030558
098890
430782
915178
329395
60613
469524
112156
776391
237303
792726
740201
288937
829257
63203
Mia!
512072
308539
29372
052965
796939
437184
189431
Ali12345
955053
044583
249227
olivia2009
943074
030617
088737
154803
lahore00
580734
2163
067100
596277
Imran111
205073
bilal1988
466587
52962
993245
110649
656227
675554
Raja01
095238
431651
11984
999053
944262
817718
659384
345422
ali2013
16506
12950
498124
098098
097691
460889
28252
408815
899899
928565
682187
968748
840939
932844
984731
702559
Tiktok12
75411
88564
287661
473957
angel
791780
004048
761156
917444
646503
700887
832183
234729
29015
998470
134849
459910
5124
055176
430023
756173
359392
568865
737550
174504
219263
095150
581350
157443
432267
4929
449548
964766
070699
566698
737979
902506
701503
adam
988482
323653
038841
424776
691075
95774
941809
555423
111683
940181
647944
182215
102377
805552
5094
491007
587444
Thousand1982
Imran1994
870782
847627
066759
136367
951346
520421
485595
340197
385297
869319
477389
863830
431442
60928
840708
161436
424116
05467
Black123456
370645
043549
013530
078122
010114
806355
184437
987734
516296
26635
966141
309826
564421
968990
021164
068926
106744
391490
036212
840444
534963
584969
935022
771331
74116
219296
053922
485331
695904
151223
291929
793815
914441
04417
064977
522940
403689
394273
700392
974688
730873
434643
015257
908754
45997
520542
angel2010
677369
713504
017941
128161
73619
425931
05005
Sophia1989
647603
440132
292534
172172
205645
0447
283085
446050
495880
Star000
765897
250580
603867
307142
ade123
1224
496606
274483
231286
473858
095777
541321
988735
415019
130724
85015
288816
921272
097889
67837
616022
283998
529419
076208
941842
332651
597696
310948
973269
455389
83972
276166
247390
731544
114488
860189
298408
770286
402446
85813
848375
523710
red2009
68530
68754
836638
797159
151126
1158
027588
85337
416174
729333
281534
826793
749100
welcome1234
292765
714945
889427
099946
715363
290994
444719
363979
971894
Jonathan007
924319
light000
36680
912527
316921
688853
538296
325644
277882
lion12
014487
777128
266365
764940
949443
169125
070576
884136
923956
694705
174130
engineer!
074525
674839
721204
506264
657140
06517
397738
254397
455741
001573
219252
905190
935715
6636
391699
905256
323818
132088
262284
71995
666017
744546
play1985
737121
59388
0816
43946
974633
24857
330858
636735
78491
775049
dark!
436777
223410
914584
7491
292050
112739
98091
773366
890593
204160
955218
558008
7407
971388
246103
377883
830181
897281
387046
855228
039358
Anna
909458
20937
154396
224290
196295
310387
2919
614064
598884
Red1234
629123
635481
241131
234586
733612
961554
357258
470393
249304
34237
326843
Khan123
124201
500247
748704
476520
942502
216392
Ninja2023
481503
97797
881298
901043
1506
90811
0357
899327
934362
073722
775181
043813
957154
794266
790757
chloe786
97503
937486
333850
imran3210
Water1990
khan1234
41076
680713
375540
282293
04011
9318
102751
244134
723899
724691
674058
267641
082742
501358
176660
577511
145860
143209
2103
tiktok1986
838288
929775
25571
807917
87535
624536
696234
705881
one22
068497
72569
9249
620598
20720
167915
037818
470239
784223
388278
42462
838541
594616
978582
667095
217679
272030
775335
hamza@
485155
697345
864776
431343
452848
075372
572957
176693
821161
753093
478929
361812
727067
Mary
619388
455686
498102
814352
027676
8700
544830
447700
314490
28371
028402
145255
447942
060511
passw0rd
477708
193600
78729
198495
891572
408584
924671
219087
689920
070664
252230
656887
129657
916366
246796
57666
199408
989945
168234
191002
134354
ultra2022
332321
64078
27678
515768
0508
823944
081620
303402
453607
361262
972477
128898
989571
112299
830588
240273
823273
761552
399267
578028
malik1984
Jonathan786
964689
56931
4410
49861
538142
74004
382140
43456
626197
97895
825110
70833
Hassan2001
328966
704946
427691
428802
956362
578699
97692
981717
Hamza1995
42042
504372
957814
125587
032406
699468
658713
463892
852742
255013
32837
Malik12
910019
524524
643984
560681
563838
71043
557678
363330
077022
824285
502117
990077
48342
478698
525613
430958
622457
380655
saima2024
931997
831138
student!
636647
888877
889647
779658
378950
070805
615736
487157
115236
625471
842391
leah007
14595
452331
832238
387838
shadow1234
658207
882035
151129
8679
498146
181423
527010
63399
448833
445071
666006
214643
264803
286132
826463
facebook786
912109
735702
759704
855976
83657
qwerty1995
720071
728915
738144
232573
283459
1731
036443
66409
138050
853908
2847
568722
59283
194876
031702
139106
587466
268103
631521
25389
813494
380369
Ultra2001
942271
269016
117623
28490
519871
415569
Fatima01
131011
Bhatti000
16142
814979
523864
446402
670626
40796
516406
026807
747714
613008
610654
190245
773410
475189
915596
863643
3456
96516
920656
190113
825374
game22
619575
engineer2001
4371
205062
669075
646712
656392
multan00
Alipk
Raymond1989
634337
806212
202906
174933
69538
781308
9954
341132
567149
35483
039127
436205
5319
205282
271290
909502
971850
463122
050220
sun22
736692
086317
62279
149028
0894
190614
168036
290808
windows2026
894278
ayesha2007
794398
012518
048433
328625
250536
22617
wwf123
Hassan123456
499235
patrick2012
992387
291102
605847
14056
254958
466323
942733
999955
15148
292666
30583
250208
912098
205315
526548
806784
871849
190917
imran321
627011
876040
Morning786786
244156
881969
095909
073414
94619
329450
38808
303281
Anna2025
60900
832392
115038
223949
01841
807026
052173
11172
335456
489819
61936
931205
400939
698005
052778
089628
lion123456
566830
130581
603174
444004
564718
337942
391787
905124
sana1981
99232
402886
411015
418671
06412
53788
849838
538824
95585
77056
664114
638418
839377
498432
124564
686202
834328
443630
0300
050292
690338
810315
415228
578589
589875
428076
40600
87458
89411
761684
hannah1
076637
174009
011066
692329
743259
162668
301620
Raymond1993
176605
502733
730818
589490
334433
154957
379830
475607
215204
077000
535205
final2021
183524
9084
490479
816464
747538
052294
758318
182347
875292
332684
270952
994268
064559
674201
083556
921701
884037
425832
430111
132869
854722
347039
873444
910338
377718
93450
344630
672452
564036
291687
430903
793221
986964
68096
475035
287914
680097
Thousand123456
900273
087824
608443
admin!
816321
329373
115379
045892
secret000
55853
dragon123
Dubai22
979000
074316
227964
760859
786401
429209
Whatsapp3210
392172
577324
962016
0243
727012
784619
257675
64477
279851
28609
15106
823702
043164
171299
198462
34678
175824
327228
759583
744931
086966
560241
472571
470052
84875
786907
41643
92526
231014
11816
208516
270711
413600
final99
565565
361515
359238
437635
30926
Dragon123
548812
783090
124168
facebook!
06055
751564
Usman2007
544291
26299
80556
616209
117568
822624
131017
381766
ten111
51457
753368
602019
911526
elizabeth1997
050985
224345
water77
669900
209352
122309
427955
298188
486937
doctor1
778404
Four123456
299816
72870
746603
44541
718443
50603
537350
378708
687643
116787
690602
512919
0231
922581
015180
086746
355938
286990
4953
7575
mega2023
258369
524326
458513
760958
95669
Admin1995
728464
96964
902737
0897
333509
559867
181720
842061
98196
028622
1080
543147
582186
guest69
714681
032219
H3ll01
032263
Four1234
669559
nora786
801174
570834
474782
093159
894289
479622
877492
51877
Paul2000
islam99
092136
090493
601249
528924
492976
605363
515581
935341
841544
458557
050787
Bhatti123
030402
691834
00980
082995
508915
Moonpk
793122
811371
503239
881023
115522
446820
011308
welcome1991
890483
165858
048939
605011
421421
369798
433136
476124
682957
478918
95844
089793
510543
142824
697125
445830
836836
251075
809963
697378
apple321
777172
606045
456049
481558
257829
854733
Blue007
625933
275484
498762
119757
801944
252439
856064
797775
080938
070690
30275
947881
eagle1988
05999
749353
954536
319748
258841
735614
229537
871035
327602
522071
885082
293161
310305
82712
49581
756272
451869
Jack007
960234
548207
147334
217151
002915
First321
345224
451913
0329
937926
Hannah2008
437448
85596
265584
77623
966405
873136
415140
578017
784784
79807
06923
842182
010111
034221
141845
886325
854535
270414
724625
923032
462649
12481
799909
528737
447062
07637
665148
049984
580030
369127
257114
07091
090811
96110
521807
481448
725857
987118
612502
2412
982388
63343
Shadow3210
418209
27125
223817
543092
22470
022055
232969
228899
493581
956516
7977
262724
288277
128645
18333
033429
575223
Edward
588819
854711
63448
497277
243199
75544
595540
604296
628122
075911
70917
597938
969705
Sana2021
Layla007
888822
061138
696366
49098
150993
918137
398046
988724
852258
moon!
236863
16541
802395
700172
w0lf123
736846
583165
241450
145145
221925
243210
21798
783849
61845
Game123456
571989
733062
130590
Three!
195272
3003
799161
151371
073568
32578
481338
993058
54411
429099
Three2012
179432
482735
925298
303138
941193
932382
283019
317119
671528
14035
233750
947386
834460
157102
863852
130717
316525
751113
multan786786
ali111
794222
Danish007
387541
586322
562012
367136
703912
482691
464981
525525
407770
pass69
960652
76328
208065
073458
6564
85764
39438
397188
629453
sun2004
861597
798072
159181
192995
084172
571868
728013
891968
828542
94178
503085
Maryam1994
linux2013
426745
153736
912318
365013
813010
09730
136213
522192
635393
951082
103246
Ethan2010
757372
809061
2694
424193
707344
716474
648043
684530
856680
738848
033011
013321
362208
five!
478599
593714
689359
537515
363429
491249
717046
847583
211365
019921
699699
662662
751399
987910
4542
355388
5481
440979
two2002
105699
951841
78841
90048
39753
57953
xdf123
997029
908182
799007
980188
five12345
983136
083842
147543
robert1
631785
451055
8886
35077
787622
639496
44996
754666
36785
3267
8409
204204
992970
07322
481217
290840
543268
616275
033968
042669
05831
69118
587026
489929
231836
7017
saima111
591415
983554
893563
052591
016225
34811
488906
252769
306966
14637
03745
877470
502062
474463
india1234
434720
Login111
565741
744513
691460
184580
764379
625856
Scarlett!
86632
63154
246543
demo123
260502
049478
885753
160908
demo77
141196
151030
2577
195745
889108
160886
013200
596618
836660
799711
110405
101893
389708
455026
25242
512512
050493
43463
301752
105424
Bhatti01
109021
21553
416636
781154
282854
695134
848760
94115
772508
912472
207768
740465
198968
lion3210
01673
093269
799865
32711
69433
272239
181115
479523
248314
628166
43155
556182
022418
270644
pakistan3210
729234
788414
787226
944845
895356
977240
207306
643676
994059
star2010
44716
433345
604461
894509
950499
40859
443003
63903
774719
375287
Kali000
Zachary786
475882
497420
417868
951071
954723
44660
152691
629046
870045
root@
182985
174603
60340
604164
506286
127655
093720
7266
1896
74942
397837
425304
872245
975447
night1234
093137
687434
86646
536877
628089
338657
635360
690008
6066
ssee
288695
400356
3000
65891
Evelyn786
661771
080300
root!
145805
islam1985
922702
390973
733964
Ninja1986
16471
689975
881441
571670
380666
044968
647977
908006
897468
537548
318428
509377
713372
523501
597168
440528
805354
Harper786
995709
1455
333245
movie123
59990
217745
abigail123
740938
hussain3210
Ahmed01
696553
253913
216348
563750
657129
971080
376508
1581
290508
432157
linux1234
879142
31997
admin88
450934
972125
171776
826243
188199
223762
507914
79548
903683
811855
677600
645293
Black2007
032384
879670
Login12
859573
248985
475244
242319
983576
794497
138853
700667
111122
568590
662453
457413
981123
751971
259479
851763
310790
15848
737495
913484
813153
187957
570988
967142
267245
987712
4185
Grace1234
test123456
719543
582989
4596
009394
331177
34006
0969
984775
039270
149534
734349
586410
025872
250696
162712
030965
579216
744700
52843
179146
373340
050305
245333
216502
987657
daniel123
931139
326392
845306
08281
494384
877195
61075
090511
56819
730444
759011
250417
853776
26236
639540
923967
154682
370293
364573
756074
345895
254628
71148
54110
532400
954701
water12345
724548
103818
Monday111
016764
965063
941710
78722
30387
812790
263032
Sun22
833283
279631
699512
11795
793716
3078
868912
643896
771958
188441
8862
785862
435061
40187
310317
lily007
187792
959090
059158
raja007
721182
066594
islam
987481
MUSIC
68194
912230
072083
541805
765204
936397
027082
Christopher1990
722359
959101
035717
hussain1234
517737
651629
last1984
821062
330506
87395
linux007
84497
405108
781418
5073
328218
861355
2256
751960
danish2018
341418
047388
083930
62776
003982
860651
229614
589358
696751
167706
533071
904871
408045
618167
720401
641707
065879
096800
68838
497002
720357
952270
secret1988
360624
017138
910800
187385
288464
822063
162976
535062
851290
677193
80213
124058
405130
337546
660484
867416
725615
User!
480953
125268
93926
sana88
808709
957000
653521
070820
750134
667414
22610
266211
041602
765413
295658
844448
Michael123
790064
354453
977889
712844
444037
981783
dubai786786
48097
276320
154847
Fahad
972444
628353
267619
205612
login000
458755
696421
730059
413666
38430
535150
5262
757086
522918
815166
408848
462011
101794
274813
930358
02037
965712
858660
Three12
College77
Ninja2022
30030
155584
446875
101926
895400
104896
945527
801746
647229
322047
000132
038962
028259
574057
707542
778151
692054
police
jason1996
643687
849299
910899
878328
3489
38612
695112
173547
02387
960575
645227
69832
405482
tiktok1999
840752
526218
421553
084392
337722
658295
709280
43491
191023
484473
928356
95158
916047
941622
972565
Ten88
734140
920172
587499
214720
764995
923054
518837
765050
Henry123
110165
658669
258302
908490
327008
843150
592317
479908
85827
771540
099616
302709
742929
011418
281853
6777
779284
418187
741477
115544
675664
793034
13643
55104
6951
752587
691669
283415
912252
Robert1986
aec123
984885
879923
2505
847099
facebook123
531421
379753
80262
409882
355729
612997
154154
welcome2004
090902
668954
270127
999471
233915
46760
Emma2003
230615
082181
215083
6669
79296
784850
37492
7851
622820
274241
elizabeth1234
757537
175659
214984
earth007
279796
459811
678359
090996
56392
427042
539275
820721
401643
269885
239635
951335
Guest#
008371
black1234
739992
002310
228954
122804
278234
300982
027896
Baby786786
170324
528000
471966
488686
722007
163064
390852
958199
459063
851378
210620
683870
026477
064603
357500
130240
004686
11200
Christopher
19572
Final2015
798391
january786786
635052
college88
672793
045298
444697
169103
646382
98861
960443
160149
500093
727639
27615
412907
55818
468226
469612
66542
743875
65380
6699
732578
Green
727859
050102
Eric!
967428
667612
133221
134035
698819
309067
771903
764929
415525
168245
760694
Hello00
873576
367400
Welcome
10080
imran2011
294778
Dubai1996
12929
light99
Seven
250184
681758
152394
867999
431838
705782
443113
487795
218493
demo1234
394713
150502
518144
503921
222013
879560
52241
515350
119196
hello1
641520
168476
784520
433708
965019
190014
cool1995
161150
684475
sofia!
135003
032813
57736
970651
malik1234
15141
Karachi1996
545897
Karachi1981
731577
481283
025421
015840
751861
840125
759935
islam123
285725
203962
983257
20013
592537
002365
449603
Noah1985
444224
485694
556171
541618
897402
901989
4962
malik12345
669878
546689
965569
993443
97580
132649
victoria1996
687280
asdf
818433
501600
228349
88095
249711
659065
324841
870936
610203
030123
765655
971971
270923
908831
136323
217558
387618
544225
872399
35147
259886
447865
9891
633512
296120
00105
071120
610148
135982
375650
955779
33887
199551
adrr
579458
941589
281259
274186
16044
67165
627539
721259
44597
918280
876656
483054
112134
713185
473814
699336
122221
151162
822910
419980
Master123456
748308
089353
265518
212872
967802
741499
71771
442717
94948
949454
234465
666853
50694
984225
864028
22141
61768
Teacher2003
30562
110123
asdf1996
moon00
43365
059125
902869
6834
669746
319935
59269
610720
Joseph2025
030917
012595
nora12
168487
754754
152317
290785
550385
407550
47411
FAHAD
22827
505780
796257
Matthew!
652839
744106
966229
498135
657239
89047
islam12345
213719
721512
728167
407748
sess
994895
821744
188606
808632
45465
962709
890758
First@
jonathan1988
986590
star786
Windows99
800800
0699
408947
50358
177859
411147
pakistan2007
733260
980067
602987
437712
171196
Joshua1992
1923
03129
238040
072446
301235
975117
064911
439351
019338
296241
851158
672936
151290
774664
richard2007
759132
065956
633523
393426
323730
594440
200156
808335
897490
682682
107932
399487
24577
373043
054758
745503
953106
730488
388718
730081
evelyn1996
804386
054802
838255
482889
blue1991
238326
103158
571747
394691
824582
670648
553575
515515
47754
73787
422070
252703
51485
4494
38059
982190
24262
688578
377828
56693
344960
207295
442750
202213
198528
320100
695860
734877
84784
922801
775445
972873
User1982
211519
424710
9810
110517
183480
57701
105270
192214
290917
669944
783563
920271
222596
307494
716111
716441
940016
440077
211838
893266
793606
150814
Love00
Sana123
password1986
482042
Nicholas1
715374
743666
126225
83251
72373
91868
3369
368478
engineer123
594462
612480
5658
958925
090514
828927
8166
56798
150018
629849
Thomas2021
3213
166683
507166
006842
Game1234
227106
654819
Passwd123456
278036
655171
330803
958232
652685
739145
425909
106898
617265
197604
037191
749606
826573
347501
998800
893332
833195
714813
wxrr
88480
480491
910734
735757
426481
604967
176330
Dark786
70203
650485
7164
596475
76286
683430
682198
01323
641278
54789
109032
master1994
313434
303006
162481
959332
123222
464453
402952
374308
962522
369556
queen1985
163790
617221
592988
918335
278014
854128
906807
524997
34146
5901
694265
634788
469579
096140
388960
120472
376409
135322
436788
433004
141009
58394
89509
959717
814506
3933
486090
061468
834405
652146
804364
36267
203049
643071
7410
83790
179058
Samsung12345
120197
447667
five1983
476168
195833
24115
717024
505692
January123456
455048
445676
736307
833833
3480
Starpk
150821
796840
464398
843161
367730
640739
539671
871750
700821
589886
931403
987591
earth2012
416317
c0ll3g3
510257
804573
766733
889900
868439
821359
464354
976426
974930
370447
371338
138435
539187
433928
981552
317108
586729
834251
Guest1998
927927
581526
296637
57239
977163
whatsapp88
669922
706101
692186
322509
329835
103136
921778
598642
217338
072226
582076
Four12345
416647
562716
089969
063261
608476
778602
1908
478764
817212
881177
968517
night321
31395
353375
719554
62216
602954
807180
541464
906917
781660
629882
890076
291335
983070
239789
310220
094094
395692
54908
655314
67410
326535
32991
Test1990
091278
723228
ten@
150513
543125
817960
266046
20748
632863
589556
763510
223322
81788
431684
65842
705221
tiger3210
624283
520322
917114
030767
157663
360668
185680
268609
516439
646195
75334
6975
341484
66556
63273
238469
953029
921283
824835
73941
328988
165847
5106
961884
209275
674080
155221
194205
542333
325699
169510
210305
9342
227205
711139
263582
Game123
Linux88
590392
018711
279466
354519
usman123
779669
52787
759022
298364
779823
194535
176968
210672
553751
29120
5166
018557
319737
234322
291026
thousand1234
730576
857736
112090
476839
188595
314391
789745
230914
122100
05047
099099
084491
142120
George2009
754204
519343
police321
47810
820226
291105
470305
08652
444301
964425
540672
24752
339163
337216
200827
28259
964040
314699
559064
534424
336105
015279
527241
921470
939576
960487
180411
014157
342155
448569
881056
717365
338085
919017
642675
05208
389620
949465
434401
487707
516417
489280
524546
33075
607519
23177
770638
Engineer69
010902
587224
279653
172381
283613
418924
675796
608058
328317
363154
Password1986
796400
090486
one12345
754226
266145
049049
Tiger123
Paul2015
863280
203654
166584
5157
usman77
533577
85638
099198
Muslim12345
372020
845768
719972
397441
149490
992926
279411
366696
978274
411543
sun1989
38724
624151
blu3123
499444
661254
Pass00
ALLAH
841181
karachi000
436018
21861
827035
151833
99918
523457
56315
116886
264165
617925
073271
250299
562771
390731
439967
333553
992497
576510
95991
579601
137082
29407
085349
399586
459052
73479
880935
527747
638462
168894
712085
iphone77
464651
98126
009515
62300
984742
050809
305778
619949
937090
Last99
84980
208846
073667
Engineerpk
411334
5706
624976
maryam2021
Seven1994
178299
641421
716650
40117
62146
846395
347369
067452
284471
040667
62069
648956
135256
929621
465234
386936
695750
535051
245531
954657
last1986
034892
406395
24031
44387
839146
045100
033308
5607
831446
117777
364078
351549
962643
62286
104819
king2010
701448
070514
090783
612458
549153
Last01
04851
510334
447326
04445
289487
204479
338063
ninja2007
500368
611325
605418
733326
209462
876997
625119
13174
685388
050696
271128
460878
651904
170811
983873
977735
580327
warrior786
138402
409772
005962
122727
319869
00308
576950
741301
765754
6714
568370
631257
075174
031680
250923
374528
211156
197769
833261
701635
black1985
642246
284053
zxc123
487465
784476
01680
470415
172513
955768
921811
749892
504988
255453
990110
626230
922955
834306
059763
98742
925969
797489
343442
988504
20524
517880
850784
58828
918390
8490
545688
707234
072963
125081
1263
991606
556193
990121
081609
181698
096382
240537
456456
561154
34468
540969
715286
144859
186593
919842
216645
240878
681230
60998
159302
6258
937134
391622
030499
48244
test1981
00168
881892
379434
227645
576312
760573
619157
962082
909865
081389
233530
044539
746867
797621
084249
171204
76944
133397
275660
761915
Apple1983
831303
202433
575267
006006
004829
230205
65681
712151
5847
Jason
030505
278729
Noah007
631829
933614
421531
college1989
162613
073711
Hamza01
1818
406340
906653
725527
236731
044374
250499
black1
894014
One12
906829
161579
Cool786
575025
547041
546458
943283
70854
227931
61159
554598
90013
462913
270796
74970
562320
733106
305195
588555
490171
samsung1980
746361
379082
363451
505483
islam123456
911779
618695
884565
829004
27377
709500
459536
01533
676456
096261
744689
moon1986
051217
855360
29092
234795
Guest123
700645
668151
820039
Blue000
358039
491623
224433
038797
King@
967582
231979
583132
262526
628408
467060
011223
908259
144936
966823
102619
648659
688809
110913
067936
130923
888041
895609
600501
399058
879274
644556
230196
910239
028182
emma!
329219
040953
730774
395076
586267
955449
831886
677424
639023
771485
527604
477213
647955
191818
473275
295636
797203
807191
blue1980
913385
85540
362780
793089
58233
446391
hello!
00714
allah2024
018700
891704
531850
210045
289355
662552
797643
51373
027467
179784
59395
388091
dragon786
327206
100595
384131
689117
838684
74613
338272
854513
950037
226677
047817
4353
64869
484605
465993
098736
833404
96404
907049
609191
raja2010
579645
21889
286220
184503
18249
004752
303083
70581
360096
973027
75929
1901
130735
204600
993432
601777
599269
059829
459965
273999
438526
43449
286803
4284
919644
012760
679580
855096
894322
22575
227293
901912
374968
613767
Hundred1989
246741
82117
353441
qsrr
331364
972147
784498
10360
889053
77616
309892
12348
Gregory
93086
51779
203456
999636
160314
988669
170500
169994
098692
583517
085690
asdf1985
310705
75327
last1996
900801
374517
Usman1993
596024
17087
82418
730763
592460
719906
356983
477862
787259
13797
096679
621445
January@
823207
501193
096206
726330
justin!
48804
367158
389609
736868
950081
535678
889240
169147
819786
986062
Five2026
869253
511148
792110
683078
445621
010726
48489
251416
Danish000
78589
153472
353452
633776
622182
907137
94668
39536
424985
708356
767613
289135
479138
966438
108064
111529
224543
649319
914430
383801
03206
233838
717695
937167
892012
876139
398068
028677
925408
927740
577489
042658
83531
363352
630839
929577
736626
607321
628782
118679
493867
839861
158499
Green1991
899184
394328
10493
191290
561407
916795
373516
069773
598235
4959
040128
Omar123
14042
662497
873543
698874
154385
745041
312961
shah2015
January88
997997
96810
310101
502249
668459
662079
164065
922845
229284
23429
89705
91105
3111
162085
091795
535535
993861
717497
598389
36141
130226
989472
872014
861696
p455wd123
997062
62748
871464
390302
799425
495704
528715
344498
070793
42623
597949
785576
85078
ethan12
y0u7ub3123
571549
934472
377982
883047
693781
8169
145750
495990
014421
086152
536140
506132
827816
98693
827464
414942
Monday1988
282150
746845
345026
099473
484066
205810
364837
575080
832458
274296
170192
264440
402600
31311
pakistan123
871574
143913
039688
8031
566907
205898
200002
61740
164736
705540
799282
548735
833228
219747
589182
894740
960245
380127
45444
801713
714824
537988
206613
677336
028424
David1992
817498
704396
720698
684398
029623
096316
22281
381040
377069
094589
441496
187704
George2025
330187
127666
18543
hamza2015
964491
507221
245949
990473
371514
836517
103455
291082
Master1988
947441
87836
qxs123
islam12
327140
951577
20412
501072
Bhatti786
441837
900702
531190
Two@
216040
930336
Sun2018
712778
621654
807796
945593
302357
sxf123
589600
382019
480755
887403
564850
022814
bilalpk
308286
737704
22365
992255
887568
918225
welcome321
853831
126434
349833
57603
969045
721237
013112
675433
391853
51905
240482
11781
957440
Fahad1234
islamabad321
allah99
33824
69223
666050
914276
310405
Hellopk
128854
645887
Brandon1
748858
Two1988
336424
815914
089848
926827
220209
784575
Cool123
050446
485848
037730
218141
196031
426976
492547
864050
456555
399619
798776
443454
245245
4ppl31
250338
778349
603075
272679
601700
180510
224103
996259
218526
148610
373791
59668
275286
974292
71204
323829
Multan000
963886
542608
6462
978428
527340
84042
085305
874357
khan@
65422
Shadow
January1984
771177
31087
465817
396132
458645
06391
186626
019668
695871
719609
390258
723525
162217
257378
314270
29988
847792
848804
704649
749738
371041
909106
795784
539220
512127
454729
459701
697015
026037
068299
576994
865183
272547
949146
79793
karachi88
989043
login007
953755
Hundred1988
52514
037433
38976
766381
178068
655974
644138
222706
337348
327745
898964
08176
82271
190108
531861
614262
859947
hello1994
121484
263725
471185
385055
Hina1984
0270
Thousand1981
Scarlett1
698500
daniel@
255904
970607
701844
034012
52220
4476
173998
901747
429440
maya1
179993
654137
066517
253000
186109
466598
10878
247951
864545
557722
231451
089078
289608
318362
ninjapk
661199
153758
530937
270214
272712
873455
669350
278773
897303
908391
921415
samsung3210
019789
058520
856273
857538
101288
584012
445203
330121
850883
239393
nora2010
897809
702735
044473
College2019
994323
718355
258544
xdd123
613272
147026
60501
0672
067397
01589
654269
681252
257444
718025
9870
Admin2013
919490
810029
913033
612436
773553
968440
82537
645898
425667
52836
android123456
227953
478687
184899
433620
890307
626373
489797
953799
825286
098120
468314
640519
533522
661716
603163
zwcc
862587
89558
281270
135916
772695
shadow1989
074129
865931
914628
54320
092741
Elizabeth1
lucy@
830544
617133
495781
king00
404811
504119
92841
431596
703967
785785
2439
017820
86212
163625
police2019
667810
317889
411466
Thomas786
998558
756536
838596
10045
992156
02618
206602
iphone1992
292226
059554
551617
440462
010323
979616
641377
One2026
574233
882189
Hamza2005
663234
312862
756041
920744
719015
685080
769978
black!
86373
92883
Daniel12
3831
492294
393338
490336
664257
456764
india01
016566
566071
66752
7332
625999
250714
39655
997777
49875
441221
17822
884532
178695
86751
667568
Islam321
Angel2026
492151
171220
814374
17927
916124
078529
257334
92953
482537
694650
992772
064537
895873
414898
41930
694232
684167
149160
768020
409266
06125
655611
624184
418484
782188
65534
movie2012
287650
welcome111
045617
120725
167805
21511
536173
072380
19348
617881
80850
001947
349602
252571
admin
300938
823328
125312
272360
96733
282095
413589
112937
705067
460548
948585
663553
625460
484429
182677
744249
484660
406483
555907
356774
950939
527098
201058
440572
487256
856977
732105
262581
787864
722084
374253
Samsung123
806861
89446
832062
176814
886633
689447
470932
Raja22
islamabadpk
651277
990011
695838
848683
277497
821381
470701
216942
676632
31759
dark88
114455
262955
489753
1074
79954
651409
414832
44268
536712
226622
210911
503063
238546
158279
233211
791274
671638
92358
822866
693077
598543
747472
664939
622963
936595
358303
014707
728420
550484
565752
755249
674828
853952
280423
575949
729509
233871
590491
672056
351923
Tiktok111
946682
026290
275550
029436
080949
365750
404624
068684
905179
968363
0843
61831
456522
164637
islamabad88
263692
711095
484209
019162
2541
853611
150161
15l4m1
670043
135894
135047
engineer2006
880110
541090
438790
966867
578963
880198
629915
951258
926992
711293
501226
449064
978417
262922
223168
253671
097735
92281
761739
326689
48251
7644
179630
430518
640431
930138
620301
359194
8250
861850
first12
688281
359425
3315
917037
402644
291225
302269
Michael!
imran1234
000341
488378
290923
979154
717794
234355
73374
570515
11459
2394
26117
341253
030914
628771
86513
340780
703505
806553
383933
362043
912351
655226
848562
324170
427856
390159
361669
567237
583572
501479
045793
64848
933988
899866
739552
003025
User12
189970
262064
790306
287221
131175
228514
37086
926541
389180
832447
484715
522907
537438
08904
707916
264770
798831
906686
987976
676533
365233
696564
761728
867240
780802
398244
11277
177441
7146
259149
99645
113839
997150
101662
Morning111
88473
626219
270589
798864
737143
957308
034804
150612
436766
206371
782001
263846
073942
7827
86716
616968
Monday99
57764
139964
602558
333333
47663
37296
131593
010945
130207
80864
611116
266585
Michael007
maryam1986
741092
862092
201223
641861
932514
741521
394361
000990
330264
601601
649616
43071
371536
666149
689084
967967
000660
231726
606210
123882
562749
youtube2020
632390
306372
775170
86023
517858
44009
765974
Emily1
668646
Raja786
894839
280159
150414
384582
206349
105787
057134
885115
74263
908996
995071
631719
646030
991628
154429
595947
887920
malik2001
077561
218229
646536
211508
200376
278003
Multan111
209264
324764
495495
556941
night22
charlotte2020
04564
abigail2000
322564
3642
367037
531036
681142
031202
251229
614537
806399
376541
731126
521741
516681
445720
969683
939510
686004
000572
987866
693330
59290
5h4d0w123
393745
835571
629541
35812
77791
548680
383570
master77
394229
438746
809171
418297
868791
155199
074701
900812
509894
Saima111
111023
031190
Admin!
610093
0717
fire786786
984566
003399
692802
414260
Light3210
822525
070414
44975
39130
queen00
907731
724812
118558
008536
161733
809248
864886
lion007
772024
472516
01953
067089
44583
f1r57
688930
39942
415580
577654
879857
447337
243331
64099
236522
356433
710138
401412
893024
369699
40390
383537
game00
731313
598752
313060
912505
thomas786
341231
493647
064284
799227
asdf12
297220
562815
456742
597234
626307
122078
511005
55986
459855
913770
932206
938806
769604
Qwerty1995
3825
829697
Brian12
805332
05180
108746
320397
708235
557557
142164
852335
79562
981156
210958
162745
678942
163878
67312
904816
882332
085371
033407
639925
whatsapp1995
499367
692296
094633
80913
544874
378477
413754
472274
malik00
609312
316514
506792
62734
420981
849255
255332
623018
050823
71855
080091
play69
qsff
973940
764269
393976
311993
183018
294745
640992
Teacher786
084315
409299
743204
536591
871497
852467
130499
28343
006798
whatsapp1992
778591
020086
55132
825814
700909
34629
593901
502909
681945
91658
ninja12
301675
635019
830731
420794
211111
02961
128359
315458
759803
115775
18907
509410
324247
76125
282546
935528
796268
575454
667194
783596
026862
955834
555445
086504
756107
ultra123456
443190
4464
63833
540067
992838
94696
234652
imran12345
49973
640849
200112
711876
Dubai1993
854183
640981
69489
635338
977262
845647
347138
654423
26971
084183
718608
384703
373439
206019
129250
591723
798611
229152
370931
955900
375100
232320
0505
691240
811261
707850
35343
540881
980958
020724
768735
450186
607695
350097
134068
225709
502227
582241
938069
836792
Master1
435820
580712
624041
012562
699171
442376
685091
285934
305899
557227
malik786786
070697
797313
194282
427449
84686
837133
91035
523600
808698
Google1985
003542
191296
3633
203225
647812
785598
42973
030184
416845
090673
943118
951610
003828
684145
569646
145673
575278
264264
89670
961917
323059
Lahore2022
468886
773267
5373
643588
421036
230190
669427
257477
Play1234
448041
Ali88
095766
077242
266563
969529
559933
092620
211926
24318
usman69
040524
30870
7956
allah3210
031117
340769
4179
186802
615549
364023
98525
357247
771430
885027
729542
377377
384692
842710
Hazel123
408562
554928
542443
171114
924352
593087
qatar12
12005
366388
Jason123
201366
585321
310563
830643
424402
ANGEL
256850
844052
591184
761343
511764
09128
029183
258082
570570
684849
912857
599082
840279
034771
565829
050399
omar321
354442
193083
879296
235829
737913
997117
478324
251317
69804
283569
784278
708763
8016
123607
594033
541288
383878
036630
08113
764676
213224
116116
8976
747197
43848
929181
633248
13356
317603
503459
962038
391864
150605
344311
9495
537977
383834
168454
042119
10472
281809
514833
815892
63119
423269
30646
ultra2012
022286
619597
36799
952226
496661
388905
110198
324016
84343
102674
648395
716760
richard2026
33285
Zachary2021
181874
406197
066748
14931
711942
Ayesha1985
418352
286495
895532
607332
216898
welcome1994
554862
4428
015422
748891
712800
138589
322685
Lily2015
001848
535810
660176
275055
444180
447568
159885
409585
409244
761046
372999
995764
633358
512105
866195
432916
Last12345
915288
023298
035332
143572
810568
862004
836968
953502
449658
26159
400906
130427
140041
891264
3879
115390
64995
275385
550143
950895
483208
090593
999438
393613
900317
471900
878658
222959
93744
334180
098824
602998
126588
578732
484693
186241
358864
744711
17493
7566
090208
742621
909821
762168
166243
277145
381051
730466
84133
353540
555808
354376
723492
969826
128007
575740
4077
232507
661441
847198
516659
596596
405614
64330
436843
929522
228129
475750
415822
Harper1234
5343
916036
997051
712822
728618
142076
23016
Green22
529287
647537
360525
643225
283404
788744
06720
278058
197945
552068
028105
127292
283448
725021
900141
872663
070314
7026
34804
75012
679316
433719
083127
789778
ethan2005
752939
add123
38857
109549
06181
India123
police1984
911900
289641
raymond1986
605957
707179
818301
913319
64491
051623
920821
514228
21350
581317
Love111
624085
128964
509366
4845
450329
583231
75593
915299
662739
472780
381810
105512
27552
406296
2283
139392
210423
Ahmed77
930963
angel1234
655644
200508
475640
97293
17115
145772
439032
Google2024
464739
728981
894333
695035
67564
143627
425590
119339
468655
109725
859507
042790
799348
377993
62930
14168
Love
472241
593989
eric2009
496067
689667
Cool!
11557
680185
284020
Saima1
002948
136642
374121
792396
Red22
57071
16429
287254
xsr123
483252
864996
318472
937101
459888
324808
096151
776776
Charlotte2019
428461
Sana007
194480
900306
335434
264605
three2012
875710
053911
385924
259820
421355
187484
961345
082434
104313
461780
445753
109582
229097
638528
021736
715473
449251
252923
082720
630212
132495
022462
Moon69
Sun123
267432
459448
raymond123
24542
920502
59976
070202
691889
980727
676489
last!
220880
857076
088968
298155
335203
54166
146113
705397
92372
83818
667392
zainab88
963600
5403
8574
010714
210892
578490
963523
158785
748440
322817
649924
845086
120395
148687
199540
36715
42994
077473
72142
731511
25613
348315
363968
689711
006743
253462
720577
874280
880517
849222
819126
061347
137049
52388
773058
350042
Sana!
197989
adam1986
143583
144309
908732
388069
Hamza111
173019
667689
454102
601414
087318
863335
544335
Eric2021
237347
741136
434291
312279
229933
428274
684057
ssd123
28483
3177
multan69
025278
077363
286715
548031
758582
676269
949102
662090
859859
244024
07007
Malik000
549934
194634
380215
929313
751278
230699
804375
056331
936188
354882
10339
412291
662849
426426
919270
156123
340406
879956
614966
899415
706794
47852
138259
904090
370425
976217
529892
630894
643104
068310
839663
770561
802065
401269
477059
07805
89635
angel1989
111639
676478
106238
559097
266926
57568
8865
221727
raja1997
061182
186065
833954
326711
02394
658438
Lahorepk
602943
012496
1215
011341
391985
981904
056969
770022
348821
217701
qatar2023
94164
5727
641872
293920
606991
766029
326568
6405
3765
594341
629717
129162
851983
362956
423126
792704
Hundred111
082522
841445
326348
641234
287155
232958
278795
23191
5193
471163
00203
950752
375012
30800
Windows77
842952
935880
771683
8919
304414
821029
259358
600072
067287
869385
090112
936331
004400
523072
34440
165583
225423
813736
Aurora123
671836
410168
695519
549681
578721
063382
39487
422609
197670
009768
390423
501622
337755
386232
295438
476058
335918
918038
77091
032967
670549
131002
omar1995
Iphone2018
158235
18053
090607
911724
71827
042548
150634
190839
064570
28077
014740
331287
435666
718234
570581
446853
891341
775797
429594
648351
222651
896786
049511
109989
944240
607783
254100
816365
794090
Anna2016
437734
Red!
Maryam2016
338800
481833
4308
607497
632258
485419
880297
09590
779361
943580
0726
807994
474419
273812
503943
376838
Frank
391105
291577
first786786
437624
611930
242330
555335
India111
367565
343156
112827
153274
346335
420233
92029
120714
74347
099682
08071
003135
004059
188980
916608
744678
927949
876480
060225
310502
185449
jason2007
3444
651057
067749
872828
001606
hello99
41601
292699
Islamabad1985
864809
307912
744788
717200
221661
195778
372196
847594
819874
261591
254485
770209
971300
403194
477422
035057
199892
514096
037972
Test12345
879736
36764
984819
06475
Eric007
115962
007414
681912
042735
328416
625669
204578
210276
489357
467709
667502
samsung1234
Linux000
lily2020
602921
436161
086328
Allah01
560516
41538
462473
684442
909403
604857
mark2016
787061
562562
506627
013574
998789
002321
697455
714670
923659
62769
85862
507573
118855
Islam77
623799
986579
070308
385209
099143
589380
brandon
45801
542872
121451
404129
870881
815639
589952
87906
093412
928576
003047
guest88
646338
066275
899954
Demo1997
873521
477202
097559
Blue111
280841
557062
563574
45437
832931
865359
College007
21378
740135
10038
198660
520652
789228
26201
940951
978120
816376
103312
56378
314754
107822
523831
027632
748946
251570
422037
326931
593109
9387
519618
943877
queen786786
233002
641322
874786
382536
393470
750530
746416
785675
370788
935847
989549
659857
918049
360019
096690
621511
512798
056001
981024
521268
565466
13020
lily!
883234
116435
542256
seven1994
01022
14623
28049
955482
245630
761860
914023
516219
413875
929434
564135
711073
091090
53627
26516
005170
370579
245850
928257
334741
Youtube2010
157586
339141
46144
689590
369149
969650
280852
746394
black2002
327800
57932
454487
327239
764214
2316
28448
1146
63042
fire1999
921690
221738
3717
713834
804111
883894
158301
036861
890835
788986
927938
930072
lahore1234
84924
551144
069575
668624
437954
414887
hannah!
136246
193501
6879
Master!
26726
388707
895961
03276
0183
701745
hussainpk
277860
43771
532785
376288
110923
980342
66234
50400
139436
79975
848507
02100
933295
721666
930853
537592
055374
341825
907467
180136
057442
104357
514459
652080
944108
36512
123068
5907
945329
499565
469436
80759
467874
22022
16016
33789
593659
83720
86338
906895
290608
240713
0623
Lion123
855415
969991
958254
849354
221969
909436
814275
865865
124465
030326
151415
836231
804859
053273
110402
402358
724295
116457
936562
909205
230318
307318
789580
6924
445962
372383
Final!
89803
792308
55412
601040
91455
900691
569899
232309
3261
82859
whatsapp12345
238711
000891
052283
374704
ten1
874258
560450
michael1983
247214
6738
012793
381260
107514
Usman786786
343717
544093
213609
john1234
670582
278355
420684
mark1234
626879
756360
08715
669020
914518
chloe!
510840
152053
00784
0222
750310
Olivia!
Passwd!
sophia1983
921855
483483
030426
872201
398222
547690
054032
763345
423632
084832
219692
248248
071202
19306
479688
670186
243023
825836
392898
244090
428032
092290
560087
81088
04200
User22
985908
153450
843601
three01
Three1993
51268
533214
829125
090111
616748
13594
516604
511874
170885
9618
151646
780593
424908
826991
623579
757460
003190
706871
593417
009273
384142
746746
759220
012727
Passwd#
543367
7791
55524
801812
434621
660539
bhatti1984
707685
Seven12345
monday1986
515031
205535
Monday000
doctor!
874742
165715
024816
865689
949355
ali00
05068
756118
992585
629772
109153
0407
495407
728684
538780
policepk
683991
597905
988559
490380
8907
70105
sun1984
623073
welcome77
822217
656106
135575
574431
754710
671429
Welcome@
267102
552409
hundred2006
258533
Windows1993
496287
682264
800096
577423
928796
797280
17717
131214
70014
two12345
83517
090211
348832
585035
952919
340263
imran007
062381
488004
user2011
288013
485485
672001
549494
66262
1629
269280
832018
219648
dark1996
591074
215457
459800
125455
535392
452034
928279
363077
Sophia123
secret00
33698
183942
047058
7860
742203
Hello123456
672331
063767
873664
23352
370370
895741
00469
75502
193182
306658
161568
799238
071099
744326
314226
986161
938784
57841
300806
591283
656337
939895
252989
kali#
349932
548185
769252
098384
438273
790900
101772
042416
324302
Bhatti786786
Hina22
698544
332794
094160
381293
434786
705892
Robert1991
247709
979528
050303
403040
406285
18095
74144
489236
814517
602338
955680
0123
246752
120373
86009
709126
729872
709709
Frank1
65198
014630
394383
878383
894751
987965
554180
854216
843997
black2012
89789
Final111
782309
892683
482911
927069
266981
526867
695090
78862
198539
69181
198429
783101
404470
106777
520707
wolf
lahore111
573419
0681
143880
80549
291621
147697
589743
00126
029766
691856
316536
742698
030921
294965
95032
55293
Wind000
418022
614251
111217
night69
044561
681428
0516
56371
850696
892793
71610
440396
522874
165913
406758
r4j4123
55020
484451
153219
88459
800998
276353
root00
2085
239151
star1984
784322
686598
906752
695849
810645
966306
941072
384483
255233
517374
827079
201696
83538
474892
50799
995808
255398
one2024
812130
199672
windows99
756129
483164
29995
380248
Moon123456
019492
021153
299629
658834
Steven2014
579524
594253
917873
485386
9093
466653
970233
170577
024640
863775
83489
5997
96887
403942
634216
550165
895697
676621
575553
220825
Karachi1994
brian1
654577
696256
433983
8649
55937
023166
325765
80955
Victoria
308176
qwerty2006
733249
562639
430232
877261
270493
967989
80794
788766
149556
800426
danish1234
106194
092642
309760
75950
251724
990000
698412
672023
97790
179168
018997
265573
758736
228811
633116
264693
790834
697510
702482
49756
695882
495187
724856
851895
074272
433785
86828
400400
Queen@
694694
924693
881804
675103
458348
903045
633336
312708
tiger00
504691
449790
Tiktok2018
45759
578446
013684
Imran2023
958738
809138
833492
henry1983
747945
968341
93142
901230
274659
791703
506330
muslim77
259875
819357
751993
753588
850069
129437
383339
116721
Ryan1234
677853
406857
816596
82481
927113
99876
989296
Peshawar@
000737
32942
452925
382558
889779
065241
835879
856757
login1983
165044
32515
795894
442211
94962
219824
Tiktok1996
596398
Raja88
50386
88718
766546
501732
399212
090651
815804
717519
555874
24885
542927
092873
047399
823977
swf123
398486
06447
088011
470404
446127
Harper1993
696861
02072
586520
755216
143792
378785
sana2010
50036
792693
728387
82432
992376
3918
807037
84847
070826
957418
235059
409156
152647
359986
02653
096129
two12
639111
357654
eric!
285450
268862
789382
n1nj4
21777
349888
211123
434874
832678
f1n4l123
4689
shah00
451473
309793
087010
444609
349316
460427
guest786
947342
377190
samsung2022
305910
545622
3462
40768
230490
791241
353826
392623
23807
011002
05320
john2005
142450
110341
061479
410762
Passwd@
208901
56427
859804
Engineer123
8220
198198
364111
935154
971883
464222
Final69
islamabad786
438394
808797
016984
921536
414546
Robert2021
445225
125477
121253
harper2014
student786786
mega12345
First12
364815
477884
Abigail2024
022297
42049
260810
554158
068629
062821
752895
422422
671242
865766
029469
tiktok2000
243606
Asdf12345
909722
943426
157157
850322
922999
468083
password2003
362065
370062
581174
265650
471240
934340
478522
734998
07987
746438
672265
525129
830522
203555
34748
247544
108152
096041
273339
812735
950873
karachi1981
687841
353287
05271
01155
523732
30625
Qwerty12345
99561
407858
783178
051986
547283
108625
317878
844932
489170
448822
156816
946770
931161
824153
821546
003861
325061
5745
210414
213576
84889
066451
560032
502931
756712
091190
768361
185229
527901
33558
962401
edward1981
8883
597212
water786
joseph786
51933
170914
863984
445291
590876
766007
queen000
425546
458876
081928
764390
463815
159423
083347
raja00
770330
525558
062436
660011
793364
253792
754501
719114
506077
4044
623909
12502
021395
631565
085393
106612
457501
162503
966779
669174
698060
301422
094677
Doctor1
2517
535458
51618
953711
081950
291434
516164
506275
654280
first007
Ten#
824538
011176
575564
16653
176627
169312
942304
863940
755018
19516
953898
Bhatti1997
821975
609983
kali123456
24381
898029
618442
414931
001276
465058
eagle000
Zainab12
635173
324698
School69
963171
Lucy1990
141526
465179
652410
0735
861762
769527
006105
111111
75719
187396
645106
0393
75600
256773
338052
Seven2016
872839
010308
025377
097119
906400
286825
011226
34482
592515
179091
853501
283635
266717
Fire22
Daniel1993
028413
069322
536327
131362
822734
524337
451418
279884
730345
351714
837936
482251
19047
563387
695211
849860
003531
715396
632720
559537
119405
878504
343013
788975
871937
914485
444950
87444
11382
814484
785026
799436
158147
78848
742786
554026
4056
127941
911361
849563
631972
697961
032252
787809
769428
005159
30527
012848
weee
70133
653642
550517
093599
089309
992640
499631
737473
131417
11515
638000
908072
867163
instagram1983
college1234
256916
906774
753247
eagle2006
6075
776303
130320
ninja69
703593
149908
641619
838629
3807
956384
451286
629332
009526
371899
Fatima77
848573
31696
396913
375452
247808
430705
555203
645667
815045
118437
753973
065065
689799
349778
946473
648307
245894
923208
772970
767107
48811
239657
154770
119108
665632
300718
622699
864677
music786
483626
296714
203698
629167
044693
231561
40152
51380
354266
414139
603284
529364
565895
05117
5562
love007
443883
156651
350867
25851
273053
870617
091443
217778
609367
865414
431288
570196
0498
928950
Demo123456
123486
122254
208120
559251
282590
560945
Frank1991
106073
650650
demo786786
904739
335522
716540
90398
485639
70567
231671
18319
074173
0901
650034
87780
black88
563332
865480
80171
262999
911746
555456
0527
152581
214599
211992
768427
Angel!
640970
zainab2013
823042
601920
9393
Movie2012
brian786
Hamza1
537658
final007
520861
439989
230999
453904
205766
031988
723019
465333
545842
132275
ninja22
493845
Hello
274494
Play000
564905
692340
17080
216953
732853
447711
799942
80668
730686
339416
353815
India
321035
hassan321
782848
323686
031350
957319
782287
261613
Bilal2006
823262
202015
131670
335632
419936
224521
Instagram1982
479325
33278
070617
287122
566819
197010
241890
09800
714417
328306
442013
743556
iphone111
979902
785906
156541
408089
445434
234542
573309
823889
183953
673090
917202
015169
154143
602767
946429
282359
912615
746878
187363
772299
600985
458799
236280
302698
745239
238986
601150
749089
Ultra321
107690
345136
088209
Police007
7437
41895
27860
622270
842699
906928
5595
249546
446710
52752
178387
9627
092279
188694
804056
081158
969958
027005
blue2004
907214
xsff
070103
195206
745943
75509
multan1988
979264
971630
maryam1994
683144
301070
464068
youtube1991
619828
951929
436238
278113
170214
238293
454498
Sun2002
465960
20475
548933
854337
712613
848903
113784
24017
073810
787765
761926
573474
306086
9483
olivia1982
4650
542971
851092
106150
520927
456412
030614
332343
331815
416284
067947
064955
70693
sun77
356235
888745
716386
331331
746977
983400
Morning77
035585
0147
856647
788183
474683
270963
625570
589237
49140
709764
381249
400642
17402
passwd2015
787699
270490
9576
603383
972345
909557
66514
575036
394548
179498
kali000
109043
130515
287562
007876
130523
497233
637703
658020
567831
248380
36127
561484
99043
290147
916630
15568
929643
291120
Fahadpk
894080
694815
51107
school3210
63511
998910
246697
603317
9924
446996
02884
007106
239712
5652
223135
mia786
641762
Login2019
4239
52822
166331
784652
525514
Ayesha1995
169136
083644
9972
329857
251130
45087
77406
Ayesha12
790691
070774
519321
367796
719939
864974
066495
945098
949014
063140
961686
369303
movie1991
641245
765149
901252
030799
499081
006325
961070
865843
5088
moon2022
Blue2020
729179
moon12
584199
668228
281435
887194
33600
142989
victoria123
590711
009240
682352
289663
094534
293293
304931
921019
619674
192709
961235
698137
376101
99953
107536
Demo2005
351901
78778
576169
48027
624382
056892
714483
930369
147609
709907
708873
807785
khan2009
054076
751289
45941
419320
532851
470063
664543
141515
625273
683089
867735
62517
22715
647196
ssf123
837254
551551
835857
614449
81102
265991
230808
498883
084480
20874
731093
408177
592361
237556
259996
6861
97650
489049
938619
232892
Welcome1989
488455
32102
399366
154000
210508
Hello99
545853
6438
657789
166276
543741
466741
823955
Joshua1990
707311
563761
055583
89530
254287
Google88
945736
908193
667007
484649
299266
545072
398145
179663
169389
948673
93849
235026
110110
380149
850872
793826
457127
719620
150890
907313
95494
699853
80857
6234
692703
05474
37275
630784
858506
559383
130053
164549
hazel1991
233387
319550
tiger2015
556105
071654
45955
027478
655160
969518
462693
881617
340582
409398
873719
Multan@
932943
Mega2008
346709
040854
240526
974523
948343
554895
088352
201344
984533
384813
812504
761398
86814
31073
210214
043802
823064
christopher2010
720082
14679
801515
054164
163944
652355
190498
36757
wsrr
651860
Patrick1234
664906
788678
078309
8835
478038
878878
android!
624778
30177
507430
476069
535898
851521
996534
270311
823009
149281
777348
877822
556677
129712
037125
4632
258566
232980
150526
498388
663289
541156
362648
Passwd69
71960
78295
502711
216689
749232
304480
249744
595100
10514
092928
721699
984313
iphone00
Love3210
81081
266222
487058
418605
838871
83447
878471
979275
34580
045056
1245
052690
524117
282227
robert@
13769
672089
164373
874148
851653
285615
762322
665434
273493
998646
653059
912835
630927
Fire786786
7680
496100
377454
190490
925199
043494
293799
996754
203148
180037
243452
836572
david2012
639001
992915
631268
641047
718377
485232
321497
482471
535216
574739
926365
807730
244310
229328
381865
081653
900163
213059
015323
0211
745085
scarlett
600413
439560
847374
262735
609422
Karachi000
245597
352022
415283
354761
148225
609081
steven1981
Ali1996
955977
274230
529859
701272
Five123
014520
Bhatti@
856559
136697
587367
032626
red77
633028
550561
126115
jason1995
702713
230523
138105
655501
204050
727452
943558
996864
292776
717882
991617
129030
617364
889163
3546
225753
571010
rajapk
474518
40355
72009
Ryan786
53284
Teacher#
291346
262449
daniel
75964
203621
259336
408320
20552
955471
472736
138732
453475
861773
888371
09891
066352
533005
378752
074096
15687
692076
640607
676984
883421
Fahad2026
529617
311114
563310
23037
00728
404987
599599
1502
146949
365112
58170
503162
472560
114180
53543
hina1980
059653
403799
17962
235433
827354
313962
67207
148885
540584
038599
374165
654258
725912
895796
31500
500302
362593
112310
027984
132044
172249
270511
53991
737517
020911
210881
151382
238502
316151
392359
507958
303237
179795
157476
Dragon2010
106964
612931
91945
666512
119097
126907
311597
390005
112288
519013
007854
00700
647724
772178
087428
278575
314281
594979
789030
657470
Blue786
948244
87976
782111
240493
230065
803616
096074
210420
Pakistan2007
24087
068200
555192
19075
640365
060533
714571
817993
882453
455862
teacher99
45521
672034
486926
577808
062964
266057
528781
29575
110723
952017
714923
245993
821678
838915
289300
057662
1129
361317
287331
18809
778382
613404
791516
159731
905883
904123
Fatima2008
129679
24738
044792
962192
96523
016830
448261
479237
074976
605671
439120
902308
813252
28175
304700
612711
multan1983
912648
641069
161755
547349
023485
786962
876733
malik2019
367301
520069
357060
600754
482713
062029
193446
898689
91245
298331
27363
03157
olivia007
029601
883828
80010
542894
404646
976624
743853
914837
018073
69370
maya@
01988
613954
33733
919413
847429
Mega2012
996237
54257
849057
365002
6492
276683
125334
842468
073403
117084
xwc123
259611
084942
51072
457754
991639
222992
15491
230620
qac123
035937
837991
01561
762718
972675
176429
52955
481932
Tiger69
154297
4137
443322
22358
431530
299486
591041
841588
197384
160303
530068
296098
909513
983565
04263
124685
683661
299453
077858
717739
sedd
558701
77000
351824
875798
361295
300135
google2024
061886
648604
186648
643445
492536
214401
031603
794959
705738
883124
187429
808907
145651
655688
257994
074481
339493
737033
185240
421916
910437
460042
658064
04221
363011
876953
155078
Malik3210
191807
584716
805882
65954
310711
197538
921085
001584
521378
312180
497497
raja22
070587
035761
omar123456
667348
349734
Ten2000
485936
478951
207031
474771
195063
673651
766986
samsung!
267960
hundred
668041
037631
Charlotte
74921
809325
041965
53431
463518
477906
54446
Sun2010
082885
326040
119152
90790
693033
317075
hundred@
473627
775027
708741
734624
591712
7392
Android77
031295
741950
435512
048565
959970
859463
698621
582164
020603
06671
749804
131945
07098
992783
004653
367785
395549
057156
697752
68159
090802
540694
962577
746284
951687
311388
103389
099935
893937
873961
150793
334169
544819
038555
458282
249986
271282
538285
297143
505021
Imran2015
1021
594792
230582
080652
251900
851532
omar123
02912
409310
778822
765644
590854
705463
422873
022187
88277
484836
156266
814110
linux22
257125
439252
13475
7044
04361
874214
462572
109483
730675
red1987
333905
809688
276111
236071
362164
143077
42448
053625
007975
103268
915255
939400
939730
sun00
808511
097317
sana2015
916718
494835
302390
718575
Final00
250250
252549
627517
641773
493922
632632
231017
533533
917818
969540
18711
180829
admin2013
909678
527813
518859
587202
99386
454256
91413
619762
Thousand2013
868065
587213
movie1
620730
896654
r4j4
336666
888943
357533
632841
9414
458612
136818
908435
027577
729971
370953
777700
281402
407627
185856
lahore88
475530
487102
441298
Warrior00
multan!
9651
578072
super1993
471713
632962
757702
Elizabeth12
287694
980441
qatar99
034199
80969
doctor2018
8838
494571
928158
axd123
574673
422246
033726
721875
067529
99659
357511
305866
111265
334367
808742
609521
6420
169026
210650
8445
019932
274307
396319
615395
253099
86954
281193
513524
389950
446589
306790
575520
779768
819412
155353
263527
420101
38038
191208
92904
813549
5568
195932
Red69
000528
622897
237677
018326
91140
917884
steven786
480469
485826
176286
515185
Shadow00
116105
92288
622248
50834
729058
445335
Nora!
561671
468732
5430
6534
77266
Music2001
913627
286902
7692
162349
958496
532763
556534
267817
202939
1533
863390
joseph007
868802
360844
632016
594968
303160
972906
984874
Pass69
Police2003
thomas
796334
331188
100089
616880
peshawar#
396561
157641
20881
40250
984577
maya2017
39690
959387
361614
201718
814077
872905
194810
sun2003
860167
685630
779922
687555
304238
09618
120637
13916
339295
159467
856416
399102
702988
345268
83594
passwd1982
844811
Lahore01
705298
467357
661903
802417
335511
28063
744568
265925
64274
041239
229955
565906
512875
96824
478819
386166
124619
34090
251361
895015
460812
408859
23135
362406
501754
653268
662233
664356
057893
011117
222244
088308
360206
76734
27468
24059
417659
526207
331419
Muslim1985
713482
135861
834361
919996
242902
94983
022121
251713
208604
43624
576422
408342
297517
650749
158488
873807
561803
545633
525206
065868
180983
385748
693693
804782
85267
06118
269456
704297
462209
nicholas12
0480
364980
244805
238590
52717
320496
064900
671869
047168
601359
qad123
273779
112695
601469
882387
314853
Islam111
664521
066088
415250
910085
Quran2006
003586
585365
849442
058740
820204
test1234
504735
555555
347798
754138
272536
459932
398530
Seven01
325842
seven88
Chloe@
301114
182919
681197
254078
93037
705199
82971
270302
791175
9357
48335
44023
810656
623392
34986
978362
257708
Usman00
809864
277772
black2007
282249
668426
090711
888833
886127
231396
325556
28518
Eric2020
925826
097383
245960
374638
22708
848518
230690
321937
387706
Ahmed2021
176880
074019
743413
259831
803836
385891
488411
864644
715011
077517
King12345
willow2005
811624
284922
067001
089914
876293
earth123
090222
573144
882728
946836
964788
145090
66199
54481
725373
967626
450241
762377
24766
37093
340868
290193
122430
779570
426690
jason007
841819
Riley007
793001
743281
Instagram22
146663
416262
234663
077297
798787
402413
533302
036311
57645
892672
617419
32704
400554
Fahad2015
650991
197472
384043
104071
478456
957022
903969
22883
812636
258038
766810
493273
073205
541651
863302
406186
822052
597113
634227
727122
bilal1234
229647
474914
568788
7203
517429
295559
34643
344190
617254
five88
222970
73885
498201
449053
52605
349987
126478
346940
739816
050323
379401
97965
Wolf786786
089342
735669
qxss
325721
042603
168564
810436
dragon2022
8211
stephen1
908864
joshua1234
74963
680515
27300
931634
998481
069696
january000
130977
454135
201927
367521
354871
383317
082566
870001
174570
29246
633215
199474
128975
938575
274868
754006
100210
913000
576345
62797
310702
admin1995
290390
284647
417934
528946
735812
414414
701074
671330
036531
RED
309683
823636
645766
18438
173844
000825
790922
666127
446952
658504
4950
887458
271777
481855
978340
13454
201993
274329
1863
661045
571626
Five1234
bilal1990
73262
561814
309881
403975
078430
000583
851796
645788
289201
312609
01554
379962
Youtube#
245762
775819
160413
00147
879417
73773
64505
030408
025993
251702
950862
728310
2124
265320
67214
541882
Daniel786
814924
190293
866404
91280
039567
713108
007909
652960
649627
886556
820831
187066
647669
077220
529078
434588
042625
536811
310673
12313
529595
750860
996743
827255
Patrick@
424765
971190
782969
960663
457424
496595
Pakistan12
04662
749023
087109
45248
241703
831611
730895
1347
203973
099803
744557
265947
046420
42140
520817
328889
37177
85603
803649
880814
888239
447238
881089
Mega12
416097
581548
101563
692010
516263
309771
Thousand01
249337
345378
156332
861872
Black2012
757988
918973
588654
991056
564223
375111
778899
One12345
06188
306306
152493
676401
engineer00
118250
289003
59003
383196
355740
233574
51625
first
810953
06097
059939
337117
029392
Raymond1982
167728
996985
109406
858484
321761
993916
mark007
instagram#
055330
790361
587994
795564
Cool00
190723
765347
805574
784399
718454
089199
742027
224059
227084
26390
user786
223597
game321
336028
360811
225654
23520
622083
118602
03920
650881
773190
305613
871200
xae123
315403
338943
970662
479204
Brian1998
Asdf
378675
Jacob2019
230098
468974
957462
moon007
movie1996
637274
881155
444433
297781
818576
566522
895389
066792
829488
92386
329318
Anthony1991
110572
017622
154902
91231
710908
06433
229801
764819
443608
485397
998679
Ninja123456
992937
7137
188287
277695
289388
954316
41125
115423
786610
540078
396594
33957
510103
45962
676819
736934
361658
837837
379236
479270
724251
751872
217965
8844
Justin007
5199
417098
943833
045023
73367
656975
766095
387563
449977
557876
64190
942843
282832
daniel2010
38276
530222
382206
77693
086999
804672
8988
52437
955361
zsd123
794343
First01
Sana123456
642378
44590
Warrior321
347655
156904
810227
894762
758505
495044
441650
709346
18039
420068
335159
949861
082951
834537
438603
090178
162426
027533
689238
47747
361273
370183
097493
093324
School12345
538043
596464
226754
498564
272646
noah!
612953
555885
776765
944229
738584
15722
90895
325589
180290
166078
Dragon2008
954833
000803
786995
696982
chloe1983
660946
581207
115731
826540
485199
518969
874291
024937
3045
522005
610357
797929
secret111
24276
539935
872685
667942
650056
293524
489731
970904
dubai1996
Thousand!
43141
60732
638275
Black111
397287
252527
508486
635217
23093
406879
818510
64547
043109
7869
794310
00448
385011
559394
189992
571593
990517
071115
479435
520432
8352
13419
52682
Hamza000
02597
960003
874511
763532
Ahmed1994
67053
169532
Joshua1986
542322
945142
260183
409046
455521
028787
694485
349272
761662
356477
Police1999
609323
71470
444763
93716
711557
841104
245388
260568
007777
2262
420211
577621
429968
661672
aaff
61271
722667
834614
359172
411268
894905
322124
371976
285890
662387
911823
593692
542531
469766
595012
60907
236456
630971
87024
592053
795201
516274
842204
263516
dubai#
009900
318604
226116
698027
709896
617936
692626
795223
337733
204226
094930
881210
Gregory1234
8718
650837
233024
096338
181489
549780
291984
082412
071346
693550
363627
501501
764599
375221
214808
924913
883157
772332
995852
639463
566687
045936
School2016
824164
774774
390225
143605
493834
22736
445412
9888
673002
409662
000902
998228
94381
767162
856163
623766
329868
859617
728948
98630
567666
727749
85519
366850
674465
990935
emily1995
63532
0509
589457
247566
175901
827684
79282
995324
637307
731368
284944
515812
739519
052118
453959
11389
Muslim1980
267289
College@
246169
790581
307648
265386
73745
425711
630531
899943
350647
657151
818290
161524
857527
218911
692582
root1989
198099
346280
312763
035178
551067
086889
148291
00574
430012
382591
519299
458843
346962
055165
006864
744414
142560
639936
Maryam1987
686796
582736
276133
272965
886226
763279
100562
449504
789217
657327
717178
Four007
940291
80290
245619
Play88
107448
504768
069542
704385
982520
001320
lahore123
Matthew2012
116754
764071
325292
716881
454157
341902
273515
97349
674575
539968
184800
61922
063041
Iphone3210
027181
716584
702658
831699
132770
819423
843535
073898
311377
529111
752422
465454
083523
008426
733546
069421
817036
881628
Danish1234
serr
46256
Hannah
677545
587961
791615
83139
142692
047146
366663
151866
306724
570680
448921
52829
61817
299387
155001
266332
625262
807598
727254
873279
544599
334906
897094
630058
050677
968264
402831
280533
341693
713240
377652
72590
89572
949696
110599
783915
905740
232419
Zachary2017
940082
36204
400950
Thousand1980
734063
islamabad2026
585530
000858
063393
758879
781935
991815
998019
236973
305019
208923
373835
583242
372185
12607
01428
29162
451198
Three2010
937860
085646
937475
9876
954987
902704
535590
334774
395483
064779
cool786786
330165
834867
152471
557238
40971
190520
223619
869737
164285
mark1994
767349
001100
300168
594121
209451
043725
Wind1995
144023
311256
643335
191235
058102
4119
833943
6852
15176
381755
king!
901582
38017
210905
369215
973852
463683
64519
60529
361636
507650
045562
645249
614724
799546
036113
248776
525503
251152
88837
144705
612887
814704
066550
160600
300685
995412
227667
710083
086262
926530
655831
599654
Brian1
danish2013
730741
607827
96019
005775
366762
228877
aurora1
617584
688028
60067
643742
166815
441100
83699
008162
031218
625713
199793
472406
85134
205678
070208
183139
857043
514338
457534
918632
090626
523523
989516
324995
18697
941556
276958
085195
767272
345015
scarlett1234
543851
042383
743600
50862
756910
212498
6732
First2006
030195
152746
Imran@
44702
46522
278498
353485
02457
4ppl3
783860
046937
601062
615494
secret!
3591
479017
164890
051579
318076
938751
948563
924528
536349
217547
969463
290893
230202
007161
742401
367389
6168
461736
334873
923175
004411
454971
273922
gregory2023
383515
190905
6474
green007
723844
662211
216788
baby2005
321750
631664
Lucy2016
030223
544764
429484
936309
558195
07441
628903
250624
39893
321486
153505
480205
686697
151943
369006
02289
086526
437140
464772
901681
982256
218185
217888
12012
534149
23457
211640
178992
626329
21273
545534
603053
843557
516934
6591
5136
195041
944680
076175
104643
974831
453310
337744
4926
827112
942700
50645
872718
171259
174075
075130
680999
545974
536415
347523
841137
373593
51716
367191
966427
164714
Brian007
005764
524007
849365
007249
70518
629893
364254
589820
404481
679657
592636
999075
030805
624723
samsung88
080696
993366
Imran99
071885
98427
011572
747010
358875
486695
286055
028732
47453
330539
694991
709357
338789
Master01
494373
574332
052481
520300
468193
199034
44142
323367
316261
22295
065307
176979
567072
123475
242484
452672
737946
598587
758450
910327
422279
12691
922977
76055
738694
921877
642279
161359
hello77
757746
021076
19894
427361
977317
795388
749496
018348
Hannah!
352275
476971
912549
5175
Joseph1234
41111
ses123
0805
teacher1980
965668
880638
710699
998272
22344
286693
four1
298716
fatima321
148984
08162
025234
465883
29792
851994
463111
719378
299552
Queen
56063
754622
602844
100870
234509
Youtube77
652806
488268
91833
499884
334708
303039
266156
303820
220000
252384
598444
87675
508871
violet1985
405405
103939
841236
one321
352649
782683
768570
136444
qatar2010
360393
953535
107096
062898
691482
85449
344146
552860
508827
831182
7779
644831
196757
692285
025520
qess
Three
663564
356059
user2016
331144
886391
859067
082918
757042
688061
39872
061919
171930
48139
271096
193116
811998
581603
957594
659538
832799
509740
208813
615241
015895
Three2003
995500
55503
Steven
925573
885346
68544
297121
119064
212388
11228
85512
323972
310112
031471
683837
17626
223487
095557
901318
imran2012
695563
874962
210208
12761
182380
501292
395054
630696
588170
70896
509564
316052
561341
539143
985138
022264
Fatima786786
997084
457325
327349
music3210
836825
418550
32599
Imran1984
909755
863093
Hussain
945637
668393
105776
93499
478786
972796
526559
181918
262042
631939
416163
134992
848232
190999
483923
64512
519475
496617
390291
770143
Wolf12
162063
556688
993905
328746
142593
21245
h1n4123
684376
839553
393393
369578
015917
265045
162415
336193
429946
487223
227447
663102
hundred#
255035
954888
479897
180686
734712
517660
231891
667766
93485
239008
521279
182006
525899
Khan1
683969
steven1986
3672
334994
169367
Islamabad3210
401698
377179
monday01
131648
214412
834812
802483
833800
761651
109626
264011
896291
818147
911174
361042
929247
642169
772585
22911
882926
041250
love77
873466
562111
722282
261580
facebook01
425271
380325
113025
831512
saf123
191268
058674
548504
441276
453376
462737
408870
229108
860255
576675
Apple321
android2024
553608
451693
466334
235510
08211
Sophia1987
014905
783343
334961
375265
Cool111
823559
596145
660429
486904
446765
66654
126698
815309
991144
253198
070705
18522
117128
735999
leah@
USMAN
8949
605781
dubai
36491
440682
845394
056375
214093
450098
81662
011528
373373
663949
300619
06958
215677
999680
769263
250396
569096
047256
8157
262493
606628
556072
21140
144166
926750
080190
28056
908292
Hassan1234
328064
752158
839685
369105
489467
786137
333696
545908
894399
Root321
929324
586993
Sun!
Angel22
589578
316646
306691
953986
646250
716100
792121
255717
748011
wind1234
383361
090739
395395
axr123
027819
401588
Gregory786
0189
75761
206074
1115
574783
08876
940610
171842
188815
310750
337502
75446
32690
green123
801317
41510
045815
261173
616891
INDIA
94031
535249
532455
121957
076285
monday88
190421
935836
81144
776831
356125
Passwd1983
070026
79478
488059
379214
780175
436568
179553
313071
517968
passwdpk
855338
183106
018117
824890
906334
261932
29771
921052
139667
2472
925254
143891
045991
124080
44807
856449
87598
834383
158796
03773
305998
938817
163746
847990
216106
463452
77658
332860
151393
ahmed786
george2007
628364
711524
malik12
music69
276606
99540
461505
71288
517869
943932
512446
677391
086636
402710
661034
820930
27580
475321
620081
006589
205018
006985
android1994
749430
82313
809501
82124
308803
726473
135696
041426
276210
883300
935044
567589
718344
626890
206272
Ayesha1234
099550
288178
506594
223751
078287
412115
105765
300861
265298
701404
48069
169785
753632
814363
625207
798512
463628
63784
310126
Facebook111
535788
859309
328339
138281
1401
625163
2829
281710
073469
193908
634623
894432
074921
916531
971069
849728
105677
731346
703791
Lahore69
093918
42378
778690
250893
125037
594913
105347
971014
037697
548746
216755
147455
201168
823647
686455
19747
473594
253539
736703
33124
727881
363935
310926
008305
154759
988229
733205
64239
388564
769637
798347
Angel1985
Pakistan1
080410
881111
955317
382877
332244
213081
83349
85673
88886
843359
481470
423368
Danish@
lahore01
551287
41951
185658
468952
241406
853853
701338
464992
176044
184778
00357
475420
617573
760716
145321
130020
192401
231290
127963
491645
320133
Light2014
543235
654687
316679
523765
845196
739266
947232
334653
moon88
210452
071830
337491
503030
567512
41594
028908
255101
320298
Hussain2019
327217
483351
473946
388025
293667
779295
35581
872773
Henry12
84756
421740
712250
946363
657503
425458
278487
910536
0619
School@
340615
147191
224631
546051
66703
805321
848342
894267
782243
55615
531531
741125
ahmed2003
Guest!
941226
31297
971113
082907
925606
6120
151208
336688
78029
010791
126324
596211
755942
622941
378884
692483
562606
926013
889592
654038
438097
978406
413644
849464
779966
115280
028490
532862
233662
2241
960190
120769
403513
944361
6468
848705
00329
414293
319847
585277
540947
354145
677468
queen12
080036
867966
290268
383251
165022
29421
714494
ahmed99
340230
272800
165451
153527
962445
347633
219285
528583
546612
32774
298045
qwerty#
891275
6339
407957
67151
057651
606936
593824
768922
874819
417505
555247
11235
435380
626670
299222
230978
425117
03479
151932
Islam1993
961906
6696
359337
653972
645029
929005
198011
Hazel12
383493
684992
639276
874797
782771
Root2008
008877
687247
641102
882827
567083
684321
411521
108185
62419
480557
737572
412830
Brandon1993
029194
16359
616858
Apple007
790031
972037
51086
699424
589842
269808
407693
9711
079992
879395
799249
838552
980650
495517
play2001
130890
30296
adminpk
068574
74711
839795
260788
8244
00882
270702
476311
890285
821183
155705
844283
786082
946990
m4l1k
19600
920150
396275
819764
337337
Night3210
joseph1990
222640
3363
110799
971674
070590
734613
897974
633930
85785
76916
268532
4710
877030
757064
952050
447117
839718
006677
735592
7113
053372
117909
141284
Dark1
574497
992992
824483
986601
478071
091199
836913
232408
02177
94437
engineer2003
770495
193369
783167
471636
503019
393690
754820
70245
880946
635690
871112
710930
752136
378180
978824
20853
548218
371745
452364
835648
264572
388861
mega
45633
851807
392909
643390
174955
52136
289443
48160
219879
731203
96376
323026
310068
836374
Water22
141383
331584
132737
943261
80731
532070
593637
911449
066330
986007
057563
764808
914364
malik000
776468
177793
Grace007
928774
438053
376299
982674
076538
450725
153483
516230
785279
023947
Ahmed00
289630
860046
270358
960454
213686
676511
166034
883729
148929
884015
626714
Michael2023
442332
685806
730455
054087
925914
930985
636867
040040
524590
admin786
241142
625405
210177
267883
416119
396935
962907
724108
697675
730752
770737
7809
578116
832271
angel3210
203247
138468
540375
396407
102861
637329
pass1984
736065
710358
192973
316503
339218
338855
638957
174878
251090
220517
qef123
913682
356004
350262
435479
586454
826892
048103
305987
512886
444983
931414
641718
400114
129580
71022
Anthony2002
12922
481767
056243
Mark1
018656
61544
22148
801372
404998
28105
272976
601689
4998
546128
826034
725846
395373
316140
PLAY
613778
Light1234
959816
94297
238931
846274
163405
016115
668668
25018
670637
mega69
286561
090402
818664
454949
Fire69
580943
501457
689546
226160
0517
834207
743160
944251
375034
306878
whatsapp69
544313
851257
315667
734690
03087
435171
316327
394295
044044
796708
515427
505769
494549
98329
083864
602481
558206
172161
120780
98378
558855
193105
jonathan007
822723
030508
624393
310090
142791
125301
AYESHA
099770
873191
822811
610676
939840
033572
782804
335544
051931
688270
129173
Qwerty69
2292
209506
211057
748473
634513
039402
101849
lily2008
894641
868648
754116
321563
32256
384175
967505
seven321
054340
380028
ultra2023
663014
Jacob1
415921
45199
794024
Five1983
450252
869000
31584
548416
999988
354101
010217
064889
466257
190828
649462
660473
914947
589941
846780
810007
552772
459877
338866
090320
852995
203522
386925
856504
295515
181907
531465
152251
839278
438977
208241
62692
first1988
981805
356741
479248
494901
231008
281545
189013
final2002
iphone000
733997
024882
dubai!
970618
050923
60557
109087
763851
975502
usman#
267630
745118
652729
089991
layla2012
249381
191455
587708
184767
047641
337876
079871
401555
265815
413391
90944
481525
Fahad2008
850982
464761
596783
973566
253440
888646
65835
594143
343354
608410
761981
964304
Christopher1234
41419
038060
036520
291489
shadow111
452804
650089
334378
945868
856812
842798
43526
949685
867933
904387
414645
217239
889152
46501
350240
708411
964546
811195
163086
138413
445544
Super786
439747
shadow12
qeff
water1
666556
874929
imran786786
302643
412192
921679
526405
921140
460031
681164
286671
156695
966845
938168
547514
Login2014
Danish1981
591855
131571
20594
water2013
161601
942106
997348
283096
119031
479809
816343
701085
932756
677116
567215
230617
790658
696905
655908
356928
909271
088462
0582
baby1234
174460
47355
Youtube@
Sana00
27482
722403
46655
770748
710182
257895
108944
453013
259776
073821
809270
716859
834009
742973
843590
35154
136290
957539
55006
978703
381469
052613
Root@
122397
948112
371987
adam2022
050702
899690
161425
076593
467566
148324
70791
191180
119614
736340
887942
884829
987030
840510
026367
486772
346082
816453
150051
300399
932624
761255
783607
845416
638825
052866
975843
226281
392920
Willow007
Star12
47845
473517
963061
795861
577533
037807
579546
543829
511522
114169
08449
961202
417769
418660
878174
925166
563651
354816
000275
303809
25802
812009
97384
446699
252032
fatima2017
1125
Superpk
009548
643049
759550
629728
505065
315612
police1
103169
310211
935176
586212
836121
429088
511731
175769
952259
890945
418583
School2009
4875
22449
Emily2018
211464
715220
seven2016
222552
488400
sofia1
aurora786
585618
821964
151184
291467
515449
284669
485738
980056
12887
038731
7134
115489
386001
671418
password22
818488
695497
211105
910283
755238
585508
672320
330979
4377
010384
787666
770660
896874
494747
Raymond2006
038313
951544
263769
985259
984544
omar3210
918951
543411
062216
634282
667700
76853
30205
083721
149380
John
588159
589424
320188
saima123
549186
Ryan1
766568
178948
882992
449614
675334
21084
660451
277508
311509
002937
643126
958089
130966
love1988
56161
681186
459899
659879
175153
782507
355960
709038
300465
467049
39151
051196
151296
581493
807477
813076
706860
274835
253506
071258
072270
543587
January007
512842
028941
779603
195404
user12345
717684
554411
650683
252758
962368
891561
751454
201267
Hina77
62293
807400
51898
967252
9582
34524
016071
48587
490589
499620
298210
341638
030523
087384
925100
483318
269203
618068
451891
4425
290895
3759
130108
84448
67718
768141
Hazel2006
691009
070972
671176
Password99
95354
020768
8001
273801
857659
289278
508882
850674
60074
537559
800580
063602
501644
dragon12
369677
310108
197175
88914
25172
102850
5571
707740
22624
705012
axcc
507254
72954
605396
1105
702130
717013
927619
john1990
436117
521257
707388
Multan22
shah1998
015301
44989
798853
754688
29610
852599
098461
207911
310293
457303
79303
3255
23478
906697
615780
032868
448085
Joshua2000
015026
909260
samuel1234
76090
644853
780032
323158
386386
553795
409101
78988
181291
50029
463287
179905
021032
3987
3486
81368
116259
062227
564729
069894
334862
451253
605462
905278
734866
509476
096195
758230
589468
626021
44457
224675
10220
37142
59472
419771
05250
019767
658482
396055
318692
58163
139381
065890
395230
Student000
519783
244453
Sofia123
537845
792044
880275
129954
929170
381238
937970
samuel1992
211684
567688
533060
748517
977493
105149
5787
918995
834999
751443
087912
866789
141427
373868
371437
027566
648164
986150
583011
037796
505087
2823
17983
Four
998657
363418
089221
68733
Shadow321
206855
David786
3387
087813
776336
475574
11949
wolf!
778701
418088
714384
790350
439461
571175
454333
824131
669581
Hina1234
040843
red99
745745
888338
linux12345
496364
113938
613822
203016
evelyn2004
332475
002266
793342
848320
778525
712756
589259
151085
618882
76111
55825
913880
817366
578952
Dragonpk
833998
182930
869726
261239
007062
432685
2775
night2010
102828
509014
619740
523424
12796
Hina007
81312
589809
Mondaypk
Zainab69
Maya2014
650661
98203
501743
795608
454025
969155
390203
466158
86380
612876
691196
548988
090145
70721
79345
144177
096305
276254
293821
058806
964953
249656
263384
61152
360998
36778
212960
466268
214995
194667
140052
453596
427823
357720
495110
712305
595507
983675
62503
login1
931502
280181
575652
887007
998734
793177
818521
17486
one123
40222
262537
four111
72709
071313
Pakistan3210
109340
79408
090409
725109
5478
64897
650617
27517
103653
91294
781286
059774
169642
Engineer2000
212113
Green1234
574508
452991
124432
3174
823878
666325
916311
171787
788755
862807
532928
550374
119581
406461
190300
Riley1984
57393
817201
Sofia1996
0489
95074
978835
8436
22722
974347
29211
633413
21224
86548
291709
315260
218218
218999
037576
043604
983444
70966
606892
820941
chloe@
343915
001331
632654
382063
847759
036135
35700
ayesha3210
158257
436370
284988
432839
3810
Tiger786
416933
Hamza1234
782837
1708
328856
641608
73955
998327
666534
796037
9819
987129
24430
877712
722227
531784
464970
445764
731038
178508
185328
667403
088121
Dragon99
724581
600314
657679
719290
6708
330770
945626
652619
422642
545424
94290
488081
626483
250823
48916
1910
53144
95417
39683
angel2005
753269
67963
192742
184030
798127
738804
068431
721556
6093
8781
665456
081961
831160
736153
92428
604890
peshawar2013
572935
10115
364903
022902
729190
560296
137005
414381
20944
734602
14987
King2025
179179
726077
697070
927003
James2020
714560
714263
555214
545204
308121
231196
940368
032164
566709
Usman#
629398
10052
760298
560571
414447
190916
328350
631279
80003
008998
984280
273427
384087
750486
lion00
790812
four12
512094
542839
613382
488510
56602
130690
50652
755260
23975
441320
887799
101640
845108
666028
83034
741807
153153
099121
usman1983
804606
071577
528165
40558
485342
712338
784102
307373
342342
512501
28700
861234
974754
860101
810447
557326
027258
kali2020
434830
525349
413171
300245
765864
631202
308726
59794
Stephen1234
Saima1997
164351
409079
525283
asdf!
58261
34454
700194
730906
189046
23233
124520
five69
266453
142747
505263
375430
753863
Dubai2015
283492
stephen007
772233
327129
1560
5778
332288
465498
116523
073172
170717
414700
221991
8520
676687
Test01
013662
509201
712393
604285
502194
376706
277255
737726
86205
5772
256190
191136
lahore1
440253
822272
038137
567996
928290
305943
868307
416680
560043
Green00
890879
006248
424127
91504
702757
398255
608080
378290
397232
42000
42756
781319
3384
487399
307857
888173
291126
084535
99120
162822
786060
571296
56700
873752
222827
500489
earth88
7236
907654
136565
581427
153252
39340
563277
412951
727034
205260
584276
499818
965327
941666
671858
578853
356565
095216
693022
123376
111002
ahmed1
Qwerty88
639133
89278
020548
270457
00560
490259
59759
450912
050111
694727
982531
548867
388289
771749
553685
Angel123456
engineer2000
236940
246653
967406
581812
879032
610863
048686
56126
845185
268554
865425
249601
152845
814935
5577
Danish88
947573
235543
993619
049434
197967
135564
018854
049489
140822
qwerty
341539
037895
170687
621236
519519
547316
902077
899778
257730
Asdf1985
579843
14378
643995
224158
667524
147213
901120
270890
071181
474826
010274
3813
478225
700535
975689
77805
127622
224477
808236
829961
790207
200321
welcome123456
208395
602976
791021
83545
23961
867482
130814
Root1234
924550
699358
251515
Passwd2005
053713
697928
483461
061677
353177
43351
01281
haseeb123
412489
495902
787292
320067
335368
920876
936441
912956
962291
989164
655721
sofia2018
239437
029579
151745
519035
672287
170217
038577
085910
752477
018601
Welcome99
060390
772244
692494
124993
70532
993003
946077
secret321
407176
39907
4029
837727
070220
573320
510675
673750
103213
829532
28189
581581
061809
399322
raja12345
748374
095854
208890
489654
139161
58926
30751
631169
75005
190493
225489
233200
david1990
2502
677996
723811
895290
420123
954492
508970
charlotte2010
411422
164582
master1
442222
Guest1999
64246
jack007
799744
24458
43113
651992
324478
42784
479666
queen2018
21651
948530
391732
648637
860354
782727
169345
072358
390247
50554
908281
334763
495132
789206
441243
Sana786
659395
622160
16709
859485
483076
windows2008
0906
688611
032571
657547
669647
ul7r4123
154638
914474
644930
967318
26901
Kali2008
767327
036179
825682
270545
231627
921217
821612
967516
541816
396462
873917
507386
234905
Last@
play@
13447
100144
826617
87759
31192
43806
490699
95942
Malik2020
019514
204303
559405
776039
368962
572462
511335
149710
389884
510235
318197
054736
954580
966977
564267
652872
stephen@
628254
719367
348106
370007
127897
793166
987987
291049
777579
206833
630267
354750
138985
910932
404778
01267
120791
148390
06223
526735
343233
11676
270693
254254
334664
197241
751091
443663
618805
743105
991485
14252
welcome12345
328383
513777
241043
037367
252692
359678
882376
592614
732347
guest1234
660231
943767
0795
97804
108218
431519
35798
156552
09814
925694
858935
612051
265595
239074
468853
875039
308242
056606
143847
495803
319374
081422
279994
915354
988262
457182
574288
49980
454993
850861
345763
062337
358556
99050
636295
141471
198176
348205
795597
427372
372724
7890
76587
537075
888349
370161
44772
777733
762487
84371
614581
344289
955548
28707
992541
68005
815727
574805
172876
903441
929984
390940
720863
0591
91889
691229
776182
quranpk
425007
621126
16268
550671
487740
234289
797588
84945
Blue3210
136147
076802
Fatima#
740267
509795
333146
428021
006787
246004
351351
28420
497508
198891
537537
Cool1999
41006
868670
32235
015455
865634
183095
316844
66689
378642
774917
8121
366036
791758
244508
290111
269632
017061
456995
757075
104247
07721
welcome99
381205
509432
night123456
daniel1985
349063
996468
754952
817135
593054
64113
050259
720885
555478
Red1
940896
930193
123794
661947
939367
989032
71372
26376
582659
305657
478104
14511
698511
764621
554873
870133
131472
705386
bilal2006
179938
977933
110823
294085
316184
254881
15113
773531
734426
058839
781385
404844
58275
16387
Allah1
498278
479347
290396
250866
218812
zeff
08708
922141
376475
838882
312378
737220
469986
907082
900548
qaee
allah77
949157
194051
116017
Imran!
doctor2008
047806
33579
067661
042229
64421
Nicholas786
791824
009306
594429
652509
521873
025630
892815
750695
394768
hassan69
Queen12345
Peshawar2012
420662
801262
hassan123
Fahad00
692175
422543
798292
36806
09359
102454
172733
bilal!
990495
687951
854700
88655
994653
392634
269170
Whatsapp69
183986
422059
monday786786
058300
221496
480117
378004
377311
585948
49630
017831
696850
465124
Hannah2012
436832
root000
584771
378015
97419
657591
325732
434863
450714
060357
215259
42588
686081
58268
660220
270578
355487
953117
817619
696289
482317
365046
124245
423214
764951
737605
451000
dragon77
hello000
788557
361922
426294
228998
791032
011096
125059
162019
942073
683958
694067
777821
872311
737638
943965
287430
qsc123
065098
789085
462264
3975
718102
475871
146135
526251
673354
031217
265617
045826
527956
35189
73591
271370
Patrick
838739
890791
254408
409233
036740
bhatti22
427317
833151
757944
609026
72618
362153
563563
204897
638484
179289
346368
712008
747912
097086
658053
3906
246708
545743
23422
566665
768581
311465
248732
827761
476476
061534
723360
75705
588885
249238
619498
181214
350922
0642
865810
005269
552783
396726
409629
52311
200057
471691
308385
198275
025839
296648
735108
390038
Game!
704671
729443
9522
704528
Green1
818257
815485
963963
150114
99778
028358
153340
97454
821018
sophia1234
google22
00280
080630
164032
494769
290290
507980
6312
157740
750805
168388
114136
Mark
052140
858099
158202
022836
592097
079574
32172
Maya2026
855019
784905
676753
Dark321
086427
660693
214852
812680
799612
37485
707509
606958
475981
399278
976272
065736
002552
Hina2018
000286
530134
164175
60459
game1
483813
06713
342969
085591
0323
college007
890692
079508
97720
63630
324577
731665
904684
654478
213565
43561
329032
833811
14546
qsss
134893
636482
262229
075636
935374
ssr123
140998
132682
826925
092796
11907
090937
420849
883949
006347
644974
668844
97811
827145
252252
770319
390610
210782
399872
819533
043296
727705
063976
857241
094303
529760
31514
437118
073854
909744
05201
169884
996666
244255
410311
776732
233607
829631
66941
978813
604956
ahmed#
49945
311883
439406
169972
413061
26334
170814
486420
20202
32081
594759
31234
425249
Ten1980
529903
698577
782914
031075
Final123
97671
728475
427713
702229
480711
933526
0465
039534
826342
323136
719235
734184
819313
96768
9195
70686
055726
875776
840015
99428
82243
16548
592284
0273
727980
717651
26579
407022
082071
002409
135201
087241
Eric12
813318
113476
296791
528132
875809
477950
477092
349558
mega000
648648
385319
639298
456632
750992
256113
803132
798435
026213
87010
44954
071011
First111
468930
63371
567501
347413
41293
131483
437129
933768
764555
450142
099352
898271
933977
352484
809193
000792
071220
73892
05733
167783
569910
83468
762069
791648
824098
347589
Star2010
907940
14644
364705
031152
795696
Morning@
5985
980276
061127
898667
77959
325952
205920
893519
22764
9705
959156
403601
259061
750255
029678
429352
allah2014
806894
045925
323510
476861
697807
1338
766392
138204
432971
265771
210893
480128
555225
888635
856471
290208
42175
zerr
357577
993652
525415
peshawarpk
958947
847957
User2026
54852
earth321
857901
288640
258929
9069
420046
Tiger007
628606
Ayesha2020
116050
464585
939774
january111
920964
abigail
003652
073161
user3210
1440
370700
04942
731192
966889
648197
534600
088550
secret22
322014
528264
137951
omar1983
846362
student2009
183832
795003
991496
862169
682385
120076
047498
487883
454839
041019
589171
112376
600446
sana786786
498058
earth01
408507
605319
467170
525481
47299
King786
283118
210123
554367
130273
041613
137335
5655
009636
434280
raja99
796279
869462
88641
165506
FINAL
80248
877910
710798
319781
64372
pakistan01
754237
020295
019778
omar2025
229339
551243
054142
207449
900471
263868
760122
Qatar2010
866459
05327
647438
759847
62496
595518
121495
474870
164615
790515
844085
066990
744744
899261
973665
999603
Google22
Stephen1989
56189
329648
13461
760023
072974
51422
787347
282634
03248
1431
608509
642290
171116
837111
547448
407077
452342
244299
12425
775786
940786
811987
42882
250493
614900
zainab1986
44513
282689
865337
658647
024255
210108
757350
Hundred2012
137544
136180
655677
332585
472769
123860
845933
727353
83440
97006
653983
288321
19796
361702
230814
65282
895576
413809
862477
Islam000
038973
225390
zar123
07735
274054
998217
820699
286473
457094
673310
015521
834031
677028
engineer2023
678975
635910
977636
577247
156057
704924
126126
173393
317504
27622
990858
791307
985710
youtube1
447172
055803
521653
five77
54075
126379
743952
451319
132451
917257
635624
510037
qas123
272459
812152
041492
373472
182523
939873
82586
444015
774103
363253
362945
983081
965833
079948
674289
345048
862356
928928
Instagram
340923
347886
097856
668943
Layla@
332882
788073
123420
937915
Stephen123
109450
250111
260722
697477
870848
20342
076703
98931
519409
266783
741994
1941
756206
309078
264990
186549
424138
699941
997876
069564
524678
640167
549813
406791
276826
480172
69391
557249
627363
01575
61040
025025
Earth321
278542
697114
939455
191554
493416
747461
387662
666831
131153
466939
696278
09275
672562
145123
Dark1993
568414
329021
457974
914760
772156
500962
893013
886589
511632
77392
353716
28476
616011
379775
0936
404943
882409
857604
422488
android111
20804
88844
794442
185966
415426
855690
793584
877437
538747
48426
379973
567061
505252
694793
526031
103235
805761
759781
532488
260084
291852
316382
978681
588709
155562
182721
xxff
805849
168146
131967
1866
ultra!
370623
709940
003630
497442
669361
043868
9252
qdff
988394
469700
795267
263956
20888
573232
school000
201531
360294
536745
471768
423093
270593
987239
424809
593164
096965
502755
775852
049115
70546
476289
652850
276782
339042
Aurora
303248
100540
436689
762553
School1988
863225
Fatima1982
650947
423698
770055
40642
991694
310838
599027
Qatar123
29827
hundred77
850223
243991
605099
893233
65177
389433
097570
41258
056661
435952
975084
963699
169741
283250
818708
788689
271656
23065
467841
200310
069080
191126
48615
620433
888690
659802
394031
287859
Tiger2000
941974
734019
729520
789866
085525
425678
54502
096954
932734
741631
fire88
032065
773146
elizabeth@
510081
444730
955174
186197
231198
873873
806531
Ultra2023
318945
392161
832568
621500
450197
490490
757031
180257
642411
011193
931282
34517
914243
171281
Allah123456
404217
886149
90769
456346
Aurora!
792671
76461
night1991
485991
825539
David
287177
206624
171798
903903
Mary1
919072
164538
059532
483736
619905
888140
322113
280445
157685
053746
082500
034859
37352
869891
666083
740905
922251
029238
Green786786
649451
366817
650298
275033
565279
214489
33838
798325
Mega1980
663938
165132
370084
813439
465025
833415
447458
145211
887656
demo1995
451803
995874
231913
617408
968495
286110
33915
587301
339438
579238
597476
207878
049698
384208
359711
4473
Raja2024
787017
975238
73185
767767
446270
616902
141878
590700
428241
827849
Black00
261371
203808
674564
seven3210
gregory007
189420
031526
469568
013827
033022
Apple1999
460911
197549
165550
229075
540848
723976
955295
315480
7683
682220
333465
683914
768449
98049
danish000
505417
991727
604703
Ahmed2005
585156
462022
Multan321
551705
828993
06363
islamabad123456
975260
038819
341913
899756
193336
098538
978098
741004
323455
199100
063547
609158
955229
030423
khan22
570757
731159
Steven@
426514
794717
74795
016489
874093
imran2022
Leah2013
Mega77
077935
evelyn1234
198484
579436
10640
505560
669867
881837
072215
326810
011017
793375
299541
321134
86233
183909
911581
292853
Master786
967648
2509
Bilal@
227359
Master1993
493284
144364
raja1
m00n123
313665
153824
050666
877987
210639
178574
android786786
171644
212245
229570
206723
Jack!
161975
303127
428516
650012
310145
174163
christopher@
057871
110594
156365
041217
617870
577709
62188
682286
424061
869352
467104
884081
807576
813780
041140
850828
821579
660154
345532
650848
791868
330055
27342
815144
698753
312433
16317
973137
831578
221045
74067
741928
263043
880066
570735
599005
Eagle321
george786
light111
477939
737187
Quran00
Layla2002
490886
650144
233244
595727
351164
001782
417076
59927
277365
76181
568997
822701
932140
427471
Thousand3210
634161
110550
687093
497640
338118
Love123
294470
50442
21196
834944
596728
818378
728563
362285
630399
666600
976613
747439
963479
Omar12345
027940
28567
627385
923571
635327
405801
769648
Tiger1986
331650
038082
846549
zwrr
4236
556985
92631
247148
8124
317229
193171
271095
463463
789877
57624
50155
319704
595958
736670
Imran321
13965
039248
20559
886611
750728
155771
645590
602217
009427
621357
67732
islam77
394251
5691
251625
30149
274076
585904
32403
523809
817256
936727
033253
22414
070532
945648
07413
40236
052107
796070
834856
772607
781583
886842
715110
512666
774477
412940
159071
920678
January111
561330
sec123
283217
251111
Three3210
968308
534182
5022
386474
592702
947936
598730
2865
2101
496265
192049
Ultra123456
149105
730983
011858
548251
268389
767503
329384
169334
352957
06279
4125
639375
8268
454828
971564
5751
028006
148423
732171
170699
964370
572638
969760
9588
291296
192335
652190
Master00
833426
089529
693198
91623
688908
41657
61649
311234
270905
852093
980859
88900
798336
417197
489522
103532
257818
292919
306570
659208
474452
157630
426393
895378
641058
Eagle#
295944
02338
450857
594000
374979
041118
09219
71813
639485
761189
757669
712448
373978
624294
852225
419243
584584
515207
030199
461681
438702
366564
061897
651365
58114
399003
0917
908710
instagram77
4908
lion01
00889
Green12
347787
kevin12
379929
803583
491359
571032
151503
514547
280709
74564
114026
318802
410487
757339
762080
64827
058652
912945
713625
317218
ninja12345
797907
086790
113509
848606
298914
8115
297209
71561
784421
948838
light123456
656865
539077
0639
676885
761233
625526
779020
335192
911328
241681
303028
184217
586751
18508
474474
776820
92939
833030
545094
322443
099451
021978
250437
789569
17367
183634
216139
608465
458040
Saima786
087197
494604
045584
6762
559031
148280
93163
283690
392799
959618
503844
23324
448657
221947
emma2016
970398
861421
977757
800404
031856
119350
988603
107283
171886
272602
008899
400928
850278
691867
432256
60620
099517
16835
324335
276023
342705
885566
740355
15981
94171
552442
058465
253132
91469
lahore1989
909128
583660
683903
335841
969342
598620
426723
222948
893277
787380
618024
8388
813571
312587
402787
165726
Monday321
916102
Android12
583979
40649
448096
961004
040315
284427
448294
715209
418143
brandon1989
76440
780901
108713
366289
659274
365640
659285
928202
681010
749309
807818
003102
01169
274780
777359
940192
35322
217327
305668
malik1
174185
94549
425722
India01
840026
359843
983642
446468
9966
teacher007
68887
088891
pakistan1990
824681
952897
320716
615142
533500
Samsung1
397342
796026
031251
933570
455400
843447
967208
795234
love@
991793
269401
205106
53137
049533
524128
222343
694661
373164
846043
622292
636999
095304
748660
One99
201388
690118
Zainab12345
650276
043120
892243
924715
171622
083105
457798
181500
507804
420827
911372
040293
060632
9024
9033
417835
155166
20496
271898
090599
3107
092939
855041
4152
emily1986
2547
768713
315271
954250
Joseph2022
238007
402655
556732
053955
9696
828025
084667
450802
750233
160677
Shadow2015
703307
923395
143869
10269
Bhatti2010
520366
73283
837331
136015
210623
115797
623755
359865
715099
450032
india99
985336
103752
276716
Student!
130757
018304
502326
505494
091685
543444
889119
hina77
031713
718828
10276
732985
751575
861498
180521
stephen2000
56119
076615
72940
579117
744909
allah123456
764412
001023
743512
720896
676742
12565
776688
291226
446963
546029
523589
01771
712503
676467
288200
411345
Black3210
aurora1997
869693
98581
80675
795014
465839
458095
188628
794178
768339
636328
674487
WARRIOR
647592
126643
024222
406164
51730
027841
806487
010263
842435
aad123
223993
01764
Danish123456
021021
042526
Mega12345
249634
705034
emma786
310117
838827
104291
717629
964557
03605
850080
339526
887766
662926
217272
109538
237149
769373
600028
345774
284757
8973
450692
502744
598510
7926
198649
145409
61789
333784
949289
Lightpk
966163
348623
037004
359381
933944
558624
275627
45899
959024
024398
978230
150480
36288
315502
16975
242715
953018
362868
27237
Harper007
188012
526119
785477
115071
731819
527142
896621
879087
844954
609543
628265
454476
63070
814242
817058
740542
479039
475442
53613
928312
964986
57547
51198
205909
396858
254177
27853
565158
66647
53480
722821
024530
25200
143154
33642
133518
0573
30156
883575
159247
059367
24143
32879
Monday12
177771
038665
660968
8088
Tiktok1982
7050
796191
30632
586949
507892
Hundred12
916410
143924
17773
659109
Two12
443509
262185
520520
657316
082687
909986
360129
Qwerty2021
673079
615274
821865
265507
187033
292105
812647
876766
077275
532719
462979
91651
025300
89355
037400
64736
624712
android00
389554
287815
25102
7785
fahad99
Edward!
48895
168883
763246
doctor22
346753
577852
226479
309342
267850
202675
College1989
400147
Kali!
428505
968880
907742
332761
493075
547371
red1982
330231
594682
548966
657701
543224
415030
41328
347193
096976
387893
464684
30170
960916
256256
041261
130658
426019
403579
945450
034507
763906
maryam69
045980
447777
138226
334884
024464
729894
798171
115566
00959
739101
649363
182611
06034
689634
738089
xadd
106095
star#
341176
204589
931942
Warrior786
85008
894982
970926
463562
011396
16814
060555
483868
178552
095403
113861
128876
527417
191108
797797
744722
258489
78939
748561
364562
803891
703175
967769
271392
755898
671011
asdf1986
17297
jacob@
706728
820127
217536
610995
727045
610027
222794
791406
793441
511071
234157
Islamabad786
402105
486035
Water2023
27398
285087
781561
173866
454421
227436
114983
71575
418770
243914
451011
432784
184415
874302
047366
93821
534193
941347
91084
211442
913946
737825
470855
0798
195492
Maya1988
625075
255057
12733
594583
963270
436381
Warrior111
937376
154132
608564
70868
353276
91336
953194
045375
244497
286451
Baby007
883795
112497
838244
885852
277563
37464
676643
903353
913088
743611
506693
383427
846054
543719
597839
805442
28987
emma1
825627
410465
586377
672122
029689
838904
417538
951368
130097
276408
352363
Thousand786
756305
202719
528077
214357
27881
82460
islamabad1985
962258
126830
110105
942150
783629
578897
18487
12670
868120
209946
208703
745899
520795
71582
056452
656711
05551
367070
433081
147598
285340
Earth2021
595859
19719
81158
69923
779592
369325
Student111
386551
159291
Andrew1995
288970
359447
hamza1995
59199
843733
185141
434522
223806
208714
509729
872784
23170
566016
19824
021780
790163
908677
light2006
360283
941578
261305
076956
159929
770198
207394
059895
713460
176374
852313
6483
323620
635954
199529
686180
248677
111947
008294
54544
385539
959486
878680
043780
239679
344157
3465
728266
79107
25249
068585
204215
623876
688413
linux1991
shadow
322674
472021
52017
491612
Dubai#
15806
418616
395362
193534
286847
745668
310320
46319
windows2006
292270
898282
230326
69664
488257
827222
kali1980
95347
43631
74480
6840
766854
723602
32333
283151
877448
483571
12131
24101
729685
132946
70301
941325
One2024
247610
29652
2922
45367
039820
608399
003014
997744
806080
15099
361724
618849
965294
11011
55097
690767
02044
488433
600083
062909
210499
682880
546095
775709
hello3210
975546
244079
48076
202323
831831
975986
771144
655072
98826
48349
071026
525635
946297
465861
zainab1985
512655
138743
09366
042856
Riley1988
732193
003289
519002
646184
503635
Welcome00
1023
379500
900053
204710
last@
775830
893970
208021
990803
935913
780494
511060
965195
554103
142384
081081
669185
584815
167024
512809
018535
andrew2008
000110
7440
15659
889680
497013
901021
066385
685817
681978
559372
513898
377333
205865
930952
97258
836143
457039
680229
878130
777117
742841
624316
932899
539022
901285
675015
245223
140745
087285
student2018
549450
582967
543180
200761
540430
617122
666490
80346
118129
040909
58310
223718
sophia123
950576
891253
498443
2481
306603
103290
780274
790130
736769
417340
782826
182193
231825
684178
18585
856075
374330
634194
615043
687654
682517
029964
910602
270204
059279
538890
052228
216975
031460
Hannah1989
Tiger123456
67494
680504
770308
708499
31801
867493
508277
97636
535931
620796
070136
807675
54054
242759
168608
030493
176825
723162
854843
768317
394218
759165
995148
176594
098417
966603
052734
danish1985
434368
737209
288805
01330
787589
42847
Shah2019
302863
711634
404558
390863
056793
696487
297264
ten69
978318
799579
730191
Lion3210
594770
557711
Root12
843579
037752
263208
883014
513392
610346
1551
357280
045166
66857
73346
868296
053383
668547
718905
3270
69874
784883
login69
507199
one1981
55153
694452
61355
islamabad00
088990
248787
880341
614713
youtube22
679459
Muslim2015
019371
718960
137126
351098
zxe123
797060
36862
059598
179311
618354
051128
792968
165704
051744
111716
074712
832040
764918
720434
Ayesha1999
770594
Bilal123456
941611
90503
288376
sofia1984
515779
399014
293502
577390
820259
560714
31409
866800
288046
965580
F4h4d1
679778
Asdf!
596860
140382
636680
010293
760804
43316
554224
9282
372867
620972
2799
178926
250702
Dragon111
031790
749782
195283
122177
257455
909535
january77
429550
824175
950268
776545
13090
420112
28287
189156
ayesha00
209484
594858
515889
467225
fahad2008
266321
007326
511390
92267
090981
501875
376827
503899
185031
125554
695706
292369
698423
363099
353419
648868
72646
2367
708972
1779
368874
5475
861982
43981
9624
000627
346698
47733
762685
793144
dubaipk
584309
73276
393140
738958
608597
082093
084612
725725
wh4754pp
249821
773124
406142
096657
737088
283140
739453
392040
091220
258830
200607
instagram!
698038
526702
671352
720709
368049
772937
191697
298023
158224
290211
205205
6315
724647
922273
687995
092972
757185
853886
205293
3750
782870
109604
380050
Bilal2022
21567
734547
267465
138820
41272
186329
1893
301257
73542
190120
359821
9984
63938
899547
78071
171171
603999
834757
915123
551958
17745
111914
827310
23079
003707
676995
21259
807620
689513
446094
linux123456
044858
931326
090911
09513
831424
882244
Angel12
955724
339152
37716
433532
499961
super@
807664
314171
547646
664565
773179
271090
164571
208934
460284
172964
59171
653774
movie22
792869
935088
031482
197692
346379
3666
992574
charlotte1
8022
648296
266090
513975
654654
044924
48503
Blue2007
982982
936925
734294
62874
711612
763180
537053
androidpk
938366
440858
037983
651882
Omar22
613613
103466
776127
978758
285439
908523
285912
964150
5115
359128
772068
192379
772079
170115
49805
Qwerty000
105435
114774
449262
010993
895730
820534
032923
138446
489533
085239
25095
327107
846692
3801
47579
142703
michael
Blue69
102982
445016
548482
524282
286099
023419
558844
246642
757933
483428
maryam12345
855646
188386
082148
579513
779493
89929
694177
692274
20489
314831
110440
837023
646987
607805
anthony1998
796609
255321
37681
722249
07252
093225
589831
584892
545677
182446
525976
537317
288992
235279
350625
781077
499719
23338
250626
51275
multan321
220176
317031
31444
530871
512402
998624
181808
97139
ayesha786
624613
899305
042537
051108
22918
708246
94836
723734
181390
895037
775214
90559
785620
673596
38052
767470
596266
944823
212267
498355
Welcome1234
Doctor1980
290423
579425
40376
143319
087043
2145
703648
216535
050534
038467
Facebook007
314952
758725
457490
86408
785708
089067
004939
030360
936914
Evelyn1
28119
445907
Secret1999
267124
019459
935891
128502
06902
2712
653301
694166
266277
772794
Star22
476091
165836
686862
412412
Love77
944702
764049
437470
763158
396880
182743
735735
232254
939983
72121
684233
50960
muslim1983
Abigail1998
236775
804023
315491
Allah77
86170
Hussain77
062700
290720
870903
97048
052371
423797
633567
681098
893046
532180
941688
496045
816970
352165
756690
796224
kevin2022
234300
165803
463551
559570
279268
056859
486541
365442
99253
039831
9147
914991
386804
652674
084997
Login2016
672606
400686
Matthew2006
974424
743644
605187
580998
Grace1991
744942
290521
133452
68663
xsd123
192313
941721
Police99
96985
703494
63112
776479
782463
605143
225676
270039
517484
769626
729839
156519
joshua@
371569
91854
487696
780912
942535
james2018
04963
hussain123
wind
690470
614779
440220
movie2011
879538
153813
019195
631213
163856
20818
244739
815320
2373
20755
065208
84350
394152
107657
star77
Steven2004
960949
82061
505857
02310
64757
499048
992068
quran123456
900823
166496
933702
Hina1994
147730
198286
676544
306317
015510
581823
752576
88025
283822
726110
444411
605638
113817
06972
21287
895884
904134
night88
039369
053482
623634
109912
islamabad123
894069
305525
381117
538758
594814
42035
532279
058597
504053
wind01
210056
343211
hazel1
096250
443344
442475
411499
462242
007887
Sofia007
262207
164648
990682
545435
608740
753379
036553
598697
146839
796169
416834
88963
95109
634810
878779
702064
150911
854678
397485
588665
063437
28000
090794
080971
441474
759616
883817
189915
117150
628804
572880
457567
119922
8202
035541
79156
204116
ultra88
809072
393030
336776
934406
883355
5382
11179
797148
118767
1306
052877
09247
309716
417461
216667
042933
779845
549428
484044
007953
046431
348887
735273
129921
27027
417846
852544
109758
274131
005258
530508
634733
08946
Thomas1234
517517
811415
quran22
628100
375925
677831
958430
21231
503602
Omarpk
737594
677941
018865
171199
161535
975513
4467
63707
732633
101717
863962
408991
962566
356070
940907
64715
855547
638341
236434
642224
104885
626791
719840
451264
Omar2007
16800
81886
091960
464893
072622
465080
309309
083039
312070
043307
749045
622666
207372
658746
829686
553641
664708
964711
783728
626109
772222
994345
747296
926288
254749
148302
Androidpk
564476
549824
771298
620092
536855
557502
542168
479919
574915
696465
hundred12345
301411
892969
010868
417912
843062
482856
948860
440121
573485
334851
4788
65464
01316
willow12
076934
418462
850531
02030
359942
887623
204930
050126
442585
358985
985699
982806
241824
990451
948783
239503
327459
071190
405757
257257
139942
54250
Demo
158598
888767
966042
Tiktokpk
845482
271766
352319
656436
966295
423687
746383
802043
250074
154594
189112
559075
70329
windows#
901923
76251
845966
227865
410509
January2013
036619
94150
576202
147356
631125
10164
717409
540650
127534
153967
546942
8043
726781
450340
21924
756382
31563
104951
902187
883553
239448
1362
650826
737385
495264
877602
345103
eagle1234
982179
980716
292677
052536
67375
218086
944878
937442
719895
816585
26250
057057
588115
290993
871684
945395
920260
172854
89173
111045
469337
457919
Peshawar22
737693
67193
69692
663828
709192
381821
469931
275616
039215
170993
627374
751058
875919
379225
222750
kali3210
39277
175384
605803
456544
429154
184052
514492
005423
906422
684464
567039
674861
995368
861212
326546
329065
49105
981486
755469
019712
35070
176000
645216
586905
529837
369831
36134
837089
425194
185625
78547
894652
333960
377784
7089
436700
imran1
750475
133166
629024
39977
935693
381722
15l4m123
687544
310699
28910
197494
064295
26642
151011
830962
82327
766843
286462
655897
130999
9702
522137
34734
15071
196537
62181
794750
06594
54628
331540
162657
138501
755821
057277
685234
027016
450637
950092
602822
978802
757405
872036
56812
611127
ninja111
438867
425887
696080
Angel01
776501
330352
714274
23842
605902
925650
final1983
475948
867350
03150
183469
496441
asdf01
33418
143649
63994
awff
485892
133749
316800
14469
686323
549296
40299
280500
108317
981519
184833
02240
369963
042999
524612
970838
36526
last2024
552475
3429
swc123
926266
539704
386914
8376
371712
070048
fahad69
803726
526504
Jack2024
484220
63574
844184
042196
169466
573738
Google123
118415
811580
240746
777458
84217
574178
962874
246631
Allah000
612832
261217
351065
257774
422510
2619
Sun123456
471614
88466
784740
Frank@
782375
310992
144584
351604
279147
609708
873268
151202
02765
640222
871123
398178
430749
516725
337403
233123
moon69
937849
16898
526779
196482
71848
170802
533049
482988
628287
841401
006611
781143
QUEEN
302995
384736
141911
46942
845152
470217
955955
027412
175747
090114
346434
997689
243408
70749
698335
618629
251878
72436
75558
92365
425326
590117
134453
653466
school1994
408914
23891
587598
875028
575102
MULTAN
567523
588423
022770
136334
star1983
231781
Final@
pakistanpk
45010
78253
623865
555115
35924
753082
375628
001441
586355
583671
438152
901813
234003
360646
731412
687060
islam1234
382162
476751
125015
455301
69699
562804
070408
79751
006413
112398
393723
001155
4380
378158
207999
185438
816948
841082
569041
625086
Raja1986
94941
880836
4362
password1234
655754
724944
213708
96775
661386
053218
759396
113058
220561
724570
Allah99
852753
573089
27230
894047
935033
438339
785697
066660
120978
23737
246389
441815
53508
803957
649803
944053
828333
553377
708224
925859
11053
988053
583121
270468
294327
80318
749507
095535
244321
932162
982223
949971
charlotte1234
Last123456
054384
350955
01652
Doctor2003
584529
40306
769681
069058
330869
58786
716078
88333
698016
88697
550330
76027
837232
256905
42917
4347
797764
021538
641190
376442
085283
199848
233552
146102
067573
472989
211398
818444
761706
693605
527351
950125
764522
796950
579040
Edward2014
641751
684706
590788
653895
095546
776908
006149
92673
450626
36610
306207
430650
100408
655853
735680
710006
241296
859133
00924
410454
dark1981
088297
136422
user321
736912
525811
Music1985
158158
063635
Jacob12
943503
514283
773872
278553
7989
131020
Jack2005
343332
36302
016687
627550
04501
090277
066418
487718
375738
844063
90356
434973
853127
720115
Dark22
Omar1998
7893
413215
53249
191125
461373
47866
989659
426030
6114
Joshua1234
575619
985677
581482
696993
83426
040194
711975
93611
40082
414040
100584
006534
night@
81508
3903
396770
054703
744194
753489
728332
074118
Ten1998
79471
100034
336699
395593
3585
184569
803110
269753
023661
454113
412511
537163
114741
7623
73045
050721
sana3210
191609
Mega2010
746515
171105
qwr123
248127
35252
538175
203489
multan1986
537812
060577
311105
179685
397111
749133
719466
352495
642026
768416
Scarlett2020
742126
298749
539715
733018
188001
841643
935220
478412
39949
school2016
George2021
882200
409981
038511
700722
066506
253176
414205
705705
273933
838673
552024
148786
380237
591459
476773
77420
104368
078452
642081
471042
177925
541596
680031
479369
265166
33439
769813
345169
208362
710039
271678
070126
809567
171149
616814
three321
579964
209649
007689
132825
68992
618728
138941
83125
057992
056287
959673
080619
scarlett1983
046101
948046
027247
43414
405460
174251
420574
553102
158752
344564
060896
191048
018799
945912
077748
419474
889086
328075
766645
001892
riley1984
897589
395043
196174
263120
700469
665962
52395
534314
334576
229724
728079
018425
136092
065021
Wind12
613459
744469
752708
22267
477488
9642
011473
27692
897446
056276
Christopher1
069113
996413
211299
073689
966218
qatar786
19005
496980
466444
306438
680548
733535
671462
441045
251757
825275
67515
420904
530970
651794
440055
310816
547217
000330
640024
639353
106755
Star1234
469260
327921
229141
860233
692945
first1
118932
018689
311894
275440
87101
91637
949553
637065
617672
843986
821601
40327
598576
485947
349140
stephen1997
942414
504878
249832
58856
071852
235884
9987
6018
973390
575894
993718
366377
multan123
028325
076439
657481
731852
868890
135113
685058
673365
532796
573408
261470
686499
094270
746702
779383
297605
334092
786423
816189
263538
22043
445929
884367
729212
227656
226017
537130
356730
685674
057046
16779
6900
483758
826870
219791
805112
200486
459349
908479
127281
Red000
game2007
191093
82348
819720
976349
534468
268851
725406
052239
988515
362307
78918
798259
267047
614669
817696
005676
10787
0228
91112
529100
775093
321387
806344
moon786
477334
670483
030173
255222
124850
269533
598279
62601
702295
995346
fahad88
231264
Lahore123
604450
128777
211849
005049
441254
54103
377223
589567
see123
370172
949960
671704
014267
013673
214390
211618
568535
644666
43722
253550
patrick786
707729
859518
777722
353859
430078
417065
622215
36071
62328
643962
867977
185845
aedd
596046
09184
066704
062084
029073
27902
771067
579095
67102
Abigail
596673
950114
614856
102080
466785
817586
676236
450846
707938
547910
iphone1994
308022
41636
71911
437767
215303
sana#
603119
38164
958463
493449
Student22
11970
348128
996809
407913
247918
018370
574079
407121
602283
645524
Demo1995
219538
133661
6465
664796
114796
707982
193578
855767
16695
633314
875193
347017
045969
124003
595617
778008
008888
70700
shah77
91588
095381
018392
025069
263879
9153
Ahmed22
233079
39347
833140
451968
750783
217404
663608
425612
89460
701052
438944
Shadow1
57099
146509
849618
604329
339581
230010
443201
304106
93891
287276
793661
266409
285054
479446
Steven007
650738
255629
523567
423511
765094
71477
050017
371019
486024
075328
193512
663652
103411
300949
287760
832315
468908
835186
979253
711513
android321
474628
117799
386188
868747
006116
355872
988878
538340
650771
450494
026026
560208
Black#
Allah@
09954
717233
142802
842160
681406
53382
534237
716320
100859
170996
674619
765490
600820
125048
659527
547173
15946
707047
682011
578666
297649
15351
207702
410498
079200
32340
765666
417670
926662
636493
273064
824923
498157
759077
light88
37786
646448
132836
998921
458469
145706
009317
138292
stephen2010
942128
21987
ninja1
109439
595804
225478
120274
557183
617177
578226
311564
816574
010604
048862
038863
11935
517792
86079
411323
977031
930776
945824
711337
930446
430177
737165
291731
158851
867922
771463
035222
469271
733117
441606
338349
C0ll3g31
Night2005
110214
586168
229185
904189
057332
360195
819577
264759
995566
592394
734932
310013
494186
mia1
679272
Allah123
multan2020
921580
128117
821238
056584
328702
497926
630806
822228
667315
961961
127556
207713
maryam
219989
927795
73297
172524
735284
391039
joshua123
984115
572572
Lucy007
285637
862576
55335
770418
579172
709115
296527
190432
test1998
911053
290496
Allah1990
799953
568667
726352
240658
859716
853864
20867
912670
587906
073249
835912
203566
21847
095898
71071
148676
849893
635877
699567
05488
981838
User123456
208681
085888
440187
2082
290191
96173
363814
730642
275814
909953
535238
946506
70042
Black2020
727331
195437
224125
34937
328878
449702
149919
061941
230996
asd123
921910
04228
948915
Super22
766876
639650
530640
144232
080718
764610
671660
Two#
Peshawar01
411169
qatar
503657
339240
724229
57050
559669
57435
684431
789448
870562
335885
713251
595287
827013
super22
993410
158708
602206
307813
603251
670175
442387
850443
665060
315414
720852
8712
911284
356653
810887
293854
689678
946418
680944
643533
815133
165121
41944
3639
389037
73178
0834
876722
032846
864908
010120
230414
648934
saima2004
266871
444664
112387
299607
635558
122331
Linux77
296043
Michael786
578501
Hina2013
524139
568161
600721
882915
982476
394339
614482
074371
final3210
325886
331716
033099
151173
Islam1980
53620
323499
158312
628397
575795
032010
8223
212806
892606
090387
980430
959772
850762
294173
342826
179399
800481
944922
797544
379269
616561
08169
900933
891858
09793
893849
075361
092191
369985
089441
735020
Samsung2005
Ninja1990
65982
401456
052162
421454
204831
231715
22673
953678
697290
017523
641080
270094
837540
7569
061622
627055
889295
083468
Police
901549
793496
075449
215490
751157
921118
music321
Charlotte1
091608
543554
655479
918302
311199
0027
30373
144683
403480
253847
875633
5508
014465
130796
500588
358204
928983
394790
172931
452650
064812
943371
404008
789415
01806
261569
012804
075405
036586
248226
554774
004972
437459
880605
130202
787314
3237
711799
626868
715176
082610
060335
76335
066176
659978
396825
game000
910591
6882
942040
816651
980870
414722
085899
419485
664851
777018
579810
019283
multan000
080861
436744
593197
fatima123456
334928
22134
325809
586344
439615
871530
968759
islampk
411686
66920
674586
088836
09429
6447
233563
220121
561825
940654
014080
147235
73339
44282
144287
861509
449691
349668
858517
289091
724636
84000
535689
183777
637692
297627
688798
172755
903463
622303
382767
983125
999482
133551
827343
0511
774455
09898
470558
193633
797170
532081
8697
028061
609488
82152
72884
44828
460680
775896
james2012
19236
159192
058850
544995
38192
470008
307384
779680
411796
Hazel1997
118382
michael1234
462902
987767
906785
280467
882959
99421
62706
59101
715440
477840
319341
908017
770924
909711
001980
439065
609048
063657
Steven2007
192445
972312
898524
207933
631092
051755
228536
521884
801845
16996
357236
086735
603306
928884
217283
192676
539429
492327
62076
22603
659318
782276
light77
245311
631620
Lion1982
215193
097614
91273
229625
459283
206470
481184
673211
034639
287298
87738
958529
031214
232386
220297
85806
063030
536602
929885
water1993
115214
4506
17990
621863
494890
854612
54509
517561
queen123456
824087
758659
91728
010890
434181
564531
361405
646679
803198
690679
699479
412621
381953
427383
520025
833008
217844
247049
071280
423115
80584
008789
849585
436887
948640
115984
530079
582472
546216
825462
890802
823020
387794
671077
882486
353518
330781
quran007
11711
039028
647350
662530
18431
740927
106601
454751
287573
170499
503976
995060
062997
41167
30884
Love007
613118
291368
820556
earth!
Android1998
694859
341473
Test00
290899
550704
240570
27335
133650
313500
301345
06027
372229
97076
724493
278267
905311
89684
415481
Hazel1993
905080
988196
7185
083226
41559
7638
allah
474375
261184
259677
iphone1993
125158
186208
17878
131890
32606
189651
167244
078089
916113
834878
203060
425557
790119
samsung00
499510
38605
748275
259072
657459
434731
615329
111020
529452
876117
630564
158631
857626
Four2004
581185
daniel1234
175230
937321
29778
591976
443355
617716
32473
850630
95424
838574
410025
501446
235048
303875
40586
904002
harper
277420
Angel786
454344
79058
552222
641542
morning
554433
242143
6957
230602
850311
500533
67095
654321
01204
85162
2475
Nicholas2005
347006
578281
647328
8064
823229
887183
212465
379764
141636
649792
034265
540419
326612
936903
493801
507881
051018
503360
819159
522731
957121
146179
844701
254562
483340
059092
0657
5769
680108
805178
812471
987745
613173
530035
963226
916575
166562
031669
27923
235334
598774
571967
44800
456687
152680
941699
185471
260744
Fire007
17633
605055
438295
079079
847913
442343
468787
342628
478379
841841
090311
879362
054912
379060
333751
257631
Google00
836616
734393
273658
776259
02499
031966
624558
468534
quran1981
338954
two1
31661
first2017
096448
265078
957044
007293
89845
302786
925364
Bilal1998
752433
609268
pass786
578248
372306
7482
052393
4824
736901
421872
welcome786
466378
152064
70707
01799
070917
947980
050347
846098
94815
82642
225192
106656
306592
244167
260557
Pakistanpk
072545
71764
827101
518804
07455
75341
170708
853512
477114
0012
68012
561946
518078
820413
222772
614229
537471
260942
217525
Allah1985
989593
monday00
986645
777986
707784
155276
367147
547536
Thomas1995
057123
0810
106788
769835
640783
687214
676808
826012
374374
127919
708686
326326
175912
272415
958276
183282
428252
Saima01
817157
842666
030096
796653
953656
90055
xxdd
771837
160875
40453
29666
117282
61887
829136
410575
098131
387486
801900
23723
896379
Pass#
632566
Sana01
44730
866063
07602
90440
07056
168355
34188
377157
228701
281292
17444
823449
70525
933416
851862
270811
0267
919875
489676
jonathan2015
34181
aurora1234
seven1989
8796
063811
381700
989439
fahad12
46872
587851
511038
464255
five2013
118866
125598
345653
79618
138391
988911
423643
898931
011205
678612
511819
533170
279928
280346
112959
675312
215974
one1988
Usman123456
amelia1990
Two2002
152328
44765
861201
970552
180070
5868
978868
548086
938883
568887
860684
35602
038390
Whatsapp2005
055517
227249
993179
387871
Two111
074987
483417
aef123
january99
554752
33159
795300
773894
622193
98588
369523
willow!
831842
004378
346423
925034
576411
849475
last000
503173
471559
26880
474716
762531
074943
246411
040590
48734
hussain!
793936
812911
69006
134002
325226
979099
930666
1341
54782
allah1989
265287
045342
803011
robert2010
310905
301499
109285
674157
373802
7932
192005
366520
629233
412962
PESHAWAR
44849
746933
92792
159060
496452
524315
010186
573793
635305
177848
216524
205007
372537
653686
361009
539308
933471
mark!
286176
902110
212630
363198
68404
184558
552200
174229
8547
23989
811129
737990
Apple1996
Lily@
28308
85470
021945
574101
005533
Dragon22
199749
980903
447502
588918
685850
Brian1996
461318
016016
598741
Multan1
810909
238491
407440
353056
178640
269654
261899
520344
951533
725340
demo786
859078
525448
198561
057882
9141
839938
992178
507265
286957
Bhatti1985
149798
8427
2574
2217
657173
765798
050714
091971
344542
176341
750915
363660
64918
194238
348414
702383
97825
197791
535172
266376
376453
504449
225764
132187
383152
96306
117689
193028
905641
2868
313929
601843
morning2002
155936
230131
094490
271535
youtube123
Whatsapp00
064515
458161
936859
497937
0441
778866
850487
204512
794530
84798
olivia@
226809
727793
398651
380094
200970
865711
110793
024596
517066
819401
971795
599346
709786
44065
691053
814759
780978
Evelyn1984
284108
376013
315029
840532
068607
earth1994
2916
Ali1997
975095
496485
608432
584694
987679
553201
58191
765611
111117
58387
814671
96677
449801
965723
504427
110616
022880
515691
030323
005379
443146
543246
739244
733975
91028
748825
53802
317042
681582
374803
Lion1984
45297
556644
103906
638143
928730
704935
56238
738342
535491
141592
119845
Charlotte007
010793
141020
356389
842941
365123
985952
3972
475937
688292
251647
210523
207559
04158
02058
3195
061776
481888
Wolf2012
087593
720346
349305
039919
HELLO
534204
muslim2015
019074
243430
719158
232463
487487
994180
362670
985523
176638
106304
58065
201278
315084
435545
56546
287001
058751
621159
876205
817817
119944
902396
621742
865997
hussain1987
649781
2670
893750
824824
260271
250569
fourpk
126632
625658
62671
29722
78162
Thousand1234
766579
windows123456
585200
204677
90650
029612
facebook321
723921
883674
264462
030117
567259
370909
15666
911647
110896
sun99
228789
7800
13874
851312
674784
617837
915805
613921
Love2015
535095
371316
607057
620961
872168
190806
011297
244057
218691
121572
105611
63063
951280
118723
Lucy1980
148808
524557
59010
273702
547492
768548
800217
Zainab1989
316426
014102
5826
6705
503613
793529
69895
290323
769516
772684
017644
6414
99505
907236
082940
23212
olivia!
513139
843480
877569
69965
774653
541453
315381
31843
534380
456885
200222
737682
974710
891297
575641
782254
796345
149886
818741
694969
819148
Adam1
27629
886435
914782
017358
151459
296065
565510
767811
093830
076318
111232
521191
76601
666633
8172
Google1
714725
997799
indiapk
060148
361889
385407
24045
059719
02023
098428
171099
543807
170605
11158
88872
555379
93912
599687
09751
695739
623249
70588
495099
574717
196097
503382
15995
437239
297946
140525
888470
377696
681670
835263
404184
ryan1992
50057
184184
110385
871398
668085
983037
wind2002
026400
146718
870034
Hamza007
477103
598114
906455
Peshawar2023
626285
595034
815265
680482
72086
060324
072435
758098
186450
371701
Alexander
765237
27867
966636
946110
150062
132847
263901
159445
037378
210991
089892
652003
7140
835307
388212
652135
494593
531553
056760
660055
4488
Qatar3210
088561
372559
853303
737198
76545
020482
371184
461648
367939
Abigail2003
926211
939268
08239
26495
21329
179674
553564
44275
994169
736274
004345
linux
341242
564003
81844
501380
505164
133936
777337
416878
006886
964029
036080
050623
62468
380787
anthony@
qdss
773982
260337
sxee
768504
375045
50855
495286
746735
56847
586740
367829
356026
479226
675950
690393
xedd
826144
041327
900240
983114
183854
784751
660110
332222
896115
37856
384604
200244
686961
251801
277970
469854
503393
729421
348337
194172
802263
978175
Police77
563453
last1989
750200
636944
084139
229878
261327
970508
448437
7245
70434
75348
324093
790174
894806
16149
134486
075988
105380
950884
370073
734162
016368
user2026
212333
41321
145475
377894
58611
926145
96320
676423
980298
94472
944977
541827
890263
660187
143539
562331
751597
Ultra2011
947155
516120
532389
kali1985
675895
245003
511170
854986
556633
774246
315909
68901
638209
276573
030448
380776
019228
538428
851631
540617
615681
950829
998063
122056
494494
871453
210100
309848
088330
860915
36036
Facebook1234
432938
9783
5001
215468
272932
077198
399652
752906
848067
511478
563244
913462
247137
38241
16646
258819
969562
975403
291193
966658
347776
204182
057739
jack1982
123552
717530
646415
083501
876095
227392
057915
67319
708840
741169
16275
872333
7686
jack786
452001
726737
84854
027973
736098
047663
470250
675059
462495
268015
Student2013
884169
146366
974699
369512
426261
130548
430199
239690
727903
488532
489225
21616
147268
576301
721413
10850
77294
796587
571681
794068
Wind786
060951
380600
764038
456511
193611
977273
521004
571362
436986
11354
031211
279059
251405
86681
Play#
45318
Eric123
167112
162206
656480
10332
136081
151723
952600
341088
401214
245872
646063
594649
125136
013024
757955
12936
310728
387442
495594
031746
585464
110737
779867
893123
749661
Demo99
212047
469667
463661
401104
274032
405658
822283
211739
272635
321431
985633
095183
two#
341803
165671
896995
248490
758494
060115
948200
312741
89908
129063
63413
508574
010414
474166
975942
711359
261547
46851
112244
293403
487817
011770
46053
540100
490105
281985
750332
715407
443245
845515
109813
939950
974314
063448
Mu5l1m1
74179
0229
267894
676104
729256
warrior321
saima2011
230835
Hundred1
299970
579271
726176
asdf007
Dragon2019
002706
072061
010826
240438
614834
457160
664774
54313
251207
87150
034727
173503
850685
644688
75971
426910
918258
756866
46795
469227
342837
904057
343200
667832
227282
312994
976118
097592
337711
992464
023639
009779
167332
918709
946022
973962
251636
516791
839817
025861
970310
74109
31493
709819
278135
971058
894410
865733
107228
427757
5940
017534
123937
0363
415305
744656
768130
949245
379819
596343
094732
395263
654500
516846
230320
732204
766458
0450
640420
979572
3951
doctor1993
361064
364727
642708
884543
838508
865084
050105
458403
809633
170896
285593
hassan007
Teacher2024
593791
059884
sun2018
858858
601161
033297
love88
instagram1234
662607
85904
18074
082588
968561
107316
256586
702955
077770
063778
143803
289850
6408
062194
575927
174658
zwff
923439
2277
324104
385704
208747
09758
08204
477928
190517
221221
558382
170908
282205
686334
307978
039732
671924
095029
2313
305789
652179
292787
103719
491139
622072
356114
Eagle786
Blue2003
572418
958914
997579
super3210
837397
655369
116930
Fahad2021
9663
812812
905630
29547
109945
728002
644512
119867
060852
42028
599126
524898
9015
126676
371118
mega1
010615
069652
245256
596057
08932
926156
09856
Instagram2024
320254
596497
844987
063349
872553
248820
726671
987085
475134
155793
010241
172260
059026
702691
768790
657767
768394
231495
660781
598554
090233
64456
831435
169378
803748
808049
060214
123948
859760
656876
59822
486728
33495
628727
277662
851708
829818
173646
android2005
885632
103840
038357
Dragon786786
064449
707861
381876
762003
558118
795179
312510
aurora2008
733403
398200
946495
848947
518496
691680
911911
Login3210
monday2025
251548
854194
876392
2901
899624
Fire1996
966570
642213
19033
Sun12
235950
Gregory2024
298936
156343
Red@
984643
266442
609257
57799
248270
312422
993597
006237
177056
031911
183392
050853
51807
125928
797302
730510
808720
988889
809083
699391
35462
588951
325963
264286
746141
021406
024277
573441
Kali2001
089045
523655
193391
207570
44331
150678
338206
college
099231
357016
965954
584727
130214
96082
751828
721644
05173
380116
645964
390654
014982
423434
Dragon
491491
125829
86149
373054
52129
8598
802626
380083
Wolf3210
535084
620818
040931
364199
817091
23226
986546
Doctor88
894036
743886
444356
825187
441881
315876
Nora2007
951214
839069
718014
40838
Two12345
881650
017842
347963
418935
184173
195184
Hussain1984
888866
101167
367455
890373
518760
442233
086383
578391
55377
267443
861586
27433
519794
181599
5715
535337
878042
23051
043626
617210
831633
066462
769351
662420
827948
491095
614658
2451
694210
Welcome321
540001
695024
784630
750519
137797
692791
08589
745822
638858
056298
392458
47131
linux1987
101607
282018
917103
010527
691603
641223
048411
166804
968946
35245
398156
568040
011108
129041
437547
34601
782441
501424
799568
ryan123
54194
238139
832997
476960
156255
307043
563585
816222
966460
021670
005918
968121
523490
957099
544434
664422
7908
848122
16121
909315
saima321
767536
799458
530398
056177
329681
860222
449416
9264
736043
119449
714021
782210
533247
434808
042702
passwd2022
38913
68201
58667
321695
537416
091099
787204
903089
472329
78792
35882
752334
617309
Dark2017
208494
772926
551606
573705
780373
hundred00
Fatima3210
337480
204061
071335
359271
Hannah123
660572
007920
119482
adam2009
089705
380677
458150
38045
198924
37646
424732
467401
565697
742808
354233
622743
692021
272866
291148
288244
474144
966592
582142
542289
942546
781627
6960
464442
21840
608289
993102
470591
846219
670417
678799
455851
263604
Whatsapp22
474815
346995
387277
261250
186824
doctor2002
249172
151123
504724
392601
95613
06139
564212
902528
110176
96432
Love2009
059202
767591
063536
lahore3210
908248
00616
845075
652597
89474
73080
700898
088946
905168
451022
859441
649374
samuel2020
851070
611028
053471
6681
450230
85526
King1992
020273
38283
Eric2006
438713
154077
954195
710996
Eagle1995
983763
55258
622446
02940
97706
235103
911658
327789
472120
758076
06636
293887
291214
119900
204402
098626
782133
1722
479578
010893
740069
1007
286044
697730
243551
291192
619333
48167
427339
717805
690184
57771
141790
622721
485067
062491
525393
Super1
016302
324236
955537
520256
362560
906620
486794
274098
57484
270514
021549
58891
44128
037862
676434
929302
477631
171217
031537
882970
968286
751696
166650
434203
295999
hussain007
035453
331705
62349
798688
704407
05922
434599
Elizabeth1997
252890
294877
448382
311740
5091
122210
568645
92330
746768
843623
189387
867812
785510
143506
129327
153637
644171
0054
497739
611490
461263
413270
701778
011990
602723
900251
443773
3738
039314
933548
556457
335280
062183
532103
08659
849992
583187
982740
405922
327503
057211
46088
771551
Light!
3117
011126
113751
145288
9255
325314
66997
7788
4233
033484
629574
157927
522302
579854
881551
979825
459129
Bilalpk
77721
695277
060203
950983
017435
295262
906631
176165
235554
511511
371613
839993
615230
993927
42273
440792
593813
890626
610698
754600
057783
110220
345147
620851
836605
761640
thousand2021
717420
936936
673376
891506
567567
003993
881045
jacob2001
793243
159610
674751
117480
Jason!
747527
9846
273823
890142
780681
925001
17101
854458
614867
317141
36197
875754
639243
503261
781363
32137
440022
582230
198847
505153
pakistan321
835329
Morning2002
881309
90755
780351
481943
Thousand321
547877
011231
100881
24864
187924
65289
224235
273482
050408
584617
090302
79996
470492
6471
395329
553718
010499
494164
090290
499554
397408
40712
727386
master111
27699
025124
Water123456
236819
Amelia786
800294
444565
367499
586289
75656
281347
039160
825297
759099
929830
441804
060731
722942
797896
682649
876667
147488
557139
828399
230758
13664
254771
311135
400565
Cool1990
025454
278465
6135
397782
267014
893629
258621
404965
42161
276221
827706
dubai77
333300
Shadow2007
494142
190502
408892
71862
707036
860090
696762
Ten2019
276518
119273
740586
898920
462935
621676
986238
846593
493482
457017
829169
saima99
452518
501798
174438
jacob2005
601623
606551
342375
648736
130120
315150
brandon1994
72632
675851
130508
108130
919204
561264
71834
049852
264737
482240
743809
344410
7650
44632
7899
294558
976987
956010
611237
426668
9372
086658
83265
Ayesha@
928906
618046
637648
404283
641553
02443
043417
96565
422983
257213
248391
756800
574475
916641
877723
656986
188804
96145
301983
31899
102520
444367
094424
726682
071434
910448
738408
740883
095975
852214
071193
497684
17892
696597
24129
104236
71519
888382
663190
Karachi786786
304524
Gregory1995
32249
051199
455840
922163
001397
80325
73801
538923
74984
933746
316107
907258
668613
660726
677842
955097
whatsapp2003
340483
91987
7497
372845
204732
857670
95676
20216
81564
758857
Movie!
76013
179861
107118
12033
157982
009163
671264
332805
822041
551485
407836
218339
Islamabad99
wdee
paul1988
234553
282821
901131
482163
147631
858737
313764
920865
902572
42721
675818
485628
40719
47684
943899
865139
858616
655842
335863
655567
439648
424182
595881
patrick2011
21336
094193
533335
310849
994961
235290
18788
195822
766436
70413
55272
100892
130988
King2003
06356
L0v31
945923
740113
74774
679943
86597
191026
3828
002574
386793
586850
103048
89565
946858
117260
277288
694309
Qatar2026
412841
193688
585475
145387
635063
438757
433356
780703
436579
639969
681824
310453
951137
153307
287463
190751
726341
455125
306493
Steven1993
95452
590315
090816
421113
75096
923043
467280
738155
331727
justin12
6165
053460
726374
408188
111014
344883
461175
249667
903870
166826
657008
Ayesha01
686719
24038
497827
789052
993025
205425
shadow2007
810557
409684
60382
jonathan
316085
264957
296450
795113
134882
761541
436359
143198
749628
824813
396473
757295
615879
822778
393217
126412
317724
759649
937904
876348
Moon12
566962
49357
761772
Brandon@
521301
134464
324060
213147
946660
720907
015609
335478
594803
ethan2016
291038
808643
3894
531102
741939
870958
579183
111628
550539
895521
198022
012221
873851
7182
43820
896918
648593
639870
524249
236137
573100
ayesha69
032439
764302
508904
0829
468479
82663
692032
101508
910316
308363
Qatar1997
179333
564366
686048
665918
43575
68222
58576
26824
606452
444939
416295
ASDF
36148
0126
83398
demo000
453387
666809
479149
206503
5361
583968
762894
979737
Malik12345
020097
831050
609466
728255
616979
199056
708488
233992
988856
533907
339680
024431
081576
387057
838486
Sofia1987
74228
077649
940313
182094
Root12345
886809
264341
270182
698709
907907
796125
748319
508035
721039
31766
69125
495352
178222
600380
885005
900020
306416
67508
479820
833096
840092
507133
955790
150490
601678
6984
010659
540155
438009
001221
935572
450439
648670
3063
030756
939466
529870
101618
382481
cool12
640387
497585
418506
489720
318241
937398
494109
785488
558690
602030
402050
237083
697862
079332
36015
292028
140987
200211
00952
331100
788128
814418
eagle!
166848
725450
300003
271114
418308
419914
045529
318890
176440
711953
297286
evelyn2014
300322
345928
820787
323312
678348
85120
401258
891462
497200
857285
573177
849024
389532
356631
325083
74137
808984
521620
104720
99372
30121
549549
570702
958100
784531
28777
321926
209198
android22
11480
1248
422411
778844
320782
028512
609136
244750
brian2004
170786
Lucy2002
Password2022
660462
975282
60151
15442
799557
778305
57610
944031
128513
286429
92337
273361
Thomas
920480
0723
857395
663399
082423
293128
057090
1380
66388
847352
9471
520982
799931
670758
68082
599104
386441
532202
907896
53375
927322
556864
199287
968968
030908
618222
8391
733942
590733
753775
401137
352726
Night1990
341341
600490
026895
558811
770814
20055
760870
608157
663377
313324
160699
492415
880286
610896
307230
983345
841918
18739
161997
41762
756668
058927
50512
3798
05432
274582
662068
802945
189827
922097
242066
sdd123
262372
806949
295911
black77
4215
579832
221914
709720
082511
44576
charlotte!
059873
480106
981893
231077
764753
941534
463155
w1nd0w5123
super1981
800756
ali1985
615010
684651
301741
91672
067485
991650
425359
andrew!
009119
813329
256014
487443
07224
913825
283778
4512
652377
536052
931491
133177
246444
149754
170805
637197
944493
64575
720544
283481
239558
111199
92141
362351
849640
554290
778129
763763
735779
401885
84084
joshua2013
622171
479413
596739
843172
486783
598312
002156
825770
71232
five2014
367961
676577
947584
474749
967373
576268
489082
536987
140140
954910
xwr123
025729
bhatti007
599984
YOUTUBE
engineer
883520
262328
174372
665698
794013
970112
054406
525228
three
772838
220451
baby321
Samsung2006
154979
006809
police2021
04935
238348
871970
090296
760199
250393
19362
315073
673200
9777
007128
009471
1839
076681
881144
523369
727265
928378
263989
748847
peshawar12345
316745
034683
486145
984720
892947
366102
371030
447491
544192
089562
656755
87409
185251
015774
310739
237578
776985
648516
309914
035871
354651
061556
89887
51191
Light2025
679426
137445
59360
712283
119361
188727
698071
796433
894630
jack@
706827
maya1982
377905
415118
632093
872267
713416
639364
052041
056595
17423
386177
54201
417615
88991
010811
259270
5454
268598
846340
979539
868725
039446
523677
254672
672111
47782
15393
291096
405427
885489
75936
pass1995
575465
603592
Queenpk
1947
571021
60158
51114
180565
009570
947199
teacher1987
Police69
907247
048246
442057
83923
466972
993333
61033
3396
960509
274670
zscc
367180
317196
92211
52542
746691
980254
559185
280819
786929
283921
171208
340461
31773
630190
250426
154968
087571
23373
450549
685124
super2008
902429
29918
154539
132704
334411
883509
194216
554356
961708
Sun111
398772
cool1992
2022
087615
082324
143231
559900
03955
978505
839212
341308
165946
Last111
8079
268092
194931
683683
969111
976745
193424
753291
020625
08694
194579
631037
Shah2018
117381
35917
957242
066561
822250
olivia1980
119702
Lion786
322366
940808
572539
23275
864314
Engineer2006
Fatima1234
queen99
warrior1985
820094
298166
260513
58282
407704
193897
4455
27790
98819
087736
2841
9867
004917
927036
Raymond12
085470
Ninja12
152020
021351
30422
135740
Samsung99
867229
486992
756008
827937
70497
958749
khan123456
179157
sophia2003
487894
694441
66248
951907
829554
40684
Sana111
649297
346456
admin2009
810942
388157
72898
781220
513227
185416
206052
063613
29680
750541
884741
166980
Usman2015
884972
95480
916168
70175
989340
eaglepk
928048
996248
428439
495792
khan2026
271051
552904
786599
979319
687698
564047
725032
262471
310999
64603
880627
369028
92463
463276
270417
007040
465388
77378
439934
19789
421201
ryan2009
962137
448987
976107
468666
977394
300784
411741
597289
222200
396066
456599
322344
197758
208659
239822
484946
75880
552937
686620
081411
Leah2002
892826
736802
576224
542113
Anna1234
malik1989
232001
31171
853754
295845
938036
2211
434170
259380
211108
3726
Fatima000
250205
monday2011
10605
342936
466312
david1996
samsung786786
144463
91182
271909
531047
329978
199760
381942
801218
646976
83993
243650
993498
845163
0354
923373
661342
passwd2025
297968
529188
646140
661826
239305
892111
04508
1635
1596
541200
205194
470921
28574
light12345
713823
005313
Music111
134728
025641
Nora2003
359590
056320
311850
final111
555324
588071
770275
406912
874951
350394
305492
015730
10248
561220
895906
162767
127248
16170
982641
196614
george1994
862796
174152
Jason786
373923
64834
158114
610621
3093
848210
68145
996446
play88
260975
306801
509630
586047
397606
869946
022682
186527
885016
712239
96467
422620
60984
799788
admin786786
blue88
407066
Pass12
80528
930886
77308
633391
001518
188078
14875
174735
559295
140085
355839
555610
690492
279224
529793
765809
792077
317988
158422
14357
Michael2026
henry2012
131692
486508
908985
84063
55874
253242
049082
246873
145981
Lucy@
1698
077616
238425
547756
847891
072182
287540
94591
388872
352143
807708
688072
143132
102025
super786
985864
351527
794629
245366
628716
583825
240515
25697
290408
5190
148379
922669
050511
49560
667469
Elizabeth1993
Root123
Hamza!
402182
562507
master@
829059
644545
847253
626032
812163
502447
451187
52906
087450
677325
252417
395714
398695
545237
layla2008
paul1
589248
44170
549197
63749
859771
768328
491392
210993
224917
909238
937453
64526
029414
OMAR
607948
953524
884950
510697
samsung111
096921
932712
464926
860959
62174
146201
tiger77
015961
132792
857857
331793
215402
875787
192511
212025
903111
266970
892892
99295
matthew1996
032890
949795
943448
790801
009878
722106
659131
613360
740806
941985
23282
553135
41615
647174
407418
18872
420090
657712
414172
53844
449130
900394
300146
86786
dark2025
009328
314006
337392
467819
284163
226325
Password2012
186791
46137
629321
263296
130599
320221
251603
9906
121418
260546
514514
183414
482867
521774
528528
687500
837364
894916
029117
26306
red#
788194
236126
630388
458414
502590
108592
311344
676412
582329
914111
679965
319572
447051
487509
632434
611017
Islam1992
Khan2025
02352
887337
753225
950235
765303
601139
8613
521543
2988
880363
689216
166353
477829
248600
494461
568095
45626
590458
962533
991584
732457
505648
269874
216766
dubai00
627165
743446
Angel99
715880
069806
76566
405240
002783
189376
414326
268829
685509
07000
581834
0502
226226
44926
7425
247368
080058
970453
21091
Moviepk
723866
25067
Test88
761387
388168
835736
570053
313192
251735
655391
581075
426569
166232
19194
634370
212740
974545
134134
559988
13923
nicholas007
939829
070345
653004
whatsapp99
597366
2909
324214
860970
003597
999592
83524
857692
343882
357764
29050
886028
google2000
4437
662629
16464
797258
304337
100628
307483
520454
276045
850707
683199
254298
four22
898315
917389
engineer1234
716012
70756
55090
469073
841467
792517
272393
hassan3210
520993
992189
Ryan007
665621
07308
477466
541101
467632
quran@
503129
blue111
85939
Daniel2021
277453
724086
946462
687445
519838
084689
189684
980485
53v3n123
640695
91910
300575
Noah1
005104
497761
331089
991111
830071
017149
211288
903243
210726
2607
207042
756822
587939
341517
803792
21714
966394
023386
131093
372284
Admin69
720027
879516
819192
117579
868967
365970
727848
059642
679514
768108
229658
play1980
635646
528935
User3210
653510
5181
10416
698302
703626
570317
77476
564817
root786
219934
365189
618563
310904
378763
master1987
dubai1
806905
93723
888162
193138
150282
195426
461230
349514
617287
921712
997678
195756
243133
165737
68026
541959
82362
067881
41363
instagram2001
403359
293744
933845
154913
198451
674982
344850
421190
Ultra88
563948
angel123
890967
049654
341363
Zachary
350878
047938
wae123
704154
576290
579249
680801
167013
52248
1587
800558
698533
6645
757724
493185
001925
635184
388245
621544
202994
002013
347446
6936
Pakistan123
Nicholas2023
6363
419518
300707
404635
19740
104962
671220
68866
708103
149963
185130
928609
697235
793353
688237
two1984
90069
610918
Light1989
221573
931425
945934
Emma1983
462385
656997
251097
572121
16954
440847
300531
5241
170726
830830
254122
355894
836924
81004
11977
870276
032659
88389
130009
609070
580173
952215
398607
879285
548834
924176
734151
025509
56028
87752
peshawar00
529606
887414
01484
622424
142021
212553
76209
464002
754941
877052
Police2023
148599
64379
400466
43029
801053
065054
Justin1998
0093
970827
812416
581592
816871
070517
021461
447722
36484
761970
860508
301642
931722
155639
593956
018788
984764
296593
002112
822536
747208
555687
790537
411477
002970
45017
815650
330044
401874
559812
221100
115467
887788
24682
884356
169015
whatsapp000
044330
539572
791131
118954
127138
004840
117744
493460
695420
320584
344597
536085
Four1996
37898
teacher
54299
514118
88403
088110
three12
490611
377861
111507
073304
455620
Angel88
633380
72331
449086
Bilal000
Khan99
999570
bilal000
398827
058157
973214
565433
874621
017600
360437
170962
Islam#
675785
52556
318549
61607
522159
261525
833668
762707
Violet786
467852
544566
150726
051788
957484
594715
148137
zainab22
692978
Danish2000
231033
406329
322311
475200
288288
039798
670824
206184
night2005
513128
1743
137269
451462
702141
Emily123
67879
972829
172315
40439
410619
384186
Jonathan1996
065461
472054
329252
714846
649682
31626
227887
817069
71246
896093
Star123
784861
468963
07945
85323
1nd14
484462
491964
187264
3786
530728
947254
779207
519332
809391
697103
29911
325633
026983
493823
121979
61264
night!
311938
934868
827607
721710
675092
038423
92316
892375
977559
0468
101409
86415
master99
518771
250726
707157
9567
424468
314413
486068
199177
529826
614284
986315
870177
15001
62790
862279
680196
karachi2017
Moon321
611347
204941
740553
037961
294657
142758
459723
081499
31591
265221
Layla1982
338129
882156
015268
95732
735174
Youtube12345
7524
952853
614691
880033
981541
091223
335302
325017
055451
828663
6333
793859
qazwsxedc
770979
066803
675422
177947
423588
071291
914386
121693
764588
824505
722975
815716
150311
572066
406527
586883
9207
199199
684266
2905
232166
tiger01
974798
256333
164780
214621
387904
909095
612733
428703
Zainab!
671319
616429
693044
349437
95522
183029
888261
828685
25382
405724
0768
41678
631345
584925
72149
secret786786
82530
79065
812713
488642
656194
445610
727496
290455
549406
466686
Music
914144
061523
058432
213950
303523
238150
061314
488334
130308
649484
256938
407451
2511
466774
071907
387772
369655
804254
366938
553289
168058
477565
614526
299893
991254
298067
975700
wind3210
986843
488620
600589
414557
islamabad000
39116
830027
044528
522511
763191
776325
839729
934780
Peshawar69
243100
395428
18172
794915
Scarlett786
591327
304579
985831
176792
056881
350603
133034
63000
716595
006292
762938
99995
840081
989252
77546
162030
077154
688589
763708
70735
192918
394196
834702
991540
375661
06440
180598
12138
787919
64967
848309
83069
665764
579381
828355
739431
706981
231242
154583
291742
051612
042801
945835
313797
Imran1
180323
975194
849211
039347
243177
121297
034078
466235
green01
791087
960795
261866
553927
207779
419045
302896
738100
729575
537361
974171
265408
Black1985
48902
429143
15029
M3g41
946341
010637
016082
942623
713427
black2022
836935
893310
551023
37023
917169
954976
167233
five1986
sophia2018
04340
713537
831732
093027
916784
307219
407792
242396
765985
532114
996006
532730
59213
010211
633589
162107
535612
489830
678810
879373
723217
180378
708125
480271
510015
four@
059488
Angel2010
880726
116809
426338
491172
679107
Ultra1994
3420
guest1997
546194
435094
977152
385594
919039
Final2022
Warrior3210
220748
952314
027324
48650
556248
four1992
226292
284064
774741
881991
457468
528550
909689
68460
60935
148720
529166
Saima22
Bhatti99
3981
Password111
police99
5up3r123
534820
26761
329340
223278
876777
132693
919941
686422
944306
567941
133474
927850
485705
870837
348590
996303
344322
749342
55482
425513
9684
998943
029843
6060
671550
00021
683551
035376
264484
227700
1173
961213
87766
469392
681263
327778
398090
zaee
161810
539539
428912
066968
515009
529738
523930
003003
001815
james1234
131516
031889
Noah2007
839157
59122
585772
521763
633787
020680
055253
161513
674872
Earth111
23933
Secret3210
239140
431189
643973
777601
150524
520201
199639
79191
636306
209319
Fahad#
964348
973874
775984
818565
India1995
959013
828586
864875
909073
78484
097361
25550
577258
461813
469755
327272
576554
190388
154990
778426
322388
013464
419837
783816
91840
349206
687467
37828
937739
165308
590502
322960
32130
13223
494659
255464
249315
Blue77
616638
035420
387310
1968
157432
fatima111
435424
2658
571780
285384
76433
293359
042438
wolf1997
35518
50064
086438
278311
742434
213994
28273
967043
445775
611809
585783
75187
227326
496430
035475
71456
947320
3693
208626
615197
901670
444499
932085
034133
843810
864600
Maryam2020
81039
224708
873114
Amelia2016
24108
Earth000
218955
208373
114576
886798
990066
36869
Lily1234
964282
102498
99680
889141
439626
359568
8805
290477
079728
80500
super1998
827673
05040
warrior2008
346522
184129
love2000
685179
431233
813164
759506
782056
99407
972730
805915
122067
413842
Pass3210
ayesha22
99078
452694
952974
074811
663597
081455
455257
265397
shah2013
064405
Chloe12
249502
448679
608267
74746
175736
660264
063855
664488
8241
567402
94850
827904
471460
Morning99
awr123
602888
Ayesha
Edward007
Multan3210
232177
380545
master00
292314
219395
257026
830984
909623
456192
34251
Movie99
39382
031220
524293
99463
136994
zae123
389246
051008
916553
854150
69076
603009
511786
492690
30219
169433
711018
704044
2073
56182
090499
715418
012188
69979
746317
46599
795762
maryam88
709698
530695
647284
222486
627759
376123
726770
682000
user123
856372
1668
277134
886655
351747
709258
252857
054780
695002
344245
902847
860200
337315
301400
341209
627979
079365
anna1
113806
680449
540562
Hussain01
Allah69
197978
Amelia@
412203
847154
820325
138578
111026
518419
663960
891165
16583
946198
19621
64785
671561
358347
271634
728937
423995
745800
457589
752741
156453
736857
186538
384307
39669
Qatar1985
574376
239998
516065
426558
925155
312169
346764
871365
775489
323169
833085
270677
73605
754281
77686
368236
7086
424215
930655
985072
60319
505758
427108
974413
639573
323609
231517
1227
425447
784201
621401
140514
658284
503052
360250
264495
270205
503910
675917
211096
302148
112255
662178
043252
Tiktok@
025212
332574
539451
53088
234443
246807
878911
00028
307769
229405
890395
warrior2003
120835
639551
919248
Secret88
37744
81193
145365
515834
936485
78925
104027
922042
210661
181687
616847
9345
067331
862697
116798
846373
205986
488752
253363
824626
13818
946902
532411
22799
960036
170999
3771
039754
171193
264825
430298
420277
705243
417329
773212
919721
180763
002244
96670
749947
091226
322234
957880
273691
177760
12621
697169
07980
028116
68250
284383
330462
23926
453684
749265
986722
583836
56308
868142
781407
564113
0402
769395
170478
787776
210602
615252
877140
96390
64162
939664
791351
235719
711216
95018
015081
960146
091111
14406
65156
126874
154484
928147
90916
984698
341143
175780
973951
412280
420530
795674
650353
729025
240691
170393
719169
160776
Music123
one1234
195118
592724
secret1989
146784
02569
Student77
hazel786
police3210
554532
572737
42651
248193
997447
747758
004961
260095
826628
404756
98714
840664
5139
062348
69685
328284
817630
530101
1278
949630
11893
9879
394955
32543
427196
185603
199727
070890
414480
502700
626945
579821
044704
763235
131439
864138
583143
059862
gregory@
00224
385737
944218
qatar1980
413952
784564
659967
551298
570977
584837
726880
424952
822338
453497
836726
0342
964832
551540
51793
696476
631301
light2017
292655
803418
651420
355630
209880
842358
503184
324324
65667
905938
899393
Water69
188529
636504
579634
369226
633182
135377
417549
09842
749144
326205
68376
157212
090156
Wind#
68215
364661
henry007
48510
597784
03003
First786786
184096
120857
358842
090321
871310
285703
265980
446930
554125
172788
183370
901076
103004
warrior007
236313
009702
19264
896665
852016
429044
62538
028270
6387
113993
victoria1234
Lucy2003
337172
71869
303017
307417
shadow12345
01127
33621
211277
514041
547008
726572
717090
77518
552717
254441
032373
893420
080454
311069
20713
51023
518573
002585
752664
955614
muslim3210
932811
163460
720148
566742
13104
811316
925265
777755
808324
India2024
495528
148907
940665
01372
053801
265243
98259
367444
550429
248545
64701
32501
926607
130511
23758
580844
530013
411840
141834
ali22
125763
ahmed12345
983609
250976
254155
214170
222739
719268
433829
758846
islam1993
68131
894993
508926
091674
619201
Windows111
17073
056199
661430
Pass1984
5664
201663
168421
dark#
731841
22064
42903
21210
765479
149182
916058
63644
761904
353331
8373
225632
833745
014751
593010
710809
946286
218020
546249
06860
46417
693396
807015
971784
355817
0531
447007
893706
77777
967120
Samsung2024
583682
051020
471097
52297
492041
144210
80836
43904
345697
41433
290908
997458
04865
139469
131065
57834
529441
164439
645975
564300
311300
19901
484121
803506
577137
235653
078419
718982
Bilal2019
628001
875270
915222
Morning123
69622
Youtube786
Teacher2016
420959
morning1992
630817
Welcome22
212795
hassan2004
776919
king01
958562
792957
Dark@
Qatar2023
290711
048961
266849
435688
544863
792759
784553
702174
81970
017666
84238
908776
449152
667546
177661
250349
Elizabeth007
220319
India!
270666
403821
317361
331210
24220
202125
221617
599555
Iphone1996
777931
earthpk
665610
239602
237941
056111
568832
755986
777766
415239
639617
516593
241868
f0ur123
858143
19089
384164
99113
285362
453244
778910
339504
015939
087846
204138
204501
919314
618772
55650
862191
ultra1994
521235
437041
643467
779911
392766
828179
peshawar000
440143
354739
613965
401797
927828
756888
174317
26957
005214
243705
64582
619124
751168
097955
889636
876304
196383
43267
760089
675213
599247
Nora@
767987
548350
792814
010511
920755
576004
394427
647020
030811
010702
802879
680636
439538
09352
839256
61334
8100
835164
235796
601084
41706
windows12
90272
97545
701932
615318
958265
638440
688512
036850
434236
690789
404613
75257
182039
325380
205117
187748
713559
malikpk
634205
Maya123
503525
google88
Game2023
justin1988
455477
MORNING
72730
login1984
417648
172117
225027
852841
534677
369072
832359
earth99
888272
099759
05376
944801
967692
402369
397639
007568
415316
160820
63651
696245
724537
492602
639815
471306
768515
884202
329692
riley2009
985721
328658
769736
49413
434093
191686
74221
159775
daniel786
linux2001
717079
695299
026466
22890
011671
079068
997205
224257
098934
94059
207086
362527
965866
401742
761288
307593
657096
851543
278784
537801
6729
944999
310596
984005
639254
35658
805343
29533
833580
073491
48118
17535
64932
985578
usman1993
672991
758197
Hina111
656700
414502
139678
040370
458678
202378
682484
064636
924033
726957
257620
855668
687533
612403
787941
427603
Anthony!
143616
482064
Mega#
530651
amelia12
086086
ryan
39144
281589
023848
813637
171809
m3g4123
Welcome123
550209
010314
469403
312257
302104
567325
02989
23982
grace1996
18963
51744
839058
46865
774620
156167
042889
199364
ayesha!
912824
220759
198715
Movie01
856350
629288
2055
982399
011979
Ninja!
016324
448283
676302
059301
25151
755766
981695
148368
824802
441507
497354
631609
346412
091421
Green2009
646778
224961
Raymond007
442794
361460
631774
lucy123
823152
175208
test786
909117
430551
012144
17570
88340
722216
311008
341781
726187
191895
131142
776424
438735
342870
366685
767976
377971
Ahmed69
49182
07035
136400
135509
32739
292424
443410
107833
john1991
aurora@
82180
723558
635470
138325
902099
274637
571758
83832
411554
552651
625493
189486
985006
86037
137786
099220
230402
267487
95277
056342
292809
590051
363649
249425
400268
413050
747175
917213
121429
442552
787039
208043
859430
247533
544412
888206
858011
231814
631059
102322
621115
186472
180202
830654
299057
754919
521983
330605
55230
26019
286143
484858
157861
409915
744359
726495
154231
68621
530233
506770
8634
942326
20608
215578
969639
706706
427152
000682
076901
297165
312312
peshawar1
060005
469106
Bhatti1999
745162
23870
051096
557491
093181
649264
police2003
957649
283965
293414
010549
doctor123456
248963
739937
041129
523336
683639
36428
227590
098901
446105
50365
523534
259028
112431
950290
07343
90664
259347
813065
525338
505296
Dragon12345
429132
28168
04788
19537
98707
674377
625647
340164
388630
One123456
834845
test22
874885
616616
236896
608971
098197
2526
greenpk
26488
5949
377146
126951
55713
006468
231026
687016
647746
794893
320881
12467
693869
85225
India12345
537097
864259
096349
258511
485452
421674
558393
731786
1974
604549
619586
268279
735515
661265
663630
five2008
247170
Engineer786
464541
837551
fire12345
332926
samsungpk
431992
553091
677655
414238
461285
246719
262438
880044
114081
98322
17038
892881
749111
226611
384054
19845
128436
615538
743435
939279
715715
438119
174482
066121
142241
725010
504339
403766
890362
915552
325666
wind1992
751080
2220
417384
184910
973192
87969
firstpk
854568
543070
089771
298826
314347
06013
798963
879197
143253
651453
974281
788293
915519
843887
jack123
151228
470228
379302
371767
387233
grace2018
096426
137874
739475
657690
71624
478423
137808
Movie2005
Islam1985
265309
446072
679646
249799
534578
741488
Multan#
837221
188419
893508
leah1
737044
110620
455015
159390
651288
052360
250199
177144
886468
joseph1
775247
854370
893101
2601
24780
881727
073370
725890
898403
52794
76699
762410
454432
399740
682594
162272
178651
Secret99
404855
144265
472692
333861
479842
711766
954844
345851
735801
080223
03241
288750
150811
062040
fahad2026
28413
425337
red1234
83419
360679
8430
466818
037774
320507
454267
089881
032538
05775
658317
044726
357797
304568
814748
477972
Sana3210
danish321
736406
10668
397826
221287
187011
701228
065406
972213
956461
070111
128172
724702
42924
250896
three69
573298
647889
671649
938190
835901
Raja2021
200079
570119
977042
740982
four88
479314
Qatar12
920898
39249
889185
830291
825748
569877
745536
082280
250228
818983
448052
998635
Iphonepk
Root3210
98749
79695
Love12
saee
0747
683826
95648
471911
27503
664873
346478
900086
661529
461142
demo12
373890
378543
94724
98245
051667
806234
250399
804507
student786
8586
357709
027280
34776
267652
590667
097273
502920
183920
823482
014344
967483
590370
21945
030008
673871
star69
785180
830599
22652
290314
806168
3024
981596
010820
936375
665742
065538
380160
508354
ten88
499521
885544
450769
607904
511247
364210
718685
053867
735306
054098
6348
501149
0125
786852
749320
690536
32795
514789
427141
288728
47572
facebook1999
217976
779724
267311
053438
120670
zachary1234
39193
584353
Blue12345
019096
195228
Justin!
833382
721050
Game#
413292
57820
Apple69
863676
807807
487652
550231
922350
342716
71169
shadow123
673585
0846
910294
042317
621214
503877
109307
122958
018084
182853
20167
704143
952160
175604
75439
985897
462781
559757
20741
776149
828960
student2012
jason123
063921
Islam123456
537251
765182
223124
086075
223784
06265
21518
Final1
88004
79730
88221
709456
836649
624470
362142
66738
218031
862598
Richard1993
338888
771012
990781
010296
300564
175494
754996
099363
492393
486673
128304
387552
132429
176187
Hundred123456
701173
386122
050204
571197
793320
621346
351934
129492
514844
tiger12
368533
352176
007480
Angel2009
593252
842336
698632
719675
890956
950048
547250
0003
717189
021285
8778
075702
298980
352242
122947
491062
771947
270496
32620
266772
286121
38129
788370
060401
22057
731522
147312
626824
011005
732941
60144
631334
460999
secret123
12369
810513
692384
258522
january2022
429891
Secret@
825550
511115
516131
963754
777106
418781
002640
580778
591789
539528
249975
786533
42511
60662
080729
749408
145464
072050
56140
971652
120989
231319
Islamabad12345
125675
17304
one@
707608
604615
658273
4536
Andrew2012
queen69
676313
872938
679910
301796
928400
6870
340527
179696
078232
364694
198880
343486
618596
101673
948970
922988
fahad2021
086361
238106
330627
550264
923076
608322
210562
194678
2982
34867
254551
327019
179641
53361
blue77
668371
267322
801856
513931
996611
8259
673915
140118
375276
919061
346049
945945
74634
abigail007
8475
957143
Quran@
217019
Wolf2010
724339
403744
659307
windows12345
Mary1999
591580
504757
498729
421575
259193
kali69
467126
47474
878460
607376
813043
955152
256575
295119
356345
super1991
760188
854590
948827
14476
780164
124509
092323
250802
329571
492250
860783
533984
42532
399564
sun#
Samsung1992
482185
809743
794651
250190
849959
27559
052096
840334
dubai3210
495715
765842
88634
Richard
971641
600853
173657
Dubai123456
276848
583737
516747
627418
257323
76825
314512
60263
48727
488180
53193
64183
346577
11039
931821
179025
wxf123
805002
samsung1
75733
347875
593263
root22
75495
202290
163867
533313
197560
128139
146278
697400
879747
255409
517836
271447
178453
848826
389235
896720
282997
windows123
81599
940742
331562
918841
045045
Muslim88
386903
Two1
451275
996963
225269
046970
291797
201861
823130
434654
304964
29183
870507
313148
699963
290796
560527
63560
922636
370029
884224
645194
37436
45570
1413
585519
245190
780879
898579
401918
151041
421938
037180
232540
012111
44219
571945
4533
130790
King2002
88781
922031
915673
496276
878515
20797
385088
076604
036146
446204
01918
543609
733821
3636
255673
50484
809028
274450
922240
968770
92568
895752
437085
170690
022429
88102
079651
523402
3612
838398
515647
948552
47789
5532
625328
792066
803847
832854
912879
706750
830159
763103
246917
007931
379412
Allah321
356895
789602
569140
38584
608421
627561
310266
122815
230395
884466
244211
645436
573265
778987
252670
738045
724911
Thousand22
496738
137357
742874
248171
868758
214291
19187
00294
10073
8403
130647
090796
gregory1983
648505
670098
2937
88823
060863
699710
malik
803429
86961
64953
182424
32858
132957
012837
236060
390467
328592
Final786786
Morning88
Amelia1997
223245
969364
59521
513007
538527
57995
210708
155177
519563
318626
210723
191356
248259
nicholas1984
906543
89915
522049
363869
047839
527890
light2014
444345
0873
210520
237875
785224
600424
665588
771243
moon321
790097
894817
368929
001254
790295
453431
484682
107492
713009
937761
42840
338294
598400
768119
846824
sef123
244464
36953
165891
45136
20958
193787
427801
Final2025
876612
086900
976668
Imran3210
22407
Baby22
5013
hundr3d123
violet1
084073
637813
117876
605330
113311
139238
02016
244431
084568
5973
249854
984214
471845
844349
378455
755480
180774
121374
431266
427119
Engineer2022
889306
760749
565675
558525
727782
275066
719565
077055
546579
268510
03374
551232
088473
703208
044220
88074
984368
727529
229251
adam123
845141
windows786786
552420
Ayesha1997
671286
248578
867559
565818
697389
355696
087725
170863
487784
163152
798468
650331
545578
525404
646910
852401
367004
335665
308055
534512
048301
338184
nora2012
868835
973577
7668
977383
96915
241516
162041
48629
411609
088077
725824
Lily007
740773
369666
482757
546315
96187
119163
394416
406923
29764
497959
720742
84182
245377
231220
227029
120021
842424
57862
Qwerty2006
505978
754457
Scarlett1980
038324
167277
877855
245751
682858
048675
angel2023
433158
001661
chloe1981
184338
326436
973698
227062
263659
477444
366729
030316
747164
767492
678601
94486
778613
123024
269093
028237
907280
76083
084304
230296
509674
130680
290123
7518
872135
472637
318703
762465
871783
81536
155408
882431
536206
231108
SHADOW
857219
331067
461725
364012
865777
32900
879307
051093
290257
110496
135751
459426
75817
291775
96642
805475
946088
244629
934769
694672
934670
050526
441078
57946
50995
305448
446886
132924
967593
992849
evelyn
563552
338778
linux2004
377498
628958
739695
91483
662541
47999
830093
75173
129635
900977
468237
638429
Linux786
Kevin@
420948
050496
158433
955515
221265
3552
823570
969925
574189
139370
475068
362989
usman123456
322190
324863
480832
671165
850300
462154
665038
924891
930050
872575
862202
070396
459492
46627
559262
053009
200728
112453
33509
943041
311146
050426
055792
440363
227381
last1
421410
870408
857197
106843
firepk
25977
215721
989956
845559
829378
902264
070477
332662
889504
207823
394350
318208
582791
303391
491722
443267
452914
3110
118756
601865
463023
Ayesha22
889889
440737
44625
613415
929511
07280
592196
881815
601810
333091
080179
092895
316822
370942
304018
885060
3219
17248
938696
08043
425106
389917
61565
861399
930149
358765
525591
573947
471988
414667
320408
424314
4623
938553
965129
386199
60466
854810
922834
388982
587180
899239
327580
53970
091114
821205
861135
124883
919336
195382
05943
562364
884059
16303
461659
852962
032956
790229
387970
940753
77077
513590
210599
050805
519970
877283
919281
479358
770077
797654
201014
094215
Chloe1980
382657
717453
19943
17850
385473
787391
hundred1
19453
843238
396517
30863
153263
962071
warrior2004
061688
101827
051293
Dark1995
Violet2018
477070
573342
461494
Hassan12345
410817
Shah!
748143
123453
019250
277871
568205
321662
Malik2021
482306
87262
164791
944691
636559
57372
798743
386584
41496
213015
758901
025322
731621
393635
306713
160963
676907
039303
hussain#
506220
Allah786
015477
026873
06020
409013
578215
908358
895147
160765
058982
670054
queenpk
866305
511379
690052
717464
377927
741037
5622
409706
049500
582021
526295
107184
753203
816398
83839
699732
852170
742181
614460
700854
600457
974842
675763
459074
253110
374473
639760
800569
805662
618233
598323
2106
271579
449889
981090
77847
786808
598103
474738
363264
234069
917917
37968
qes123
900757
656095
961620
118173
44415
078650
tiger99
Ali786786
970783
060060
505505
050390
602459
739057
557084
196075
097746
robert2014
29337
797192
467929
521499
789074
153659
810700
Moon12345
902033
08701
140063
335753
540320
763543
693979
001353
167563
061259
118712
538813
766909
944768
160952
john786
225786
283679
899371
144342
780890
973511
957550
540441
080927
79317
591503
650122
177815
627473
2376
116545
52689
412632
556776
193226
541354
815694
477609
994004
272789
417208
234894
508552
57085
Apple2006
832579
663388
43610
139271
985116
743754
516472
703758
603339
691405
34741
739442
852159
angel1
962225
737627
265001
512391
674454
682847
936804
617694
378576
976393
664730
95340
629794
620488
120252
714527
047157
418561
40894
963831
261965
818235
914331
200541
39858
peshawar2009
37219
100793
894157
643819
621852
875677
991463
438350
024200
college111
639892
79905
867724
838475
287738
391094
805079
231638
922196
4800
499928
699160
521180
205348
aarr
68558
19243
12530
339383
Malikpk
86618
75614
93156
50596
050405
Karachi2017
597454
Kingpk
760177
420508
596002
524568
873840
626725
060984
525855
68768
178728
943250
monday3210
97944
231418
Danish12345
580481
287727
866316
400829
085415
089606
509619
903254
968550
614977
91749
507936
162514
996699
688347
522786
210133
834768
159852
651739
307670
04921
995621
29715
851037
658108
382503
519541
982146
752763
599522
869561
505131
076076
682319
072127
250614
879384
234861
8664
192346
james2013
302500
4635
3924
788392
812779
465531
370832
391083
Super1996
768262
Saima2003
548944
676016
425480
281930
253704
04872
846406
069916
876007
111793
453849
332178
66626
26446
585662
845449
11823
dragon2019
779504
026554
029997
Hassan000
07504
216700
20034
805717
561792
84763
728838
30268
673134
988240
922746
398288
066132
Brandon
7671
562276
003300
999977
789184
657338
631147
786786
807939
367323
15260
288211
066913
798809
620609
409134
502579
98280
535975
288739
747384
5790
542157
hello1234
Islamabad2026
906576
545270
106040
406692
981937
270985
029359
634557
544269
8922
805068
556303
118261
652113
790372
136972
175274
Asdf#
66815
072644
98476
736054
108361
83853
416812
002508
250470
113388
851576
552431
927278
210611
231946
723118
425876
699490
253330
612370
ali2003
580602
569371
466026
87388
707190
748968
190102
304469
251823
944856
07364
google786
Kali321
702878
420431
209671
789096
666952
675642
7197
880143
332695
457776
75985
481459
four!
46935
Red123
098175
47040
Two2023
899129
310708
032681
imran000
585992
826309
466961
Moon22
90286
201806
amelia2024
041283
863346
760595
963842
031011
150733
016236
982234
984522
79086
972092
774785
92071
560791
087802
37877
817146
908578
940203
751311
511269
826485
Lahore77
755128
qatar1
Android1989
726099
004488
286660
955064
592592
025058
370601
456214
577379
498333
833723
026235
665720
162437
150514
0103
945417
Welcome1991
019305
842490
25011
785928
27041
246840
740333
80724
7056
230989
162855
672133
526977
729663
624855
374055
855503
017039
015598
854546
23401
26712
068101
720940
67543
388113
625218
310196
761431
332948
4242
460273
454322
373648
301906
362934
032032
831622
892089
747626
936012
221650
960531
22162
814044
night2024
509641
719081
525778
757416
239239
126709
661177
146322
605077
04452
266497
270623
730026
766370
music2013
092840
Allah22
771276
76265
020702
9948
594506
473913
127567
690756
412665
914650
3858
16597
760331
373483
866767
168938
66206
33649
391556
590216
553531
989538
032208
871761
379951
384120
602624
King12
239514
98735
5163
854106
519585
277640
660605
13251
393129
096547
73563
Final1983
Nightpk
619080
omar00
249777
Engineer2001
672958
40999
489379
6228
513216
041063
4203
452397
090223
76496
John123
217261
032428
540199
057486
930303
019448
849200
953590
963127
Olivia2023
878119
772596
dubai1234
791252
785917
557216
7395
547481
962236
725549
768801
856042
276452
bhatti1985
938091
81648
Shah#
645634
17675
290279
495583
662673
Four1982
174097
738210
Edward1993
38521
63896
318043
447887
663025
891220
690701
574992
988922
982839
71953
339966
791483
33985
44499
284273
638308
424435
068167
117469
290026
714307
145398
983499
533918
798600
09744
96341
916201
379841
613371
76888
581757
902638
454069
112409
643566
652432
67592
459569
540221
627462
821876
eagle77
478291
797665
225170
150205
141119
237237
Sofia2024
443399
901538
040469
734558
539264
354079
371173
606133
081642
350350
683749
825803
28826
ten2013
55160
069047
059686
694848
Fire00
698456
714835
598411
619102
youtube1999
973478
926739
973544
Lahore22
last12345
18823
307604
605880
495319
2301
116138
590260
55979
619564
726022
001540
620653
55636
824219
6654
925782
169917
152669
62986
834933
933339
171765
349426
980848
256124
394779
834504
217569
821656
720159
122738
017875
301895
273845
357566
687511
w473r
780362
706651
918016
684937
281875
emma1988
065120
698808
25991
153945
586982
637571
221408
51597
166540
542025
180928
80437
364716
702768
048147
501688
747791
846329
354497
100991
375122
613547
movie1989
519816
029535
530981
643214
878922
937497
587576
096085
871387
882508
051123
Steven1999
871255
305118
635415
947045
132561
796015
093478
977526
931183
348568
129756
963897
074789
916003
010846
858066
147444
73164
756459
868395
26033
211530
83566
508585
90566
657844
431420
238051
34818
1527
232815
469865
581218
555357
212575
52920
830280
hundred1234
5265
906532
red69
448239
875468
722997
313786
512622
831941
167090
601546
161876
678546
721721
399245
759891
926552
6831
380699
695431
928862
427977
469062
314017
898161
039017
236346
03451
663355
674322
4893
Saima2024
766799
40572
964018
601403
689337
2778
496034
94612
029216
202235
Red2006
797269
528891
560483
143044
498795
924957
872817
579678
883388
597509
276056
613217
958793
012474
571824
535425
299376
allahpk
89131
787193
69853
078551
823394
798501
546271
327899
464871
437261
499653
778140
434995
349767
12558
Olivia1999
672529
920062
869605
622226
680493
61628
019635
650584
323554
199122
841676
26691
104104
921767
129767
019591
655116
104863
55496
812284
475816
076065
960861
473198
648208
78113
Teacher
580239
175186
547426
713229
408353
032824
623711
689777
553498
793485
010769
552519
621951
261118
424853
38906
962170
741202
60977
linux786
058487
891352
460790
106403
899932
961587
298848
628276
888910
saima01
31038
664323
880022
417153
256762
559218
250314
945120
pakistan12
683771
304557
167288
841687
354618
912197
818059
830918
927729
092565
744139
5877
daniel12
795190
300443
368181
431277
6180
891330
Sun#
ali01
433026
60249
999735
525679
252582
309089
232221
524469
704473
263230
998536
012881
77840
138897
dragon1987
523380
967230
275341
Wolf69
137962
8433
491018
396330
147796
022627
348854
985963
086306
605946
625746
79667
366751
893640
092752
99743
489423
657052
dark99
45038
173789
59969
678722
085503
032934
642851
609114
3402
Night99
532510
123189
07518
warrior01
72625
610225
656656
072424
429308
822580
651937
68796
Doctor123
Malik00
857824
759385
165781
907445
715044
650936
Warrior2008
994851
90734
806377
897853
90545
49707
076813
513150
020636
306702
478511
987668
359722
29631
025696
519805
637483
856834
Moon1983
299750
624272
566368
774334
776193
270314
416999
8850
9729
815771
639639
070620
068563
474034
Fire#
020240
379181
429022
011913
alexander2003
11193
019030
56497
857868
435490
395989
470338
794112
546491
382602
Iphone1993
545479
49847
21630
609455
902000
014146
66241
231231
398112
7719
169631
586487
46956
972235
524084
332849
504856
72457
547063
099297
718289
13783
443487
942458
452969
872542
340307
baby2007
533687
62041
874313
629211
313049
69657
052723
3112
981035
783794
783046
185955
288959
876590
260645
877206
6549
446864
241373
9234
196438
655743
913198
932459
237655
197032
427405
735570
14525
745525
356543
373098
514074
636537
036124
372141
doctor99
182391
063932
421322
danish!
wind2001
500951
162690
2312
76650
461824
616077
701668
356103
032945
875732
90433
070614
fahad2001
356675
888459
288101
25004
036157
25907
772541
google2009
64687
Password#
621940
142428
494351
068541
114466
999196
217349
541783
407396
639474
035299
421168
808522
339922
913440
142846
228987
146553
91595
012276
742577
774972
953304
402490
577907
851466
131373
294591
566973
108636
403535
78540
527307
346170
226776
128832
763257
936529
33397
712228
228294
Matthew1998
110363
f1r3123
194139
702042
878064
189134
342078
007843
758967
785664
52983
542146
31003
592449
473209
403887
300256
48713
595606
311205
15253
1638
791285
178156
251867
004279
23632
984973
674905
480645
839784
042152
026818
042900
356664
Christopher2026
973357
samsung123456
067441
395065
462418
437173
39501
53403
college2023
707883
119713
083061
554620
024563
03577
845240
253352
938850
804705
97846
578622
500863
250202
858715
243254
Muslim
7341
666281
234740
203720
48741
230990
80269
288684
364265
093258
710017
609994
855448
293029
520223
240636
652399
71414
234179
Warrior1234
amelia1234
365464
3531
542597
760221
589776
69503
college12
505868
426349
110814
319330
380765
112024
028457
224807
70259
074437
50659
328900
47481
617815
281831
3705
786236
369259
26481
381887
tiger2023
68761
272855
332915
482768
693000
943393
077187
140360
282381
89880
638286
791329
886281
388817
671759
925804
278586
029821
375980
360085
023111
8901
294536
131131
571153
371217
927333
171523
Blue123456
258863
846153
949652
948233
7485
760133
97496
597751
996061
568062
120703
027104
374682
135135
659824
Jonathan2010
339548
620246
62335
986502
652784
231120
Qwerty007
769857
Tiktok22
62783
149017
789811
375705
973863
332640
898491
185350
942777
9762
731720
163163
57715
782639
120549
007315
420893
960762
imran00
574013
067188
033451
404657
0828
032549
295647
262966
037114
28266
367609
669493
548295
apple88
931865
906323
672463
146740
027654
585167
564597
176858
377751
sophia007
45066
791164
Zainab@
025949
5544
827629
693682
614075
192225
639045
111419
008074
257642
513051
1680
292523
621907
285043
3459
09191
64365
235840
47236
368984
899580
1047
090453
748572
71029
115412
180081
02947
534446
636108
five99
Seven69
59724
698049
335654
746339
907533
53809
881166
058113
wind2020
082731
330132
287892
628133
627484
79583
992739
263439
880077
69860
642983
545512
17129
870749
547602
0915
43225
709423
737737
387673
051139
524029
Two1998
775544
welcome007
222068
608531
629519
232551
940137
57575
901758
453860
476707
096173
544753
24388
854480
812724
85869
Whatsapppk
873895
2370
236599
244365
927905
243815
244827
student12
948882
429847
434742
842820
867075
258786
571307
68068
001859
309045
677292
374561
799689
096118
196042
511346
354915
769065
046695
740245
412885
669823
044484
Danish12
623964
867196
421817
596992
020779
Demo1990
609015
916685
55545
600039
N1nj41
893948
Pakistan@
458986
190290
last123
90146
436931
791340
968176
270599
222101
150194
567842
762630
85029
15960
070293
22029
884840
54306
857054
32116
Four2005
318505
392447
673618
49889
581614
351406
026246
053779
828509
631400
919952
684552
993190
fire123
282502
439109
847946
358655
398629
28588
604318
985303
497145
562958
697059
49651
anthony!
anna2013
436546
98959
8184
Light@
530772
565103
649814
095733
914199
User1984
591558
037829
747219
893200
473033
213158
510906
768185
3345
68852
503690
718674
39305
061644
436799
313159
074569
907753
886501
932415
628892
134277
363594
193468
003674
824373
832205
8439
120329
99127
094864
189937
223025
3027
723877
28679
877294
219736
206096
789998
50148
311267
71400
165099
773113
395813
56336
7797
91700
513810
468116
280929
078507
816838
35182
821139
501776
434544
48517
316811
83902
066143
840818
707421
035519
khan2010
54439
167310
25361
937728
Last2005
336952
098186
871706
348744
208076
5859
980408
12285
087054
79114
Wolf2014
218196
133727
256465
285813
001298
440913
626296
681846
515174
72863
271469
263175
456698
392084
556963
168300
910052
278641
250712
493152
007084
326458
329967
649759
385781
181093
5640
226127
hello01
453233
37674
login#
278993
547162
656359
826815
600776
59465
399531
435182
442134
455224
994994
Hundred69
472307
452716
998745
105028
977196
394141
85477
860519
871662
450560
DEMO
567809
415404
080993
423071
Samsung
Windows1234
524656
722656
188309
17976
442761
877844
340472
49728
529925
694958
545446
Ten2017
214918
788425
733524
236885
126236
362274
466081
048598
798446
09268
347666
1176
9993
132627
lahorepk
25326
913836
kevin2020
850102
920106
905300
652223
461472
494527
084931
725362
921976
India88
395967
913297
395912
915343
658537
221760
22393
809534
61999
861971
music1987
903628
184107
175879
pakistan1
Earth12
337557
842754
Lion2021
457138
157465
056958
848529
sun12345
240680
348293
496881
866283
944119
722040
63763
370480
873301
26838
748187
448481
396528
961378
461153
819643
762212
837771
598488
744161
1q2w3e
777744
185482
417516
41650
hina00
133771
868285
932690
16625
41104
618904
237380
808247
360701
791835
160996
994312
516901
933867
ninja3210
8205
039094
993322
513843
366927
362021
018733
887348
66892
396121
03038
130593
313742
669141
069597
25865
972521
183689
191224
842985
030382
073348
94899
395494
6786
375386
574244
166672
030390
35805
084227
132176
185295
270567
972686
165924
964216
wss123
danish88
46039
234014
564993
517473
937420
539616
257928
579667
681626
morning1982
1398
060808
039061
96285
Super3210
944603
519882
232067
833844
330495
046354
522467
566390
764643
402996
399850
374022
login99
220968
051026
169708
849805
039699
898645
284779
test2025
45493
karachi111
094765
131099
223102
192533
733920
488818
068871
114807
603680
414359
133078
495484
828894
60592
053196
730202
144914
Student
56406
952864
539055
school2014
339691
561660
55902
44303
578523
700931
614592
842556
462528
63882
967956
Seven3210
337359
371921
275495
369853
99190
Saima77
582428
751740
178596
354827
Ali
230153
Red2023
086977
514019
569228
378235
857791
666402
094248
733678
0432
266860
984357
866712
088572
81249
674256
544379
72422
594473
064317
810920
iphone22
767019
692109
455730
474232
190323
69041
green1234
38710
708565
546062
159676
001969
99358
121132
57911
925815
941391
709247
583363
115610
946385
284438
775434
073282
Danishpk
314325
598048
08540
150202
114246
grace1982
325523
027709
372603
046552
690349
545930
504075
137027
410751
235400
10521
420651
967417
45528
38794
260689
894696
677556
915321
50169
25949
452903
3909
360492
247280
34398
Nora786
259974
400191
1201
943052
549384
11018
276650
056771
563684
77511
381370
156959
214027
322993
837265
917620
340318
3873
619069
610522
345455
955570
970519
452815
506968
622314
warrior1981
040865
644193
449669
614955
146091
hassan1980
732897
07847
50932
050182
480392
777898
willow1994
538802
636119
711403
491744
531729
421091
439835
890318
082665
215666
391204
0474
385165
552541
581097
paul2014
530376
478049
831171
14840
154022
068288
522060
06258
23681
146641
69027
933306
763488
077704
888437
324709
585134
683364
4644
108856
334334
45857
291196
522610
50407
467588
293436
614944
970970
203940
267091
062106
011946
188056
698830
139700
112266
305756
593274
004741
558745
872388
bilal2022
888657
755755
517363
780010
022110
232936
5592
qdc123
291108
windowspk
849629
61061
457688
295625
User69
413303
23653
802362
274747
noah2010
Three111
931315
110102
311193
518925
701591
34797
969496
last88
31535
9246
60032
529672
949311
089133
017864
947727
310794
710743
595166
Password123
870595
473528
911867
223641
Final88
212520
817872
319858
870815
115093
961466
49490
257235
206734
595738
917026
218009
190476
921360
314138
2856
610390
663806
137698
403645
386815
916773
elizabeth!
250590
58443
63987
340758
916993
679415
996160
shadow2022
Fahad1985
686114
665104
129426
welcome!
682836
595265
844305
105567
117678
884389
76454
81865
481206
hundred2012
097933
177342
thomas1984
51548
183821
Doctor123456
156068
817003
57386
741862
97370
840719
312895
074217
505846
745184
314908
219868
375089
618750
978637
338338
Amelia1982
sse123
931040
710633
77728
902473
048972
432443
694573
231114
737066
177177
981563
136268
812262
muslim786
457446
307538
252560
488928
036047
126137
018810
675356
438141
326909
lion@
639056
797610
307637
464310
468446
65527
895070
37576
811019
514580
68915
876436
691779
281677
India12
34713
592658
047575
131076
879890
518540
983917
638913
219318
313621
159808
484341
040403
235345
6666
007458
play99
792407
36743
979396
115940
651981
242198
445984
206591
008217
Kalipk
737319
321409
Ali2017
002167
462605
958936
579403
923010
512754
india@
726979
390016
196790
215919
187781
08855
649506
22323
008800
eric1984
073612
666226
597245
Anna@
639672
186978
652828
248611
887326
910844
667777
290120
642301
857131
70112
490578
627825
550022
336743
553663
196273
913759
Fahad99
8628
hina321
334719
969738
243826
74809
65058
043714
345631
314798
001826
860420
853061
079233
885599
935275
583044
752565
User1234
754875
119812
667238
792660
932866
905872
661936
021692
440275
9543
060588
037785
860728
56322
452419
373010
37457
05299
password00
378631
507067
871024
604021
116600
334488
250932
687610
129459
Shah000
327855
668833
844745
130229
073733
989923
603944
school77
997755
556578
453332
327052
322872
714780
0823
916157
224004
030702
810183
759715
077143
113047
521829
640805
742346
399333
76706
dragon123456
471229
charlotte2004
265089
567864
205249
827442
676335
621819
Zainab1994
187836
303061
760320
Pass2024
429869
638935
950521
882904
898843
264297
040458
779471
781506
95739
012001
482724
008393
001045
408287
399993
766590
786819
999020
211023
186307
211114
718124
406725
121176
zainab1234
884895
801438
112761
461967
143022
065989
28672
46382
657976
697411
390841
642433
697422
elizabeth007
45878
552145
810359
pass22
325204
123992
02331
546920
695343
250826
931271
67277
045155
886083
65940
188430
984060
121803
391402
270999
870155
38941
992816
414865
038115
564179
823691
0021
139722
317020
330660
681120
Lion#
906301
756602
490985
564883
509124
390918
898755
423819
0912
Tiger111
571857
1869
184976
793683
778954
276243
145827
137060
368170
732028
801768
423841
292248
Saima007
26565
265639
54362
466290
167178
230560
417241
362505
462099
379555
116831
968638
842886
84007
268708
163911
657514
144991
016533
247258
harper786
57295
762872
400334
898337
054890
150436
372801
754699
005390
956098
55027
609917
992552
83314
064592
937893
green321
246092
518408
949410
236027
358600
530189
83762
311784
349107
eric2020
wdd123
158675
840070
715660
278938
211233
839399
Cool12345
62482
shah22
063459
47096
035343
150302
267168
987921
209924
771804
952578
533962
444543
44604
119559
962830
452408
858990
651684
933636
050608
180950
078463
841566
278894
731940
826518
403810
458084
368808
35693
super77
530002
Movie2011
784894
mega01
723646
374957
151108
240163
973522
536041
542707
498531
Red2022
24472
219153
126973
620422
26089
fahad2007
943525
873818
02737
987393
485012
30821
538879
404140
365387
693473
398552
410212
50911
58653
6417
992596
54215
586036
43680
85883
894564
916146
42077
228767
665203
531322
169686
130220
636625
696201
134695
467775
673662
607607
Monday786
088682
219098
72464
saima2003
750673
705287
670120
634634
942645
921646
559361
254969
236181
190124
886765
237908
asdf2011
19313
236610
879120
550759
187979
133683
564289
697136
222607
869792
881705
243848
517407
99442
509344
489412
qecc
294987
856735
771914
879494
300388
21868
249722
115753
452386
469040
905025
358743
774279
377630
299530
633490
87045
859155
8916
24423
9501
01813
642653
l0v3123
792858
080432
009438
3201
jacob1993
336853
349723
439417
115665
537647
960542
61145
257807
899085
752070
gregory2010
990198
241714
539770
qwdd
559460
012331
564157
482207
602492
711183
513183
teacher1
935594
52675
878724
lahore2018
987558
413831
992288
56266
428395
538208
957748
980331
210397
618343
086625
0753
650364
662981
641201
25599
793518
271689
151226
914265
132330
71785
love123
monday12
219307
596332
681934
440891
755447
148126
148093
919765
Omar00
275121
542047
630641
561682
555280
305800
063756
47348
38850
823526
Samuel2013
078001
230725
Linux111
85302
193743
718861
421256
955350
360910
463716
251834
938652
810304
1386
658141
669691
716056
755436
404888
85421
58289
319627
130520
963820
456423
84336
Shah2011
461516
558591
144837
Dubai99
137401
qwerty2025
305393
172777
974248
127776
tiger22
525943
308275
830126
India2018
469546
774136
669999
943063
040799
706926
88123
87640
987184
290223
843106
046706
249623
010523
21035
626956
test111
19950
538230
297913
773861
553696
2595
91693
078518
932217
06916
621995
353694
Peshawar1234
645018
245652
islamabad99
396572
819896
415723
615219
197318
240350
744920
Multan786
794761
398266
49553
336072
65268
640486
260700
399674
908886
984148
star!
726132
664312
warriorpk
629002
185911
796554
190696
tiger000
016797
qatar786786
831974
229460
27188
15085
316316
795509
509399
478126
Demo786786
350229
john2014
91210
351296
school12345
860992
72597
292457
094017
Violet12
896610
308396
393910
71407
4098
94878
890164
10157
five786
1293
724559
771056
207537
89257
55384
523226
510499
618860
944416
577951
964920
234080
620444
180884
Michael1
06734
190820
248699
353166
806762
757801
54138
Whatsapp2008
Movie22
891055
Ahmed123
004169
871486
075856
882365
114543
420475
719356
982850
0714
050508
google111
317064
893387
709412
881364
327591
744997
073381
Music12345
008866
889911
90832
03752
Dark1998
teacher1992
494241
26992
330033
01582
670802
493251
810282
679041
860013
69426
679624
828091
610049
892650
965745
210914
8349
945703
752532
310200
129525
051120
543752
246763
421102
690712
65163
226919
085954
729960
274593
597872
734701
774488
515702
32326
Pakistan2002
621698
07175
660143
617749
969782
839311
02345
289740
561968
088429
85610
222563
837639
950213
77343
862730
samuel!
111196
964634
322025
26411
438647
482669
801922
597828
715891
055286
571395
646965
828652
153846
990099
641168
558558
40873
65562
346863
369039
963457
770044
015136
993982
330220
381777
579205
548152
543631
398783
Muslim2026
452683
706024
89376
745195
449955
34377
526911
682341
251383
407462
13587
173899
159918
842325
150102
499862
440033
924803
wscc
162239
hussain786
361867
468413
02205
323378
428065
Master2009
635536
443300
091135
99351
883003
540628
784234
013398
362857
360855
74487
910173
393371
251042
499378
Pakistan69
341319
762014
fatima1234
l0g1n123
945879
316701
474265
666743
641828
557436
320342
596915
015565
53074
412423
694111
656645
210205
165011
865491
049324
936078
Anna2008
948013
762366
858121
208472
258324
axff
241109
915706
574519
34559
903320
287419
layla1991
644611
14630
448404
muslim99
092422
047278
823933
hassan111
452551
590282
922086
hazel2013
824758
784454
912483
930094
279620
928455
039941
79639
006303
31066
54866
603548
484759
999900
568128
230175
74151
213499
955460
290576
190311
494615
588808
038192
111342
130323
559229
842908
090266
jason1986
022990
129261
play123
588588
263615
81256
713075
681472
13776
066242
415008
662145
392788
304810
axs123
154187
694144
802758
643412
538098
861619
wedd
245267
306108
965338
16114
126368
495440
5259
tiger123
394812
735240
399399
096932
808148
650496
086042
970035
669680
samsung12
159401
075009
235235
461571
103873
First1993
46690
825572
james
60942
253880
224213
554719
66038
662277
026884
college123456
29694
691691
210923
775665
48440
2175
756756
54824
701877
273647
Danish1996
524920
04431
416383
989351
210908
159368
460581
533588
623315
707201
727441
78365
181302
samuel@
277090
King2018
079695
4176
565059
517132
451066
199298
6651
01407
031130
052063
islam2003
045683
317372
146476
651255
638220
950301
140250
538472
235477
664928
60116
595562
434434
Moon2018
65205
362076
564773
970992
629563
67921
081180
316470
757966
903771
296945
727826
925738
340956
965448
088715
541717
761816
65135
755172
560890
970277
password123
070829
155309
188892
744337
741103
530827
847968
334235
871288
476443
562991
0597
Frank1984
07525
835483
166199
657822
28511
January2003
016280
938520
802780
358512
040535
Maryam1
45969
301884
ninja2012
81725
306955
Dragon69
890340
08064
488037
lahore#
581328
168366
141702
69916
743347
179388
926563
351362
victoria2003
527769
314556
20776
86779
124014
15288
051370
886820
376530
675675
952655
485518
917653
6498
285428
65569
927586
maya786
086867
825847
921613
413380
581988
285021
270886
774873
462924
36351
070895
614493
19544
584628
801691
576917
918764
225819
339845
740663
894927
036828
176781
facebook88
161920
656612
015818
Instagram3210
741697
Amelia1234
95921
660308
298221
646723
402160
7659
354288
05103
Islamabad2013
878295
157498
Mark12
100903
076307
357852
36344
677512
one1985
127490
127875
182061
080597
432311
508772
34132
211202
78358
064581
88284
003729
900064
697312
maya!
30135
263406
82250
473495
4719
989021
366113
3570
461329
009911
050006
719224
460317
Student1982
080960
583286
Eric1989
2202
961268
raja2019
321981
981508
575883
874599
658372
574728
794079
75390
461879
669768
517682
34391
26789
195085
294668
389895
761178
490512
54719
081543
627022
880220
873774
01113
6456
011093
165649
3870
940093
963589
435930
137258
454773
46452
2757
964590
535909
825011
992948
749859
Zachary@
326084
788238
660165
649671
938388
43204
Sofia!
Victoria786
887689
960047
381172
1296
287375
618640
686158
634667
510367
174086
491227
68327
775929
131868
07350
210196
610038
851081
841038
393998
543917
wind123
400279
230791
998096
592064
029018
h3ll0123
359777
754721
825330
926123
806982
161447
262801
184723
937530
408474
Wolf77
286319
063195
495737
700601
294239
06482
416955
536316
580360
James2023
602239
125543
724845
415151
973676
836275
933273
760606
986095
705870
927179
secret123456
11592
73101
492239
172348
809655
442431
545116
051095
574398
446512
00749
837320
822987
806025
692219
957715
thousand99
715451
756844
671440
tiktok1994
135465
878372
89068
224070
351263
752499
923835
204523
200695
wsss
081708
172458
007370
660924
443465
dragon321
5121
78995
910250
883531
607772
398761
959948
710897
010196
027445
850718
425238
622842
55538
465696
698599
859408
298056
5889
74235
27223
62650
thousand77
483032
765171
658383
616374
409387
699798
064075
107272
824978
481052
205832
154935
797522
377586
Saima12345
592306
40201
67690
075218
780934
575190
191488
231193
223652
267674
722150
331155
00098
211255
049291
709874
174867
428527
804925
560406
five1
712965
138248
305041
551936
537691
749881
510246
911812
33362
575751
177221
046728
487344
987140
304755
30464
906235
903199
920942
378224
75999
Zainab3210
King1996
938300
794431
181335
498465
150693
400488
246818
2508
030899
241538
853523
631851
124971
710380
185064
173734
796719
raja1983
786544
477741
636427
270208
147829
52899
Nora1
47327
982113
Khan00
893145
908424
338228
745096
609675
965998
914012
081004
163515
685784
918401
400444
582802
54887
404151
270817
772618
39641
498751
10948
970871
679569
680130
630344
481657
673673
243122
346203
651640
199320
505054
893816
557414
548889
678524
726649
cool000
547635
test@
67144
800360
861861
320056
User2009
460141
332398
343970
252472
404382
201322
7419
150496
533753
535029
844844
97881
598477
978252
166914
246422
cool1234
08897
3657
677248
976635
882629
350559
92561
58548
21875
256047
747395
645953
Welcome111
Cool1983
51968
Richard786
672716
728574
620455
586443
211117
118635
074822
706134
829411
451660
420607
929335
74445
243936
649418
141350
wadd
772728
073744
242165
77462
897941
269841
319396
732424
553157
187528
561385
171545
079662
083248
816981
535964
931304
513359
393305
student111
479721
508838
408738
879351
814440
61600
549527
381634
940357
235521
ayesha007
316008
Userpk
518089
279675
979440
Iphone12345
614372
814220
189662
22127
688864
151261
399817
63504
Water12345
489764
21952
229361
19397
88438
372251
Wind99
026224
997931
927047
1113
Eric786
264055
415701
843458
894223
66486
651035
518309
236786
706420
900834
570746
358226
506088
723800
187440
969034
android#
534061
samsung99
109681
679074
login2011
38185
853281
27657
748594
098923
618618
507474
126918
60599
96579
684750
101112
135531
221848
2676
603229
608586
305272
063360
79926
719708
074206
687148
046673
529210
445082
464849
648714
610555
547228
529716
242935
21217
3132
995962
516483
95914
908820
010065
870705
235114
423236
whatsapp2004
434500
821590
484517
591844
840631
884114
164758
54831
300201
97146
apple@
082555
754413
843414
73577
Karachi77
175813
439516
642543
7731
526174
400224
311432
454916
798820
79919
936342
170841
388509
136609
138842
Sun00
723294
907687
945780
285956
549758
697532
515240
Richard1990
100023
050690
894355
20027
707366
655204
208351
11963
017787
643258
454388
209781
135652
224114
926002
41048
029975
147015
78757
740971
257169
963556
873884
841951
263340
230824
37751
91406
237358
queen2001
182237
218834
46389
0720
023441
726264
321794
851961
039556
498036
208450
814814
057805
94010
919556
301829
828883
220649
qedd
847220
295053
light1
82334
519178
300289
143737
720302
220011
535271
166144
537295
247599
9555
237765
515119
646129
923307
06104
hamza88
908457
801889
651002
92421
979066
17801
585112
042405
616176
570075
211013
438724
375804
942051
Star2008
640332
720676
865150
25459
582604
025575
637791
090899
683529
241351
557964
210202
404261
169763
219054
106700
530684
092763
816728
99519
689348
35413
sddd
426470
835626
669933
957176
445093
483648
173800
912450
808060
432641
008448
069663
09520
068002
740850
5046
431431
531311
332541
Steven2012
948871
445060
915002
07406
746405
384791
129855
76398
wolf1992
1050
745349
051211
1308
79744
006226
1764
97216
067683
51282
015653
240592
820402
473671
551815
56805
569129
3123
289718
784839
371151
926332
earth123456
006017
14413
504713
650023
454278
599456
521851
294250
515680
965965
871607
054725
368665
341374
892936
388080
275330
513854
093797
Alexander1983
444961
527406
Android1
85148
Secret000
hussain1992
591096
859034
448250
634491
223036
818191
144452
268488
380578
3087
051359
Super12
653400
921437
838156
690217
260964
karachi123456
871211
518826
825935
peshawar007
885786
5565
480018
905212
Danish786786
270317
071269
24479
Ayesha1993
305327
Shah2022
627748
076395
416020
168619
658042
joseph2019
614053
362318
124146
575608
799469
021714
735636
068970
999031
011105
964359
2190
752026
Linux123
238161
12572
053581
226556
Super2002
097306
039886
911570
brandon1986
766491
062513
five000
820886
283701
618761
iphone!
993949
265419
Hundr3d1
221364
871926
439670
hundred1988
000385
January2002
331837
347083
816079
81221
941402
80626
104478
114653
664246
166958
392282
433895
476729
thousand1
996017
194700
400433
972202
970189
760496
953634
456181
912725
Three1989
695970
islam007
52444
292842
21679
207955
107470
995335
Harper2009
21301
857681
485925
229581
421399
1510
647933
813978
08610
0756
172909
450538
71050
390511
955702
86492
203511
479600
46207
800943
690030
769505
547525
518199
76062
217118
094578
677457
387343
david2000
26964
748132
629156
373329
Multan2008
280324
654071
84903
543950
540826
558723
passwd1994
330836
314061
Emily12
416185
093082
5322
424457
045067
72233
710369
306009
951445
736131
892551
tiktok69
383438
541948
500423
767712
316019
27531
283767
124817
186285
370590
679811
010520
50974
228833
829048
Imran007
893915
first22
255299
9837
363462
Samuel
473231
986975
550891
242374
Riley1981
651233
1914
05824
909304
114994
186890
pass000
903309
514943
232804
749254
559339
188540
038896
900515
h4554n
081125
511159
four
691735
030290
139931
487806
960938
952908
360063
633545
025190
642719
54936
050208
512974
449911
644765
45346
117546
091025
989076
544214
516560
10780
294811
619630
078804
70378
55657
peshawar2023
150865
313874
269643
713922
110946
981453
890604
067474
saima1997
217305
246070
46508
025311
63875
381326
66353
58779
223267
593978
06552
718531
215501
19229
Iphone2021
265540
918786
321552
253308
1488
236236
436062
jonathan2021
384956
811591
491700
queen007
230608
748781
274175
066715
246158
hundred88
731115
970299
292897
444246
175395
3411
shah1234
443894
455235
358688
902209
04767
383075
216832
619003
968792
552013
220682
Blue2022
139876
57652
555841
150667
150899
428318
355674
96439
786016
962269
951159
080564
1123
972488
467742
726242
304183
591866
818928
107877
260161
38626
575487
685003
767129
461626
132539
498927
337612
293172
662937
ahmed1981
157575
712514
music1984
003454
391248
Eagle22
935429
346643
263395
134013
490919
06328
972015
328768
044066
379203
969716
030720
918379
549472
958078
260612
086713
431178
queen3210
213114
418341
242957
016159
903452
898480
916300
280698
510191
474122
21721
Muslim1234
guest1999
frank2016
530244
233453
661738
934538
769450
714076
87248
793078
239316
300773
714241
54880
396000
250914
838189
930600
720643
642664
295383
449438
481866
704825
093874
267454
994202
247423
618552
143308
88263
61208
508376
705133
Master1987
591536
961796
10549
410333
646360
251295
435237
183227
Peshawar1985
663157
79128
543532
556083
0552
Andrew123
Alexander1234
Seven2003
865524
383768
081840
karachi321
10318
293139
18109
458018
khan2011
586652
367928
671275
521367
81011
690261
774752
255838
032736
77133
619036
691724
787358
543906
496144
616792
251185
672100
283536
Whatsapp2004
099594
663894
474012
797830
maryam2007
70140
555863
386144
775940
496397
740993
654291
835318
199771
40229
306526
baby1987
068860
054516
956868
904607
willow007
426679
497244
0963
617474
002805
219659
123563
722370
844162
790504
192830
154792
J4nu4ry1
Quran88
Willow1234
221078
86093
861641
176396
Violet007
5964
83482
917334
512226
785356
90615
423291
133815
64974
297638
01148
29386
16002
514602
833338
210808
46662
862026
82495
ninja000
419188
843942
399311
Star#
76349
981299
Root99
288882
417351
99799
First1234
670087
031405
aac123
257532
394878
394097
635107
127380
083578
760672
123893
600204
358776
987063
police1999
play321
276925
5667
638682
712052
763796
419661
919050
796477
063228
971432
462836
473187
914210
joseph1982
08582
475783
561561
144727
99582
67452
450648
anna1234
728068
055858
403392
696443
9258
565224
596849
28098
547305
45178
981959
231187
548196
147103
934186
730631
174922
614988
938399
Edward1982
009361
221001
749683
75285
789613
531025
195525
Hazel007
618178
610841
771694
175505
043241
542575
788359
273592
767745
249766
83111
659164
340494
111166
167607
765732
04543
17794
18403
372823
075603
Ahmed1990
846846
292688
Teacher1
193853
hussain12
752202
879824
76727
481294
760166
804639
213664
836154
221353
16730
778492
510653
010611
961807
918929
62839
980782
931799
880880
4341
167717
072589
328097
7773
346720
842314
040942
440539
18858
869748
312983
619685
802219
03990
Hazel1991
589908
443102
716463
344278
919754
2877
468358
844415
250114
student1996
786357
767778
377366
764687
090405
57267
693099
14994
Maryam123
069443
89698
44184
omar1997
891649
872597
014300
600435
847044
67291
977966
561748
19334
885291
855822
985281
747747
Shah1
779273
452265
690327
632808
958881
94892
Ultra#
game@
961697
645326
141856
069476
974721
3663
369567
4932
372922
91784
427735
6906
247456
599291
759869
256685
awss
750090
Cool000
740817
danish123456
510378
862642
746592
625779
saima22
225258
220550
hassan1989
773069
58716
teacher2024
39956
083116
859056
686785
141460
801031
395384
896192
070939
419089
812031
591690
353749
047289
731918
99085
079761
364760
82929
05915
314776
41244
522742
593835
818268
36274
771045
091217
655919
868923
jack!
247643
541508
737275
24416
489687
632907
521752
45612
304117
670835
948893
365926
96208
911669
954327
860893
109967
karachi00
341561
110905
254342
339658
734470
563959
301928
992706
311005
007425
65002
45885
072325
204611
621687
813307
P455wd1
852126
9564
bhatti!
092576
97510
050127
663179
952336
971509
469832
Violet1234
282414
523259
127006
233827
0902
822118
173316
196196
589204
242550
658185
657602
988570
151193
128612
729399
0925
054593
667634
153703
827981
monday@
647361
799656
148269
996732
435622
628430
669383
459833
168795
479677
028600
360459
576609
830621
403711
61257
thomas007
160732
322894
721358
Jack1999
00595
139854
231429
Paul12
543400
150423
64260
996226
314193
04291
424622
987327
047003
579128
580690
57939
797247
401577
766557
24465
732391
32445
442882
276661
Ahmed88
385451
112915
218735
850949
705177
315095
145816
330825
381788
507507
29330
057684
083050
807851
274769
889449
955196
Guest1997
310290
26684
313951
five#
86485
470019
978527
893684
438801
989780
6618
649880
971905
219197
466730
tiktok123
825506
826452
230219
545864
358820
981772
056309
464409
456786
471757
358468
769714
290105
366542
062975
598169
232210
600325
332772
429836
23394
79051
567754
541266
234113
322289
835076
Login000
976998
462484
601722
269027
566632
Android00
419969
955394
13258
School111
Emily1981
41097
485474
680889
51835
458249
442860
Raja@
161689
875182
982762
925551
Omar@
444972
one12
Karachi#
fatima2010
Sana88
182622
222519
STUDENT
124861
290884
551760
976855
72926
167552
342650
903782
319154
Play2001
31857
505043
679470
874973
116589
387079
734437
zainab1994
638869
528462
630982
6540
29512
019954
0127
185922
38920
Samuel1234
student22
863995
117832
666072
030701
739211
15897
231352
80542
399663
518793
602910
207361
505362
Jacob1983
130713
543620
552706
828421
Samsung88
14854
094710
002453
139744
274857
799447
419881
644050
030525
102179
970574
55944
405493
485782
615703
399839
759033
Omar#
191220
983598
866635
157597
846560
510972
488829
584980
547932
102443
622534
755073
197131
253990
918555
07777
61684
700920
994191
612755
53690
Eagle1
03934
017798
780670
124256
30639
446149
186989
210490
353353
44569
270508
008668
Queen2018
256608
131105
43652
334609
185075
131208
732149
windows@
977944
471680
231374
221111
210805
737616
332145
646085
305371
414491
90132
088913
997711
109219
Google1995
758549
511676
421388
610478
hundred786786
170456
46018
079585
155991
137247
89467
189530
888283
546502
06496
756932
140602
843656
533896
750057
Final2021
869275
53739
657921
Linux1982
113146
466642
679140
388608
960069
288079
135839
605715
003366
918687
270117
796686
727958
40103
464464
491568
946572
414623
76405
069036
773201
232716
606639
382998
216337
login@
25767
937211
983730
130438
551221
890032
324962
501391
839608
016775
530618
925188
89747
188848
812933
180719
852687
541024
298320
61950
Sophia2003
005731
45514
19124
823053
191299
417714
575168
241527
127633
moon#
239382
070433
836330
ten786786
938795
685762
Instagram321
781825
848749
587609
141658
776237
230517
m4l1k123
088935
954063
Riley!
night3210
74494
73150
917059
linux1990
840059
582340
097900
582252
407099
254870
136356
863808
748737
481976
667931
043263
451737
10409
210526
345158
575531
780098
173162
110417
534347
121671
073337
981079
328185
204292
762036
5109
08456
995907
640244
845702
094369
54579
447821
244772
983840
256949
805244
99393
792374
888492
568106
909931
870991
471449
76986
cool00
wee123
712580
600864
130075
178871
125785
199419
75320
263835
199991
814594
039952
874874
lily2003
907423
493383
737440
921382
746163
607233
560835
653367
436271
530915
484957
247115
102817
498806
189838
690734
peshawar1996
028138
690514
625834
202257
969144
470800
903276
249458
584056
792748
835340
788216
371492
044187
421212
402303
18830
9813
602679
550011
489874
Jonathan1234
053504
Final2002
786643
111089
850465
021263
28616
531674
bhatti786786
amelia1
198517
589721
90181
kali00
Khan
194755
748033
973533
884246
729795
594704
076670
292193
594748
238821
548262
276375
558217
443311
486156
6531
51961
747373
663135
646547
197120
Paul007
423544
191257
16051
524843
28021
Thousand12345
689007
228437
256245
972752
847869
007821
27979
449680
692406
129569
Omar2012
880000
035574
604670
581251
556138
764203
762619
04109
899437
171293
Usman3210
322586
47390
560670
010351
674278
06629
43400
Nicholas007
736505
2061
224686
943657
44086
840114
866525
n1nj4123
522280
513953
01666
419892
322773
226105
280566
310826
386496
174306
Test2022
860002
041987
804837
660242
762047
175560
140371
250523
14189
302192
942832
04879
603207
304260
828762
5up3r
68467
329351
984962
100353
939928
254639
155881
625735
942656
Leah12
163350
820567
858671
489896
456467
108933
292567
573331
66402
48832
310823
933691
233442
376332
092048
468402
72394
ten1982
677083
206877
322707
339779
779108
Whatsapp786786
warrior786786
227854
548757
866382
388366
415393
Youtubepk
521466
435358
497211
623777
159962
58506
403920
001111
104676
033616
479930
744733
993520
176198
400081
39886
659989
qwerty88
guest007
39165
655655
141141
827321
511973
341451
446666
891429
304370
876282
65513
06776
148412
426778
tiktok99
979495
235807
793210
Thomas@
91525
247995
097581
374660
308308
556281
05649
411994
862884
50519
422631
18991
951412
127501
988757
211002
883146
344058
403447
210702
932107
373571
677501
946209
morning1990
030019
Eric2015
music1998
127314
247962
50232
917796
211196
saima3210
19705
seven12
865953
494989
529947
Water007
386969
740476
716342
191796
740894
433543
456610
17507
776413
011110
622677
397012
389026
674069
106491
4773
602503
638451
382668
136191
722315
369314
957275
214280
520531
059565
454718
183502
166903
63014
859584
Seven!
335060
819093
linux321
67634
297594
802153
95550
113498
hannah123
158554
543543
544973
055946
043692
316965
155540
424754
Iphone#
227172
Januarypk
084700
916377
770726
31871
478544
191105
839234
839542
656799
Queen22
75460
283184
017303
488994
five@
697147
896137
9261
944779
two@
864666
563398
501534
620257
89418
apple2021
Angelpk
638990
099011
usman2003
16156
239954
12684
247621
952072
379984
975249
84553
520971
969485
41937
721886
132011
808434
nora!
King00
947133
644710
021208
556292
903947
144958
939598
360866
wdrr
059114
017050
463012
897743
527175
854524
596409
475266
651398
987613
Secret123456
39200
644864
635789
743226
579722
241307
237787
228008
518298
176253
814572
179883
613261
sac123
497222
691119
843909
250902
329010
4032
086834
182732
94129
636515
663058
3288
brian2007
038126
302808
252307
lily2000
503998
95151
203819
320848
888668
406637
488884
dragon1234
485540
hundred1989
259666
605286
542828
40670
5643
373967
571802
986436
178354
527879
799128
845812
404327
2904
476762
166023
385638
940995
398475
568777
Asdf786786
578985
822008
617661
597740
907027
984500
74242
097977
apple1994
685861
3852
27426
727683
85988
024959
213840
290293
373945
55916
861663
490567
925353
093170
72534
746504
012969
830852
21931
603823
572110
361240
78351
1236
707718
982289
531487
835681
672903
75873
iphone1984
304711
49154
964227
970101
280236
081235
535447
25900
98763
4248
748539
509751
emma2010
347545
001133
10843
Ayesha77
067111
583264
34699
160105
644589
13930
880308
apple1981
Password007
728057
715759
713944
587455
775731
220165
5733
239833
172689
hassan2002
073678
74277
467071
nicholas1234
365332
558943
446446
788150
730521
977207
34895
382723
809380
239404
170614
jason2006
706299
778250
438306
302742
448140
84021
934736
014443
756877
793188
826529
924330
216964
309980
464860
January01
Admin2009
Lahore
049390
877239
92519
854095
37506
780065
828839
681692
45556
652454
574354
637670
033374
bilal69
185570
841192
030646
105919
55279
614031
5529
086614
732017
498487
072490
Angel1988
Mark2015
36099
430122
031223
789492
292127
093654
732523
585893
071456
473737
tiktok786
485166
256960
227095
513040
988592
009757
739497
405075
733051
644501
730829
01176
951291
131725
15673
256696
435534
151547
632412
086372
387651
902385
18613
Movie000
Play1984
171864
373857
342562
159280
313302
046981
1890
836198
08463
237633
643621
148236
044770
48048
985457
738771
justin2002
077341
770220
017501
562100
738419
166870
ayesha1995
03535
9909
Thousand00
15925
933911
562914
190223
973423
668558
230846
053570
048488
010226
585574
246598
565015
56112
5499
903892
3075
199232
428417
894102
993421
913099
717706
388003
002519
269500
48888
52990
038027
829609
353188
496672
491326
287936
ultra2001
498014
955108
sun!
640189
972884
72562
69867
598367
341275
13153
26355
250701
04466
170590
Iphone1984
624767
822085
63189
43533
961301
30835
police1234
038808
012661
476102
460350
07336
856636
319451
762850
019041
81900
87647
296010
4989
342925
196570
261382
426239
064680
38563
95011
Allah00
college69
975788
040271
login22
257345
4872
408430
14903
frank2018
279862
53830
599236
901593
26509
460757
077825
813945
262240
kh4n
819214
fire#
movie111
478962
580184
344102
921228
Qwerty3210
810293
781473
475629
112640
651695
050302
black786
906994
871508
088704
72191
004807
5712
033561
383746
526042
090917
904860
064878
Khan321
329230
065703
691339
202070
498168
Steven1234
Islam88
212377
548053
821535
106513
380534
939125
79674
937464
563596
037345
5055
220253
621269
385550
289520
145662
593076
317735
578413
130361
086020
332596
090502
025971
896698
150493
3504
813362
991771
login2019
030926
976778
138622
473792
261635
985413
432575
359788
30058
193457
614328
798534
612920
484968
Eagle01
268378
682176
130699
dark111
707828
926321
955130
376618
857714
559691
4449
633006
064042
490765
815386
113091
sophia2000
830247
Ayesha2007
9882
944625
701316
658757
010102
899492
294855
849772
303974
36554
157135
0459
980738
290741
507529
678073
741367
076978
589644
Alexander1993
69930
993938
57309
341660
716617
DANISH
089738
76797
949894
00665
721589
49525
395615
438911
368643
21917
935748
80451
819269
968066
280115
924044
854491
602272
236797
978296
720797
943943
First2003
521675
330297
passwd2016
48860
86891
99267
398057
57078
1053
045397
265430
020372
556798
482405
37471
588907
563464
62580
582538
464167
422301
737880
653565
star000
94857
176363
448910
152823
hina786786
00868
958573
727892
787952
83734
865744
443916
437019
758362
dragon2012
81277
413160
074833
617045
780461
17521
709027
266024
157542
091005
681879
032879
game12
966768
885412
f471m4123
506011
186186
065681
730224
729201
31892
68320
508244
58737
324115
789536
340362
721006
906268
253154
493735
980760
250293
172546
184393
630135
981189
387222
584474
634095
836209
488609
464640
766315
281281
25333
415668
090068
352946
257290
461846
090820
384560
Kali111
938685
73682
95095
78827
8640
40747
399751
28007
668338
572528
150617
068783
016676
929786
110511
530739
934098
198550
812702
93289
569514
2704
121187
682671
34622
Queen786786
037741
430639
403227
205161
922779
0168
511588
000616
293194
360217
019173
054846
asdf77
093786
833448
060995
490248
629090
708004
306185
Bilal!
27370
646107
222893
612018
367598
911834
064757
088220
802164
703989
767547
root2001
hamza1996
048851
368060
082346
908336
617188
023749
14868
221122
muslim1989
170236
248402
999779
46095
Brian2005
388256
victoria007
395450
873400
81774
528440
407814
849277
774829
086064
230956
979847
451847
hannah2004
012705
977537
30023
245025
809996
5898
074998
891693
35987
030623
347259
720753
075196
842831
693858
222904
300080
259842
864787
364881
384318
659593
970134
795399
206228
968077
076549
510884
523721
405295
664950
309672
499114
541387
5358
842842
729762
386320
Jack786
108141
37170
318439
518375
394174
282172
043516
098142
241912
Hello77
music@
472835
28217
979220
demo!
705606
148214
835450
Earth3210
64771
019129
347050
2091
383097
282645
303259
baby1992
11697
409486
924143
340703
192027
382151
445885
495077
88998
817047
613943
967824
33922
536778
1884
13377
7845
110033
743248
273790
168916
454080
368071
249700
837045
hussain22
092664
308858
932294
171589
59815
4314
355564
855107
29876
359282
4041
308066
071808
697664
243320
Lucy
210102
469238
320144
827959
851774
62139
830170
558151
7953
077099
025256
316778
749551
943239
619311
928070
five123
402776
991001
523171
840268
374198
503327
521565
74718
264154
239096
121748
466499
580195
070224
17437
215237
466114
3939
153593
Ninja123
308517
117524
423709
9849
831952
548581
919699
emma2008
061270
745327
10262
973071
8298
528044
522995
9438
645062
591767
463056
847605
092455
060940
432333
915838
89537
030162
3846
999295
028391
7911
One1
11662
057937
guest2008
957341
895136
150108
569217
501523
59661
029227
278564
59913
651948
04438
2463
863049
999614
332112
375672
199661
894091
310426
259446
mary!
940170
987536
378928
abigail1992
871475
165627
334642
quran
305239
925386
926849
Doctor01
089782
872652
30226
192885
play12345
237270
379291
Movie3210
nora1987
759682
984093
788832
702812
23086
121836
750948
249942
Kevin1986
190938
498300
450670
728178
1mr4n
190960
557524
263758
four99
411488
19999
024849
405020
615714
20678
619817
787479
24199
472813
685366
250411
073315
750068
707003
820446
90923
036509
841764
704704
686851
444818
123706
544038
earth1996
school123456
78526
712536
688369
062524
47558
249579
540089
85463
368280
50764
394064
601975
89250
300586
273724
Morning123456
Black88
57582
786885
946143
311366
251856
925958
8457
209770
15652
577335
jason1
399729
500137
270602
696828
241956
418451
141537
17171
633710
071841
903804
374506
187946
983158
836253
445456
Green2024
495220
30674
olivia1996
540925
328196
997700
327360
689964
981145
524381
21056
551111
573199
702834
598686
321464
533676
742819
016027
509113
900999
350020
756657
570999
3102
91441
897523
973907
108108
78239
267201
731027
Chloe007
50876
608520
572154
865282
356763
869979
655490
701646
393855
42826
ayesha
724042
868494
764654
356807
695530
100551
152812
00266
instagrampk
802813
125532
781781
146575
580723
095634
445522
912296
462561
210511
534435
988317
25816
413281
227161
709731
348667
9315
007051
106139
140272
00630
553828
81263
290378
Five22
930171
287881
889724
897336
Hina2017
ali2026
997139
354563
832172
303677
25536
447194
792055
008459
33810
710072
124696
82789
066308
016874
970079
167904
237402
070785
196867
831028
6543
487212
703087
837749
433213
954074
714142
517803
269544
757119
9336
539099
Gregory1990
920381
45745
801251
980243
473704
090520
014762
891000
768295
809589
809556
355069
567776
161667
969672
903826
883091
64029
136807
400895
003487
316305
385946
19481
38416
226930
171226
383031
78204
580294
movie321
174350
816607
149061
final01
21749
27265
644259
67522
975293
622116
428494
465784
265628
59185
881859
453695
176726
527472
975975
418253
3441
009350
395901
206415
115621
445973
088825
719807
7935
211211
482394
901615
190220
085228
158004
426635
152427
02849
955999
499741
101387
2379
051447
2311
29974
81690
243859
36932
974061
bilal2008
1131
86709
070893
57498
101376
186175
071214
8526
play01
130596
17108
782529
741741
338602
545138
876535
72716
338217
668756
jason2005
053977
388388
587752
898106
83748
332739
422994
25186
099264
157751
873345
270299
40789
870012
717277
school786786
515328
696333
036806
Tiktok1234
782364
481426
915145
14567
test88
06699
098978
Joshua007
789041
054109
59311
914958
000440
026312
66633
592900
296296
653719
7554
202532
341099
687621
855393
249392
689887
183293
108570
519706
589974
851147
250799
final12345
fahad1992
973654
630883
65093
160193
Dark123
Demo2023
834108
11417
662299
913990
934307
Maryam000
187902
276892
96068
072930
212982
776589
363044
150805
746790
Two2000
535821
349195
121968
674729
23198
561176
57316
04900
230114
08197
611600
128414
857571
083479
passwd007
293348
567952
qwerty2014
612700
229262
48545
647207
853402
11207
711777
Mary1991
565411
155144
393063
840785
323675
813241
752191
972389
525624
456533
127028
731984
732358
116061
010390
527362
30471
blue123
845020
669053
230423
808159
349855
549956
927014
290102
424655
966801
475772
813813
690800
642444
271612
707355
11774
Leah2022
381568
520179
699446
770033
7635
Play2006
747021
708917
36666
guest2026
02422
305624
506462
029700
four786786
947408
473902
377355
142516
270526
282051
114103
841852
765776
122914
077418
Light1983
83461
244717
998668
859243
049610
383592
228910
013486
4263
03542
danish#
2754
393756
chloe12
154220
102564
367433
59675
813142
214005
895433
408683
350130
157718
934153
975733
110226
84840
186439
424897
Malik1989
472230
935869
195503
026741
812119
97972
619795
727485
33103
15883
080080
461670
219978
raja2011
304392
960223
757790
384263
289190
727221
694254
301862
435754
821909
020559
010373
335225
4104
175142
674355
january1
835494
722799
98665
458810
583308
430881
304172
328647
160589
337051
864017
26313
818345
77357
210290
504603
221529
930864
592691
468754
975469
431123
734371
223355
402270
Two786
21280
115654
357115
712723
168003
5364
155595
elizabeth123
8847
Game321
716188
382514
949773
309617
716485
4776
022803
whatsapp123
19320
83104
762542
588324
266233
zainab#
818895
767360
391688
93996
907676
imran111
980122
674949
302918
130417
531157
627946
753654
070257
0165
520839
341506
444807
277827
255574
078826
169675
128271
656040
50022
43792
239470
152163
487729
364848
434126
977130
8877
721017
706684
828344
517550
255002
706629
000946
88060
67158
662376
122045
046024
80661
716529
469051
723305
814396
252285
225995
961103
236808
542014
698390
612975
666468
862510
4l1
029942
368522
shah321
977614
128040
Night1993
620411
689183
36834
828817
062502
Love2025
033627
704627
145299
977867
82768
230911
882816
110211
067859
130223
403733
014399
153912
amelia2007
707597
199078
343299
Game1997
136279
36638
656326
728992
238216
957495
890648
652333
student77
330616
013233
87787
88571
694584
183458
Schoolpk
025014
173195
3720
929731
322399
robert2026
101904
633083
733854
707476
311217
62237
926497
Hello2014
140701
589314
590183
507793
Quran2022
495671
841599
783431
149314
904794
james12
259622
401357
640497
864589
681791
693715
george2017
877613
252593
536800
482614
258709
141493
King22
444257
2784
398024
Welcome2020
794277
9552
818048
840972
633963
992673
058036
251193
Patrick2011
271099
34671
237457
764962
488444
921932
031023
877888
540045
197153
655457
kali1
36330
833679
048576
148170
492899
933933
250261
982861
937563
477895
302830
494505
577764
328735
200288
448272
506198
555302
396451
097647
648582
58541
30436
73199
81060
822294
926354
475046
684948
027599
926068
553850
999493
29939
769098
802142
167530
Scarlett1985
239052
592735
081598
riley007
759748
305822
367312
636845
808577
477004
three786786
972048
Morning1234
48951
465806
179828
398739
286385
353958
617606
163196
Wolf00
98756
43176
999625
71365
401478
254111
693671
30744
69881
814011
521477
3129
334477
Qatar12345
491821
677523
983191
226721
401599
Four1991
43883
232562
146795
651134
73332
730136
160897
894894
Muslim123
458546
189750
15l4m4b4d123
49693
275506
abigail12
0707
498575
66472
729608
427493
013079
112673
911031
905201
57218
882464
767569
572506
742478
Test12
899041
747835
776369
819544
Hassanpk
911614
536624
383812
Secret!
victoria2010
72044
674608
913352
472890
287364
068772
093126
86072
415074
721325
41265
062271
590689
702856
819082
School321
863522
qwerty1990
9123
658196
214709
748385
153142
Violet1997
893794
894872
420024
680416
755359
Tiktok3210
735746
251102
322245
898513
244343
694012
208032
82614
602063
253011
269489
762256
721677
04795
769241
729003
60256
516428
942612
461758
415272
674047
190996
school@
725538
21175
084656
528011
608135
124025
774609
xaff
1903
800690
367103
070730
886204
085316
107140
541068
977977
743402
877668
818466
662717
982091
469249
056991
334202
786654
52255
victoria786
242737
peshawar3210
College786786
305162
165638
524788
967846
Maryam123456
753951
177837
07021
573694
918544
962599
935803
352220
679701
61222
733579
973445
871739
230105
274362
079684
862411
636691
322828
703857
61117
560109
297242
137203
598521
warrior1234
991903
986513
938080
190674
184690
704253
93233
095128
580459
9159
852478
587323
764456
875237
549252
884444
030496
171358
535106
122771
star321
074899
imran@
Login1
694683
111105
126060
654918
445280
0227
3222
75068
75866
086856
saima2001
974369
846461
104808
459657
05019
739882
772904
377421
Super000
393712
601876
970464
262636
543994
373296
35385
645931
927674
772519
125213
823405
793551
65226
873554
34650
707839
825000
274087
59346
057365
50967
george2006
724130
105864
564025
019206
644028
824054
00735
725626
609301
40817
572792
905795
817520
055979
277981
04018
661859
school2006
715814
981288
937838
Monday1234
29841
413743
070899
34587
music88
077957
561924
12677
93205
532169
050905
558250
889625
5355
75922
098582
72226
78316
783376
blue01
832711
714912
705991
061710
634183
489302
joseph1987
080135
05278
97986
065923
379280
302445
882948
202862
491876
608674
719686
74837
Light12345
150172
732369
07924
303952
973896
800503
097350
166386
291676
305635
959365
748616
309474
236038
63847
290405
942898
482977
Noah123
611919
35791
06804
607871
033341
112926
282975
111078
558514
990330
230692
577775
181577
47831
5871
304733
902957
6585
436029
Mark@
630234
147279
359458
174196
32634
799392
923505
487982
ninja123
825198
580822
081807
Stephen2011
237853
170874
546964
587697
949476
744227
449240
062788
608278
145442
030030
Bilal01
66101
97125
303600
615857
463650
187022
878691
56357
858451
174713
262086
182204
212311
969914
Mia2018
219164
909909
Welcome01
346401
783332
883740
797742
484528
829389
215369
31948
351967
190575
462814
405273
374011
168850
960894
968682
College!
634590
265133
994510
094556
506352
Four99
081906
316206
985270
726561
747516
496122
725505
978648
587972
429077
075680
165572
820677
791054
812295
566324
740828
5289
626010
53081
630146
789701
379687
859826
975458
154374
Islamabad111
Dragon1
438504
343684
211981
133067
231968
210309
131835
515251
844239
islamabad22
zed123
5313
310629
736494
651849
034254
312103
949784
653213
839828
968957
953975
778679
270138
xer123
882475
988152
512864
159797
127039
782551
809721
8235
358182
ryan2025
423335
307065
617903
3501
287320
585101
Patrick1992
590601
303710
asdfpk
901450
975480
369875
250490
287683
849596
435501
194128
1009
170702
692307
883476
787644
5628
650001
803462
407319
643027
287606
535986
731478
646008
928367
79590
044572
552915
246356
Fire1
790966
multan2004
977834
693792
610335
297275
771826
6798
828443
953832
826650
815430
513062
955086
675367
950466
670109
925144
719279
710303
245179
913506
235642
140129
Night000
451825
171102
240625
last786786
566885
85582
99904
473484
016148
288618
353100
539154
284515
532884
927872
763070
187583
465245
008437
455136
870111
043373
972114
99862
579942
116083
351494
311982
683265
759737
game2000
324918
996182
124190
74284
933251
Asdf12
anthony12
274538
728101
880484
574794
397551
20643
028886
571351
665885
230111
821898
449834
448349
546205
357841
564619
508981
124476
911383
36323
503932
959937
494307
Samsung77
562826
375727
625757
046662
608366
008481
187506
99435
625284
740212
185790
043560
336897
420926
376002
047729
160985
114037
131681
74767
893497
322916
018744
252835
379907
847638
627407
whatsapp3210
wolf2008
48034
815870
22687
232848
664213
91602
263076
wecc
659846
503206
738925
646404
620400
8895
687852
948002
2826
Quran1
George786
050223
142956
154528
14749
24598
795531
603966
290653
496870
744491
054648
181511
327613
95221
679954
583803
686708
2691
994884
249282
091157
291830
049467
562287
whatsapp786
411939
150717
206140
201146
910690
175219
664477
974655
902143
879076
104137
623821
5370
447898
079475
795652
36582
813373
382712
516043
197186
333674
002607
80017
643357
090590
785070
702218
221067
163317
587796
392832
396495
800140
728552
419507
703516
417593
95172
286946
544423
623139
Last88
175615
105721
111202
722139
281149
68103
708906
218867
125686
822206
349635
232782
maryam1234
Elizabeth1996
monday1982
640684
44674
551254
5025
259908
07049
teacher1982
255959
750970
408573
29729
265738
13573
195646
137973
492162
480403
7008
027126
202543
537889
33460
436304
230693
355542
96033
5085
792836
409222
300014
64176
051111
User007
916938
225643
223905
04277
068750
370678
679668
878900
482273
551881
027390
42875
835747
853336
826331
228492
407297
797423
794409
0119
120681
251680
654676
56203
454641
163493
194766
Ultra1999
04837
740421
school1
149523
731588
00112
Omar69
552101
71666
387464
Two2019
182314
6825
51856
478346
664994
107800
743116
56049
039424
302280
798237
Cool1988
325160
913858
877635
4446
victoria2000
028655
43659
225797
472703
620125
346313
528209
three1996
dark2012
902605
384384
497519
352198
674850
196548
445918
user786786
05348
879461
653455
355256
king3210
945758
73507
first2006
035959
714747
196009
254045
017699
557645
673772
727771
210760
149259
86016
609719
Student1994
055869
19110
024574
532323
003883
242385
452837
40061
905454
508992
50617
364969
528363
099429
426437
618002
264429
91399
527527
86947
077209
946814
088924
880737
000077
527065
492492
139315
947848
95130
356862
338690
17584
admin12345
Game2007
356642
025036
71631
977053
428780
259534
358215
648120
892254
821095
573573
645535
396022
463617
778030
383372
124806
Fahad321
914397
175868
557854
035398
anna
967670
207196
920084
787127
236170
738606
4902
520850
723745
67186
947793
769670
372691
45458
0033
Charlotte2018
King#
938707
287111
306504
97713
371877
515955
627033
80535
673992
577148
450131
925210
906290
818917
972422
563189
saima77
Zainab1
Dubai786786
8346
346819
robert123
981970
Mega786786
omar2012
984269
37863
multan007
785345
230393
819852
710248
834779
917180
movie12
719499
748352
188617
0301
832766
windows000
456236
093698
9018
306900
340714
adam007
andrew12
052305
141394
597586
995357
Usman000
421751
833503
006094
988119
02408
88039
59115
90825
501721
389972
948376
124355
474595
46158
063690
501919
090399
287749
640376
171710
189035
477917
02002
68656
saima1234
778635
483593
775588
811745
696630
968781
Root22
703329
903727
480766
sas123
765963
584958
842171
83958
427306
97111
Emily
198220
456203
014806
Apple12
khan3210
305580
434192
Ryan12
52745
197362
707135
078815
008239
18767
837287
413996
101255
046365
90335
448305
310574
007282
584738
945296
157707
604043
SAMSUNG
808863
645854
858429
675136
303567
469458
595232
373186
184008
Passwd2022
933108
230230
108251
656161
03192
319275
286935
Dubai@
255607
468325
066022
647262
23002
344729
814330
292160
615813
054021
king69
587081
771727
217470
926882
347105
210693
631554
312972
634051
277519
171391
220583
588830
792088
947749
461296
341429
009592
991078
02219
91133
67123
85820
532257
ethan2013
131087
378048
483505
20972
r007123
737814
076373
439824
666622
877404
991276
185174
010450
445214
090706
540705
388575
565070
683584
495022
379797
580096
590975
029546
040744
176143
568491
112816
613536
696190
64890
31199
303842
33348
342980
002717
363847
827068
309111
480293
576257
368797
5598
471405
645392
890351
218823
324082
69986
629145
447161
Water@
783002
996710
324368
727364
willow@
23604
Kali123
110690
096052
320463
958045
303831
640563
373406
010623
227909
369820
875248
314292
170505
799876
762223
749067
502238
476355
010483
285186
634887
770451
41041
655699
459382
02079
367026
33229
music1997
facebook1993
Cool12
8385
271733
74893
user2000
Windows2005
912263
42525
970167
998932
108988
684002
224752
130933
090090
sana12345
591437
913638
954206
zsss
133298
671682
691878
165055
716067
510125
User1
741213
887095
434885
530761
404250
hello2011
363484
755502
022407
02555
219417
074184
Blue99
70469
736472
968220
Hamza321
059169
359557
394317
380270
910833
985655
182017
37583
271645
727936
Islamabad2012
18900
282755
78015
604802
630487
148148
George@
005357
917763
340120
55993
406439
672914
060797
639320
806036
191246
123816
29001
665412
522544
537746
732072
503349
914683
527516
962973
809479
926398
454905
665225
551342
56630
Thomas1984
166045
571725
891594
499917
688743
936958
29932
482702
6702
Jacob1234
763048
099000
519486
563662
762575
091366
175835
569822
664895
069520
725252
070423
312037
214313
904959
06237
07245
59808
651200
218460
5784
daniel1982
36897
870892
840829
lion2015
246081
214060
612579
Multan786786
894663
351516
244200
090505
471394
87171
384362
572990
758307
312092
752829
617760
328009
447832
28973
901626
78008
964975
090365
343167
000242
645821
581031
741686
320892
450615
950994
544731
645733
162547
Star1993
374407
095073
548163
110935
434918
814682
038533
236698
18914
227634
542201
064746
517352
017952
078188
428340
950103
316492
545402
926464
Passwd1982
841302
407616
410850
031262
463793
45416
brandon123
970541
dubai1993
132121
25872
592922
412775
175538
118822
151800
031185
Shah@
73031
352506
069201
962676
robert1985
332827
781352
64015
323774
371382
866129
lightpk
557755
Pakistan2020
hussain88
8394
168498
66178
160424
345477
952798
491755
860849
871156
783772
989934
98315
075834
091096
Hello2006
748242
502271
397100
one1992
Master1999
156387
833074
333135
402941
208054
362131
Tiger77
648615
Hamza1999
588632
549703
bilal@
836308
069344
5799
88249
825451
533566
643324
781033
632115
182567
981673
853941
246730
69475
84581
716276
71981
210311
Light2013
091102
kali!
33712
762432
011935
077902
139249
321607
106084
042251
48923
424094
278223
886369
310035
0687
173470
379676
043989
232111
910712
941545
484154
violet2018
451110
709522
Danish22
Cool2019
608003
193435
Maryam1986
596805
335588
495627
344674
337799
911339
961180
455411
937387
912065
608641
086108
984918
89229
756294
943470
420860
samsung01
687126
944790
827739
Joshua1
214269
74851
522082
F0ur1
579348
430947
076263
67487
969441
820083
439582
451077
825704
777194
40663
zainab69
443289
572231
966713
389818
82383
541m41
839300
76342
028314
632137
200838
475794
273119
799997
091663
220330
940269
203687
73661
bilal#
243661
478533
679283
9717
805013
75215
pass#
991870
779251
088000
155672
mark2011
270369
169983
5352
358193
228239
408331
360415
389675
136345
509883
929610
752961
989582
579997
508629
611765
555566
08680
36372
178849
704088
147070
567204
866591
531938
282106
India69
184426
484891
952743
004290
196020
493724
514349
098791
414777
295834
816200
123519
661364
486255
078408
955966
562254
644886
721930
670725
25578
503855
63826
7149
629112
662288
245344
473374
467863
756679
243617
796103
403876
563145
537031
959838
627275
477521
713218
832876
23912
99526
waterpk
750684
971157
995302
882695
084623
119889
341627
773278
119933
581471
72975
804738
421157
178200
206547
270296
final786
091047
xwe123
694221
5472
817806
676874
881782
695618
144782
899910
825220
956615
572946
832832
940302
22540
First1988
438570
171211
10885
2157
314787
00910
654621
986073
4434
356301
348062
444851
92344
757779
651079
Dubai1991
0741
Movie00
275088
088726
670219
001738
066924
multan1982
frank1980
852731
129943
769560
217514
587114
311960
079750
823790
444136
54726
Water1989
619476
907786
582549
359117
206426
767008
912692
273669
seven007
471350
62902
603526
780714
773245
465674
136103
0051
401313
944757
791549
897556
265485
459437
098340
05992
062117
620312
357643
018513
61131
758186
616759
932470
25648
fatima2011
j4nu4ry123
208197
629486
78582
110699
ryan!
961752
298925
052019
216678
458623
267586
291786
261844
951522
45605
065274
741664
758131
995720
134783
566731
0030
468743
247467
14966
178607
300883
056683
617100
210793
122507
55580
30975
804122
262152
791142
581779
922174
002354
412764
436491
405229
981728
008404
177507
519673
89761
867361
612777
400257
178365
411312
696872
967912
131211
537944
37912
457204
831292
672408
527626
690745
muslim69
853248
931238
948849
722073
937937
569789
650958
173371
808181
608619
224323
305074
62104
58688
94927
914221
556358
5202
Guest69
035090
519266
170335
169323
131780
707872
279708
422158
435589
854887
013013
18648
051524
788337
00014
204369
937365
Peshawar2013
714340
776897
799480
107624
movie88
23814
59157
706915
864578
Three1995
631708
739585
318351
219560
83097
3006
317691
899063
qxrr
914089
04858
352847
268631
fahad007
62531
336545
072886
520443
663740
019239
721226
085767
316877
74648
207130
226688
997172
94969
756525
543488
603482
698434
30534
342012
791967
Lily12
474485
955372
wxee
776402
184283
755150
293590
92323
362296
290399
555027
748396
95697
50792
727628
84399
1746
923351
Morning1992
377102
4830
387101
367774
130620
238062
408826
064768
India000
367631
343794
01610
21910
538736
54327
India#
377729
223542
830104
59948
774114
0413
014828
0561
8097
257917
223080
616110
295966
16415
1392
898502
091630
93856
702647
25403
40166
919512
Fatima
222332
49609
78274
578380
687929
35574
064460
794739
197956
594275
476025
504163
355883
040689
590898
983818
647559
336391
686587
43743
master12345
697488
369479
625922
110627
228415
293568
david1234
Karachi2005
194106
335643
202609
692120
10101
539990
909601
553179
067067
388135
552563
965228
49868
94409
777040
447381
SAIMA
290961
812108
462583
teacher12345
358149
843678
983268
444477
382030
513172
070158
942436
451990
65338
738122
206943
070511
552123
548702
772167
522830
india1
131714
941336
27608
64666
870672
004224
591811
775159
User2002
74781
382250
266992
jonathan786
693374
080465
923912
227601
789503
957671
327305
768834
444312
463331
411224
38507
250448
33327
333256
291104
5514
349965
307956
119724
546733
688567
083424
894784
169906
samuel007
79380
126291
841995
900559
34461
290224
890461
315942
water2024
25298
08379
331749
78645
7227
199914
834020
11431
514998
376695
885280
361647
341220
736021
754897
25368
702207
167959
3768
726121
Richard007
882398
916179
964667
884994
536426
263252
222409
878768
353221
855866
256751
079530
609037
919589
090530
79646
738463
502843
606683
421971
712063
982014
9996
0375
371294
263813
497398
101343
345543
25060
994103
051733
456445
699149
143561
Apple01
773993
749903
090596
694419
049269
527087
444840
61502
468094
693308
150975
645601
14420
569382
master1999
183667
135476
419848
9855
239129
875336
297858
504009
King123456
761101
342408
71162
493317
599500
p455wd
978923
Fahad2001
1686
456984
Matthew007
96691
634040
592581
904376
5406
901505
206899
89236
885423
271315
47537
587895
266266
918236
03402
130471
211585
0360
fire69
147972
268224
909227
537680
541376
079882
628155
111364
305261
112717
724207
800701
angel01
118283
82131
three123456
964260
592889
850432
302489
455895
191675
552398
312114
421080
85239
71015
33257
203599
093511
110390
586256
405559
294613
394889
Fire786
63322
860475
995456
music111
048334
240702
696146
31269
572869
Demo2015
969969
315711
wwr123
065186
3600
408111
41370
105831
569448
727166
2115
891550
732589
108504
66612
05397
361977
99813
878625
886787
123717
555632
61250
871651
456126
714890
130944
xwf123
791494
781759
552926
Usman1
33208
24374
881408
065318
Fatima2017
754776
250800
574266
67501
joseph12
742291
063800
023155
873202
passwd786786
229548
fatima3210
038830
final321
020317
639287
039435
358589
549395
699006
678535
119515
927146
seven01
158895
44618
55790
401368
281413
35364
191114
278421
47642
277574
083732
50589
246048
726220
230711
217602
706398
188793
082445
296219
774499
3957
33754
26852
687599
465069
223234
331639
541m4123
972081
239921
game111
night99
706123
838420
261778
822844
moon000
019833
401335
376915
password01
442530
584683
046398
Paul@
596574
392062
773509
16947
503415
613228
051436
134684
695629
762124
825715
186736
279191
916927
quran2016
46970
253319
77497
075944
Monday@
372075
87983
567303
78953
470459
049137
780505
189948
022374
40460
170293
Wind01
031592
624943
013838
588093
495055
230307
523699
837980
03710
599368
351109
935143
75138
232276
626362
261294
330176
742104
015246
710776
364276
559636
099891
Qwerty
873004
96782
134244
HUNDRED
442002
891682
1170
thousand786
133914
242286
682803
744667
220869
9693
724196
689700
167299
81361
717288
64750
539781
200739
366916
659153
520905
10213
245575
797698
546634
448470
762388
368445
844151
Night786
579260
762135
34gl3123
126302
07511
403293
violet1991
1938
974743
413116
11361
382437
089507
002464
265144
067166
elizabeth
340824
606287
890725
097295
instagram12345
548009
157091
333927
698258
01008
090517
Login786
10255
260865
745723
152515
292204
498322
455796
78064
80178
157311
75628
947760
244068
456951
00287
494516
798908
Google111
910360
956505
thomas12
184492
798666
610687
6741
593857
832898
981706
194557
665544
863698
65233
745426
438614
900196
Passwdpk
553817
260667
124135
180400
348513
654005
red01
545413
291023
light#
brandon1991
india69
211453
877943
02492
Engineer#
022616
962159
432850
194062
1632
195338
153010
310202
695365
521323
505439
23947
21525
969375
603438
223960
805970
58359
567677
582934
276287
281699
sdcc
1662
139887
520949
Ethan2017
669988
409321
192291
139986
927817
632291
956989
090827
060467
768757
10626
249480
667744
567116
Stephen2019
852940
284504
278454
India2009
040425
88508
179531
540133
12327
042768
115456
Demo321
265012
686840
980925
426998
884719
514954
170226
020328
770946
417252
736538
574299
050214
079442
271123
496694
Dubaipk
493955
170346
371965
665170
67424
754424
zainab1988
90860
106381
119537
0162
052745
670516
Whatsapp111
Night321
86842
609796
621797
305844
776677
439868
20685
202477
292545
173404
053768
385616
280654
818499
14707
Guest88
945670
018106
279950
052954
898018
215138
220275
Michael@
339977
576829
595144
500071
752972
445137
704913
146168
68432
937805
574893
908347
4503
155386
803968
5931
789305
801581
972785
924759
392667
32865
392568
618255
01218
336622
00301
582516
052800
539330
700975
279895
495297
749199
734899
800492
952952
950180
373032
842292
218570
172612
Pass1995
Admin2026
90202
893607
077429
569866
Green@
301818
386287
44177
056727
301521
488466
936111
437305
67109
857703
424523
014432
133870
730400
663905
101013
678469
269830
012067
06741
hina786
2598
998822
846109
539946
128733
571208
861124
346225
983059
1416
Earth1996
590172
730257
113982
34615
55608
26208
234366
974809
864127
38486
602580
157696
232199
Master000
354068
582065
08953
504592
507397
299101
590029
887876
85274
110418
868483
384153
94598
Moon786786
360272
279686
8343
645997
911471
22596
676962
January22
183546
60396
299849
030943
624118
751487
022330
08372
525459
Hassan111
102927
823108
raja@
408364
668987
20979
782353
727155
343629
22631
565180
832161
857340
897655
569294
650265
421058
992046
43330
048004
hamza111
533357
319528
635459
437888
666303
064548
171094
142329
51254
336974
102553
555159
128942
257697
405911
512699
Mia2026
577082
80283
login321
041074
436469
81487
722348
913737
195294
550451
530299
291293
073876
665676
159269
86870
296208
345411
604120
987756
287529
angel88
841698
083314
920711
281743
27447
647064
168663
509861
323664
Last1234
055429
92680
020735
087890
914342
259765
472659
633160
417978
763972
07714
457732
116490
03808
omar!
270479
375463
828014
734965
8178
04389
swff
602756
940280
860706
23779
027863
250908
597971
846516
503624
945230
06349
288607
4146
380061
581735
870452
213785
171897
31220
932657
913264
808896
679261
qdd123
360822
087373
896566
853017
381601
833250
two77
695574
544775
833470
181478
774081
882222
425150
618673
Waterpk
72282
195921
088979
151349
986524
17689
269236
690173
34328
leah1992
76293
328262
113014
448074
563706
280951
125004
846230
034782
120626
325259
58471
264110
685212
291060
449273
627847
037301
057145
300553
210804
893475
Asdf2019
806003
123574
One77
143341
110836
495649
294525
211178
033319
116479
086185
125323
209374
869176
421234
3109
821007
929566
5586
457886
077506
746328
07189
2331
774092
261349
doctor1980
45115
10374
272943
836561
Two1234
5424
535865
856482
968297
7464
888107
63294
703395
765875
372108
310214
200893
422939
134365
896082
945549
fatima22
406219
275649
071918
909040
264044
179234
780296
697246
353639
375243
03556
047465
660253
Test2025
192181
613932
387915
504405
745217
385341
720929
833646
428626
473473
058146
Movie1982
841962
97300
649132
893805
930677
765633
277552
65100
889955
shadow1986
440627
61488
424413
56679
245047
Green77
651706
782958
865535
607629
770869
567160
975854
973643
497332
909546
715165
231385
292171
961719
742775
86660
37226
582637
396374
277332
059906
33334
782760
410586
847528
26341
146542
826001
792286
344476
872740
mega1980
872102
789855
706893
517693
458975
300696
635228
847286
740157
580833
two1997
695805
881419
789789
151220
4797
72387
930325
347490
82999
aess
776721
652443
384593
411917
801801
952457
630465
596299
764104
760287
1740
526889
849343
412478
075966
897457
258104
561858
570306
872124
khan#
544324
764005
662959
714791
Pass88
928763
6288
502480
158400
548141
323631
894113
035024
570383
681923
966097
856911
156211
590348
jason786
639122
681362
335621
987107
150990
46445
489203
930787
665324
481492
597850
070599
30947
90034
247676
673233
822613
785400
moon01
146872
133716
038005
49133
536305
988834
870254
370854
901890
033044
187913
3108
775368
230108
420442
88557
693055
Queen1980
672859
300751
504284
Lahore00
675510
Jack1
119691
426833
625966
324390
898238
98252
951324
405504
592471
33005
009977
muslim00
214049
505186
Star!
663091
Dark2012
180873
4641
008833
Karachi12
168344
082269
992079
419078
990506
553993
562969
013794
87052
373956
771034
290823
41034
772849
693088
453530
912637
617144
163966
806883
55846
82404
090308
641311
869627
152438
101321
360536
2766
16240
hannah1986
068530
299827
785466
467192
157069
469656
sofia2011
026114
557381
601194
493768
3321
53396
166694
743523
960993
30569
435919
632379
852104
747417
508189
491634
803176
613019
911295
159335
110193
163438
592823
019470
759693
064119
549461
88942
494725
138237
984467
Engineer1234
839223
50449
496232
204347
021659
036366
86912
092334
78890
300762
917774
538516
282656
872751
306812
782023
492679
711381
Harper1
310593
179652
462726
Angel1981
139205
974259
100606
283261
591107
073084
qatar123456
830775
741235
king000
20734
083083
810480
009867
44947
6690
449119
519123
865986
User2015
906279
9360
712833
500038
101464
160853
683254
791934
016247
396583
220924
524634
eagle007
643500
820622
007073
hamza99
83643
068596
333641
8361
497629
hundred3210
729949
996391
458590
404118
98658
778052
616231
351989
623205
483604
537911
780758
688886
226303
137115
546304
01071
968979
244849
740498
313236
561297
935077
tiktok1982
546535
261646
258896
576246
496540
283206
88732
patrick12
567347
763994
266552
361966
325996
341462
864754
004444
321992
459173
8808
939488
750365
704572
433939
082225
271799
328394
574255
836407
389169
881221
896203
445038
800668
630707
928587
00525
264627
145596
412896
081323
032747
240603
66164
505791
409112
26593
542949
510818
32536
576906
649495
186043
753159
958969
57533
363748
311861
dub41
48174
717244
44968
055495
5982
485078
524876
822943
021384
784113
14371
680680
580635
54649
shadow1
864369
824428
686873
032703
230302
711084
054153
097867
918797
739167
608696
96369
280027
701019
ali1993
766040
908721
google123456
760540
212168
24640
393415
amelia!
930204
72800
675829
754171
81207
70637
659791
525195
zainab@
apple12
899591
063580
user22
881958
791659
236984
430727
854293
270520
1794
838563
Guest2008
EAGLE
896005
214841
138270
861245
236368
621610
283624
594539
681461
475706
547613
768647
Qatar123456
501028
final2008
029260
653873
india123456
387211
Malik786
003663
multan2014
237061
252120
454146
548097
408452
201047
322520
1702
745591
52108
829081
996787
483186
339933
663256
646921
30807
779548
041151
378213
756778
195943
710127
675466
062942
756261
68964
779801
143143
275363
dragon007
967890
78414
785796
371360
792176
04669
659813
361207
Five1
864281
618266
303292
09555
nora2000
076043
Ninja99
670373
Ali321
827552
876084
47628
773025
719994
237292
866899
95081
angel@
19656
578094
975601
117964
275517
236753
389752
829543
009625
090035
616473
788898
774169
Christopher007
171017
33663
982432
Shadow1981
164428
943723
629596
428230
39032
7776
594231
766777
051007
015972
391523
51821
Hundred2003
4338
859012
241659
644897
177397
998206
230290
349360
340296
777249
63868
06951
111331
Whatsapp2003
68789
655600
359579
765424
45472
986733
401841
791318
331199
334785
032054
Welcome1
248875
193776
24815
376596
86254
519090
343178
7287
6810
Multan01
448107
435644
166067
226600
061292
912439
619366
357313
166782
82593
Monday69
003113
539374
479182
258995
070205
751762
825132
32984
465190
970244
445148
481602
951797
120241
938586
858605
523556
372548
131791
238953
907291
310208
038181
065230
202191
Jonathan1991
210342
06090
153461
120934
407979
841434
495242
06601
072292
2760
024354
14518
440506
769802
722392
122122
979704
284636
212146
709830
056023
408661
342694
635503
035101
024365
290702
972983
84462
94045
741510
494714
293953
557018
18151
25704
violet1234
09471
5646
697444
final!
273086
006479
346973
316448
583154
996897
254661
164593
206151
913539
355773
399476
933581
687049
630740
254606
817850
335115
880902
787281
823713
601458
259853
983180
435743
94283
336490
53312
64568
378994
569635
86919
87325
frank786
728827
608949
243353
Super12345
926057
Testpk
13811
1709
336809
844514
970563
56784
117403
Islam2007
812328
178486
zdc123
856691
506374
024046
25823
4626
77371
04970
07112
018645
34447
824648
878196
598950
793837
419705
383504
091586
Jonathan2004
050776
morning#
036971
110209
145695
062579
475255
127017
158048
544742
980353
625317
041591
769362
136620
431354
828135
091476
861322
792154
241549
482922
880748
467577
077550
070675
230220
869209
506099
310541
046321
249887
144892
144430
578655
762663
mark1987
147763
072842
Seven123456
30681
002233
580041
555522
974886
808225
40369
058476
152416
904662
693913
6600
allah1990
225379
680966
862653
982003
271217
751025
275099
hassan1999
664587
308660
123629
296395
134750
986018
60515
998250
234410
030790
016170
75810
01687
238392
355333
234817
5535
330814
935000
xxrr
722238
65555
162756
746174
355399
028028
186879
723239
359139
456830
light@
Windows12345
294943
399828
36596
153175
5910
367246
110792
cool123456
339284
707586
312565
6675
star2025
60851
950906
653708
673255
411136
Hello69
181654
Hussain1996
330737
011814
438779
dubai69
119999
714593
935308
1443
144144
619729
303985
03829
994873
172568
170401
400477
Saima#
895653
991672
login77
36911
836671
705232
698368
277651
096239
38570
383823
january88
360987
941369
Islam1990
207053
104687
54348
228745
535656
804188
wsee
622468
Bilal1
aeff
Chloe1989
multan111
241846
024442
26467
725802
102795
WOLF
352297
882178
651552
11025
494736
170420
109142
594363
147180
769131
59234
29603
569811
090772
395626
238029
405317
539880
537768
426415
578182
04368
182457
273185
211948
king1
105809
930182
343343
419386
567193
487608
android12
34083
865755
98980
152570
771221
54607
612238
2382
271183
136862
590227
895510
916454
441551
842028
522445
092224
904178
44646
0087
997898
55055
Night1994
737363
9243
736791
74998
347391
1912
95144
574662
579194
alexander123
202411
384879
200420
login786786
Google#
31227
761794
736164
Passwd2025
2906
270556
251889
846989
87899
136510
46298
Engineer1
533819
35644
043527
939147
921987
02954
005401
333157
326139
066077
Angel2005
975744
316624
952523
797786
429275
051223
eagle69
084403
245212
906444
warrior1992
291217
027346
638088
791098
438878
095821
654885
512237
83874
985842
67249
8580
617056
711678
Andrew12
576895
350174
858814
942359
066198
818587
094985
45108
13279
338448
839454
886600
296835
842919
Henry1
930765
166320
199111
830786
916069
320287
368412
240911
755513
08148
Ali2012
292622
577203
866107
Sophia2008
4299
989494
983048
067628
900229
462539
music123
29624
164417
450274
282887
424347
134387
982784
724361
101002
415459
344443
danish1996
06986
377399
310102
045221
585585
61908
111485
039226
653675
877041
454399
310993
908974
045782
899404
778943
418044
305250
296780
108284
36960
684508
796576
317295
53487
022066
651805
717541
05390
981222
141108
80892
713900
18011
457842
608982
434940
933955
Raja1234
928103
251299
497288
546073
846175
030822
213268
381986
536525
797027
8481
81235
andrew2009
09072
451638
819819
360591
152988
589622
Blue2004
84532
272899
397705
Queen12
131758
134508
Asdf00
667821
153076
699974
759627
889603
557447
485089
681340
419826
26271
599819
291324
161216
443278
467676
550858
135773
623194
94038
537581
2499
bilal111
204666
27496
536679
337084
192137
475277
798281
374462
Hina1980
08295
074965
09345
054879
382701
030405
shah12
3009
23310
Abigail!
042284
373131
52115
Dubai2002
321013
418748
517330
557073
273405
hamza786786
313533
453167
640277
557887
33866
88683
363759
429737
68502
133980
07728
807356
505384
332024
61229
928653
703120
150700
064988
264682
159324
326425
ryan@
182248
95746
366069
457952
489951
996347
799403
044198
855008
022550
88907
028094
939433
365882
822371
884796
final786786
557293
819973
474364
226974
04067
115896
227898
28455
layla2022
171578
746449
311091
4974
264088
611688
426184
541574
026378
015367
457116
522379
268257
128623
862752
252142
163284
436293
787655
four2022
805695
140668
845284
054296
848892
803913
423181
150590
306350
547206
2523
568755
499972
481921
484000
two123
961158
college00
97902
959343
66332
815441
489907
763609
63161
56343
853644
312719
lahore786786
344740
739849
064328
258126
878702
110726
088605
401687
301180
530629
930490
275132
red2015
232738
727001
720060
751465
753577
99365
170533
682825
319792
800085
068079
010311
436128
dark
thousand1980
222871
Allah2014
483296
378323
217030
727463
694386
106920
24157
079937
798094
448151
883608
7023
40628
0317
006083
84455
52528
725230
541981
828773
547558
845119
monday12345
017204
Doctor2008
875996
307846
686235
414964
330341
051326
797137
567369
1233
81858
00567
623667
785499
096525
53704
395505
raja2021
460383
901791
353782
265331
7608
439703
948497
473847
347930
612722
26103
029722
january2012
811646
068948
601491
welcome01
00427
351659
780846
445863
36701
719180
26432
560362
004565
Hello#
999097
261096
203929
81431
622776
585695
310326
252714
486552
36463
613657
798380
950565
olivia786
769186
225984
Teacherpk
430331
150393
224037
492063
099396
374209
281567
24969
Lahore2013
308682
One123
81417
892958
389378
279840
552321
620037
330143
092862
415360
ali88
873939
17934
943030
995632
691042
384912
699545
facebook1985
7386
sophia786
272173
210232
844690
599258
fatima786786
250085
881287
235323
326590
171215
244123
583880
349151
010802
674916
400653
035783
0009
648692
621467
442288
3579
091740
240185
311212
995511
734811
876986
932129
500170
416504
37688
596970
624492
brandon1
821711
515438
linux12
758670
061369
414513
263428
142175
1950
015708
048389
494967
Peshawar000
400796
38598
thousand007
128887
34552
93758
King2008
682154
anna2002
620345
528187
596959
226996
19775
242913
837507
264968
858968
240933
403205
036234
933669
704176
287287
209220
311498
13125
821821
qwerty3210
250917
66276
229295
fahadpk
051458
985215
028336
527835
415624
521598
806718
41902
Iphone1
070180
45283
580811
778547
801185
288398
726308
429319
317570
318868
973588
54698
41181
01491
231226
484264
569338
062557
662101
405383
311017
464035
583275
878438
955988
832249
779042
853468
229702
146311
118107
645557
483538
771386
765710
435985
254727
Police123456
52976
923593
549373
144749
366146
057035
001716
303963
Matthew2010
59619
211805
050369
662596
587807
128029
005324
518958
391666
589930
eric1993
75159
6390
134981
93590
87556
897677
190718
57029
416416
466092
910426
128953
0117
154495
600611
884422
49406
357159
86555
275583
810722
911515
525734
723426
499840
254947
007579
96635
765886
Hundred77
365277
391754
700436
659659
943382
qdrr
353463
0390
85050
862290
Linux007
pass
02814
805772
300509
937827
19726
244860
483780
02996
268939
3438
353199
23772
43281
106865
532917
488763
636405
877701
261745
128073
845988
43246
871992
91896
075570
391952
0771
661562
xxd123
477675
098450
688523
927223
679019
58807
Super@
110154
725637
694155
Mega111
219483
703032
7740
503833
900174
958485
818037
637934
843403
32284
695167
799315
872190
Iphone2012
868076
283228
Black2022
807895
Monday
704110
Test000
258654
301202
69608
054494
602184
66724
482086
581020
97090
836979
57428
251123
494417
251240
94822
991298
939917
483285
373901
862818
327514
643610
143000
339999
609125
901736
659120
898370
074195
210067
619267
827167
227843
Malik!
850256
438834
116193
42203
649077
170181
813131
242858
753126
784256
590546
932580
98392
45003
797852
53319
249865
tiger@
Monday2010
277409
670560
256223
10682
278443
Khan007
878218
565290
921041
230902
813868
538637
81830
101156
146674
94192
25788
87619
xdc123
172722
Fire123456
728398
195954
419056
Zachary1983
588731
121924
62608
61670
514052
194029
825055
1272
759209
123101
05761
522148
305932
766865
joshua12
omar01
609587
419276
948706
423863
735251
Warrior12345
27048
richard
95564
03563
732743
761310
780835
555599
630355
659241
Admin000
065912
052503
394504
10290
029139
338173
18382
428483
609290
Game1996
Android69
85113
313082
185042
mega111
167387
279279
872366
962379
609246
67613
263274
351538
110305
607387
631631
332706
59780
439373
472527
045331
078034
749331
894300
77679
810381
703461
739090
051909
654753
086240
343310
359502
907148
669163
204908
832293
885181
14490
112618
744832
684915
868703
6051
875930
667062
853072
720335
110617
83867
801163
586102
pakistan69
408518
3351
471152
george@
810931
463727
547723
934351
700007
572165
466719
844393
111226
384516
1086
498212
033847
242792
2902
399542
920161
500258
82852
Tiktok123
110748
12082
645920
370359
407572
392469
044649
781495
170714
817168
089254
242682
071368
122298
070356
master12
142318
486519
778162
637428
181830
845097
188276
431552
026961
911152
12495
198297
594671
338668
200134
230799
660517
854447
060654
018920
15449
637923
208296
311278
614174
441573
028039
051205
446644
758780
953953
587268
156618
Android1991
124938
063415
279565
046266
895829
jacob786
781858
213620
612854
021890
410080
582780
811888
938333
804815
025245
276331
385935
208527
952380
98224
215908
72793
089859
328240
106315
078441
458194
seven2004
661056
41965
395285
131560
063899
421850
837573
334510
55769
Samuel1
168982
963622
905575
393459
816640
79366
33544
218933
698698
831281
545798
035134
335467
918115
124982
571098
524799
664125
818642
94528
582747
721765
786170
037598
948266
502315
163614
21763
042713
428604
050248
2232
293755
458777
330902
494362
708961
128194
145343
699501
008910
456863
937640
078859
638572
742049
280687
69314
final2015
194502
770011
931227
832667
572979
795795
157795
164978
313357
716023
Apple88
246323
987206
905267
695222
291720
510147
277464
19978
068266
67746
8775
703263
9156
924286
004928
814154
579876
805409
329615
799920
060621
766821
867306
094028
979935
Youtube1
Lion88
74193
415162
655732
884268
Movie123456
085932
306537
146883
21756
164681
999163
605198
362010
757207
4809
146157
071775
176704
120263
90986
545215
645491
94570
168949
488675
291599
02604
724504
983015
790526
406780
109175
449339
602591
518782
877327
388993
823735
350141
769219
38290
910657
213884
052195
585431
4002
473726
26264
929962
376134
47047
257510
909590
772277
768284
648285
324269
484077
374066
193127
272701
0721
facebook12
127303
206635
599962
957033
602635
456148
Music2012
310827
070902
719323
198110
811613
571912
011088
691922
21574
42896
207856
804683
patrick2005
06615
495363
green2024
138149
824769
21707
49224
508497
6240
music007
320958
073986
312873
final2017
873389
133441
732721
522753
33383
573012
636262
Ahmed007
54712
Bilal2011
037158
439549
607244
182974
732875
282216
934879
ultra2005
007469
457875
740751
112101
15127
580118
56217
373395
953216
37478
83244
041052
019327
729135
217943
67284
592955
230493
61796
152119
Angel#
038995
518848
766106
Teacher1992
217668
687170
603515
660847
960850
821304
343376
03703
86583
596090
745052
181951
136004
246378
461560
295856
271084
461307
278927
62888
740344
915266
64134
6942
42350
Login69
998811
327492
308440
111220
366784
140283
363506
696344
Jack2026
156849
664576
496914
Robert12
13195
028985
294998
580877
514162
72849
295812
311608
296725
093192
602899
57456
74823
392436
400752
329725
913561
583440
284977
Scarlett1998
897996
153571
698192
844118
268774
633402
979506
331518
868604
793199
539979
607046
150766
213334
Morning2015
869594
812570
264869
189332
696212
919105
41489
240834
775874
quran2002
068255
805387
811283
661727
120043
488741
49308
046464
926134
437932
892265
147125
151105
129107
54992
63049
383955
983587
135300
85967
697367
952633
355982
Joseph!
372493
601590
857890
606430
67711
687874
9378
15421
718157
35546
755612
913968
737374
793023
811151
448371
225082
353925
760980
05362
4818
25592
702603
094655
903364
93436
883201
812614
Peshawar00
828564
304304
Music1234
Engineer22
167629
942183
97251
290015
516890
568194
433246
564784
005346
490842
874038
978494
268653
516692
100683
904431
874709
593571
25165
06454
241560
036608
581977
881485
348700
852885
615208
122628
428296
754050
871057
96838
526273
314732
147554
892353
853534
85708
Fire3210
937244
263549
845779
071302
452067
142362
609433
102234
660121
Water786786
30968
192258
403986
300377
567281
068937
672738
331375
012540
222145
708070
252945
812086
202389
071014
hassan
29750
297990
606331
08785
698181
145926
299145
7752
388740
430265
859452
853435
181071
045133
696817
306328
700084
886864
778294
38178
075504
933229
775599
455213
916982
757823
900614
100452
351472
209594
445808
657657
190217
seven786
519497
408419
599885
41454
956857
558910
99631
807290
853138
351010
636460
267553
94703
522764
558184
592141
342914
009009
380391
33306
521488
166661
800052
898073
574926
cool!
346346
758340
244387
693726
674421
937024
685421
0993
868516
803308
26110
538835
709016
459866
198407
786511
511500
83769
286374
55405
696586
698940
835252
267729
5793
215248
074855
20174
215743
88613
747351
752015
150876
184646
670681
541255
752400
075086
black12345
417230
89866
621753
705001
youtube2009
931700
452826
713317
834262
808170
852676
454443
679800
405152
971135
20517
262053
151014
Quranpk
Movie1989
349756
933779
360140
Eagle2015
540738
475805
600468
306548
35889
745734
844734
317152
146993
750013
032780
172271
288057
113685
989219
john!
053130
690426
156442
270423
463188
751234
495726
91553
559603
645678
958518
10892
409728
626769
111848
406010
609609
925716
ali1996
90461
010736
967087
301939
Queen123456
905344
11340
679393
43407
074745
876150
589083
58219
64799
925617
081488
696102
978010
black2003
942370
101079
783750
194997
204886
473583
580921
129195
834603
079046
47502
894707
135641
865073
596310
wxr123
992321
3012
622105
47124
882134
913550
192786
92736
240075
478467
4980
372669
Black786786
112805
471735
77826
391479
560054
894190
029865
islam000
395560
048180
611743
796444
376684
062799
116391
568260
829719
727111
Paul1234
474430
917455
84539
134024
480139
002827
817311
553058
319231
567886
397078
fire2022
002695
590557
255079
656524
230736
385330
110411
756954
040304
810128
739981
508464
leah1234
207350
242121
shadow786
654049
593780
078078
487069
611259
977713
241230
193886
566566
15204
993355
657954
284482
586927
05012
585750
255244
394559
668195
213510
Ahmed000
506407
movie007
031111
25655
479028
717915
316998
Teacher77
332013
976536
602052
481789
214368
010214
xdr123
145420
608751
076032
310723
Ultra2014
714615
463254
shadow00
595991
Linux#
966812
141295
119625
271108
546040
860486
697092
150898
Final3210
324621
299167
923582
120604
25256
111551
093588
53816
482878
897193
994499
703846
358160
scarlett786
086603
93520
263087
581911
970596
966647
angel007
044033
Peshawar111
Whatsapp12345
926024
673574
87283
623546
256135
281391
225181
251086
5445
908303
806091
097790
333179
203665
625482
813956
825308
Instagram00
Demo@
132209
157905
760782
14553
187044
228063
hussain1998
697840
521400
sad123
533951
44842
9063
452628
17787
023793
469172
099825
699369
889878
182468
881518
Teacher!
69174
Chloe2008
Sana69
018436
646855
586828
604263
623513
922625
night2019
19103
56609
337249
352330
127512
682891
Passwd00
zecc
25921
810161
Ahmed111
831116
030987
777271
thomas2025
829730
833877
773036
01344
Mega!
602316
cool123
230723
716430
383306
51044
325336
945307
942931
85757
452122
240086
039809
812383
0311
952622
136257
005852
359744
john007
063481
406054
0107
251746
293964
496804
679096
485496
326700
42728
997667
697334
523215
592405
690151
69349
321002
0909
nora@
589545
122694
3723
243298
933757
paul1234
588764
57813
816541
557359
569756
31486
653202
809523
274505
19915
545391
356554
000814
316239
786500
878493
023738
382833
621291
068046
06503
668745
639221
45290
583319
079343
henry123
527637
729883
858913
347127
029645
561473
309485
290334
667205
795806
050926
omar1
417472
06041
771166
172183
350163
4608
823911
290686
172887
066902
092554
272745
68747
Islamabad00
046211
Pass1993
418440
00861
452188
937057
729245
05075
58156
wef123
earth1
542091
52731
480150
838090
081400
949663
966108
fahad22
Cool@
010723
92057
89726
022946
494582
Anna1
716705
832821
934956
Guest12
Jack2015
hina2018
90979
kevin1999
480436
93709
803781
80948
590843
284493
649935
707564
547811
530574
041547
409409
690195
948387
198374
409035
006600
6501
Black@
557777
69209
221584
485650
527263
patrick2001
23548
782749
202466
142648
iphone2018
469590
56749
458931
719752
773663
love2003
705848
330286
Morning12345
0815
220099
656183
201212
001485
010220
086416
889537
539495
513293
829708
659329
746944
186967
443168
04718
734195
579392
245014
Lion2012
51142
886039
679151
516637
658350
113608
Violet1988
097064
726385
ahmed1987
748869
axee
704330
114114
9270
393888
051090
581845
843964
297022
7155
94136
600336
908050
299299
652949
604230
973841
155463
685993
479006
829499
India2022
919963
190523
786335
491370
129514
Queen1994
742170
960773
910503
073150
011550
696839
516538
048059
6972
841214
676676
adr123
43673
999218
daniel007
678887
4821
Login1234
7350
111518
208692
Amelia123
929082
850058
586608
ten77
90776
669317
cool12345
713845
692857
901373
671935
232584
127677
3276
652894
835670
163559
289168
Imran2021
555291
47089
928961
sun12
777293
034914
106689
45381
134101
995533
658163
Five
170742
372086
985017
545655
311707
777084
65184
610005
462044
042955
645579
5718
94976
946880
667337
905773
646690
243694
450417
57554
995291
850190
599478
568634
562089
789404
166716
30842
099957
166628
110717
634436
155111
825407
841522
517275
783585
75992
452012
179707
538604
923153
76818
325402
104225
874489
386705
83216
314897
511104
31962
874049
250720
544720
854172
701294
162140
019899
960564
552354
87829
582406
262944
138600
301389
632511
19488
567578
994664
175329
934604
queen1993
639144
121231
090332
Ethan1234
592603
Lily1989
964205
011290
jason12
467445
436942
76272
713702
Linux2001
114356
270061
688490
947111
610665
baby1985
287782
032131
470162
055605
560780
947144
184668
042064
261624
421333
85841
91014
068123
913605
alexander2015
996116
859320
126797
422169
248039
424633
427284
970013
967901
186219
327954
063019
99967
437569
90153
641256
62454
855734
97118
76636
428824
Monday12345
501402
285351
93569
150323
210817
271381
437690
65604
704220
849090
270919
250173
98007
665808
super!
53529
949256
raymond2021
643005
328273
islam2005
48454
Water786
Jason1234
011704
669790
585090
283514
51366
26285
Hannah1983
326898
634997
anthony1986
448756
837452
TIGER
764852
780560
094226
845790
960025
700282
006721
448723
595331
34321
455785
50113
804232
6930
316668
324467
77924
713647
185108
512160
192720
68075
218240
784443
467797
147258
291588
404514
6504
69083
665533
304909
906125
1992
999328
950796
78050
749672
538934
928466
852665
818092
527219
College1996
957088
27405
riley@
911185
453948
354640
54068
049863
325116
530310
079145
057266
801548
313038
304381
650155
Last1995
779086
quran321
khan1993
047454
118041
737770
16877
Khan01
65345
165682
808764
070702
458667
Andrew
681483
78505
87710
453673
452870
0905
96005
305811
248303
131956
usman00
134860
373252
037840
111008
306735
623491
449746
329659
32802
860662
06888
Leah1234
806289
402864
hina2013
772750
052712
799722
709808
405009
954118
490908
875820
188914
349030
542718
134189
397518
906598
135784
515658
955031
62804
658867
529342
562309
610885
931018
637076
230923
616297
31108
019888
219912
299310
428747
517396
713020
083776
705496
409783
637164
290326
84154
865293
663784
860816
577038
963336
whatsapp12
966834
apple123
806707
248094
989890
075801
283393
Warrior1985
60214
769758
Linux1
Kevin2007
04172
871442
599610
875050
730807
189497
137940
love2025
593461
773762
869264
361251
karachi69
334730
073447
7329
527021
859540
508783
81893
696575
642554
070211
679712
863170
445742
786731
099858
Ali1
0975
28147
804144
954525
371943
635426
146344
wdr123
093687
030206
373780
Imran2022
280885
624877
661518
548427
884653
26719
790559
admin2017
316129
572176
904673
328031
169807
hello321
971366
560923
631081
754831
980034
821348
519398
933031
537724
548383
7173
54180
176935
178046
906763
86310
77588
24437
15694
75957
176308
326117
73325
0827
admin1985
923098
988812
doctor321
Hussain123456
335797
143671
985688
fatima99
034320
878944
645810
785851
020438
662442
673343
209297
338844
796488
956758
347908
500027
587917
286726
917400
397023
949003
825396
558140
14742
933284
751047
332035
993817
48188
055913
810150
935825
776204
114598
332310
535381
549725
steven2021
teacher88
003575
76216
211223
794783
95361
214247
838442
402677
527208
441210
755194
76615
07427
765501
286572
542036
093676
968594
175263
352055
dubai1995
99323
876502
516703
215314
957451
699996
727760
987052
student@
24829
168212
3378
921338
Morning22
353089
721105
tiktok321
844580
258049
03486
0303
960630
892716
14700
218658
859958
925375
47957
677237
37695
043890
889229
003311
733590
510411
460130
427790
238722
peshawar1985
736637
954371
120142
332673
247225
517209
980177
889328
096811
594957
038291
14791
778712
524150
anthony1992
273284
248149
403590
Fahad@
276749
ahmed1990
678392
170990
879450
570262
179718
730235
308528
11319
588566
918291
116281
481536
229636
4164
625383
343112
219901
819808
fahad2025
579887
057772
311214
292435
142571
student1994
934527
592834
034584
254540
624426
389345
India99
968814
953887
68390
aurora1989
304799
536448
039589
94318
31955
654390
750079
095755
023012
01302
925562
577313
773773
274890
075163
593868
972356
488785
422268
043032
Patrick1987
516329
79338
900207
572484
580569
946275
637659
multan77
300927
danish69
742555
337238
774389
204820
64050
884620
52738
84819
wind1
350757
487333
129305
461406
776699
142604
488851
158994
072237
390269
077132
921404
557392
2682
04634
035145
Guest2022
802835
905443
561869
470272
734635
0512
326524
973247
660913
grace123
280753
353562
8466
042097
leah2026
43232
438218
641410
370799
388322
325754
dragon000
969331
092400
785433
010708
636086
122705
303919
162844
272514
336094
391501
Guest007
409519
919743
Tiger1
108240
93527
646811
118349
53438
99547
7725
985061
344036
480920
319913
290317
869715
Angel00
64428
896907
31619
170796
106678
26383
223190
920029
333883
95326
977427
90097
54656
165253
513304
341352
257796
864534
711832
214258
888393
779482
286682
438196
031086
575135
6612
482581
user2002
990957
913066
773498
250693
957616
665973
10717
039413
280280
604747
Cool1996
907170
311454
User01
109934
483725
344905
683573
272063
318285
278839
17381
408265
116270
27874
378488
401093
050893
849662
966031
722205
295482
927564
173701
491887
495330
56252
119966
376640
187495
187539
249194
486189
Justin2017
25347
24850
077781
2934
203434
198506
Saima1988
ethan2026
07756
973973
871882
Pass1982
104533
095590
154264
506704
886666
507672
327987
409959
468688
637230
0945
158169
475354
029304
194304
05285
357082
02247
410784
836264
569580
434764
128128
612095
5796
576180
792429
635140
613140
307659
724383
033737
Emma!
831930
333278
240999
886710
Emma1989
923483
363407
242704
45934
186054
970068
Peshawar!
qur4n123
860156
477532
964337
825341
291753
096635
961818
819016
150408
266959
997227
431783
03094
118371
Blue1980
633897
222915
361471
42581
Queen321
655556
596222
281666
774147
252725
316789
145849
64680
448668
139920
035288
925892
292908
652883
452980
181126
562518
76510
028193
095931
161403
463089
8055
683617
983620
037092
225137
664180
robert1234
880891
984126
ten1996
569965
580052
914463
547998
667986
670318
11865
372768
852203
58744
813648
299937
64617
566412
56826
404030
369138
534501
897787
968429
619091
044550
132319
21070
682902
556930
login01
763565
580965
472032
081092
passwd88
676709
876744
earth786
570779
58436
669955
344938
543059
325193
939543
903859
801328
434049
94416
476894
932008
209638
686466
094941
276067
883443
558107
070334
33236
91168
408771
498740
071412
488917
458425
251790
554015
85687
069410
883256
Lahore786
392997
040447
955636
517451
842050
348183
165935
377212
764885
82236
6735
Samuel2015
563475
466301
057970
288783
630960
11606
619520
907929
513711
040491
042504
491161
531828
3183
90454
527395
630476
217382
855118
210299
407187
476410
594594
723591
74270
90223
356400
88165
513403
046849
147378
848639
957066
739112
177892
407781
bluepk
52318
829334
506737
152361
82978
009812
752873
789481
Seven2004
37184
022726
08358
19432
20398
058366
86506
qds123
575355
451781
558712
294547
94122
636658
789195
432487
323213
kali01
588841
133507
465421
Muslim2003
571582
206987
59983
035728
429616
59374
144122
595980
384076
149402
745305
497794
455345
457644
278982
295669
851345
963424
518639
0759
258016
529661
659934
787556
649957
queen2010
612689
997392
212003
652036
652278
206701
847033
892331
603262
960014
293315
194645
095656
175406
271014
107723
985424
839168
903012
399498
150040
631675
Noah1234
558547
67886
248809
35406
164329
89663
471856
338360
308143
651871
275176
First12345
010747
922966
allah1234
33152
771738
892562
108702
694749
861553
082830
281248
712129
296131
Thousand786786
238480
99281
873862
149116
792165
374913
214533
005115
848848
251691
125576
087604
923285
367719
780725
98511
982938
728376
046255
678425
982663
841786
779438
735130
173459
371789
619542
733634
390819
223113
839289
6381
Multan00
306284
772431
569602
Anthony007
71918
746218
563508
913935
2652
849332
340142
violet123
mul74n123
125499
499675
57148
246213
690987
321970
704715
12145
303512
122925
16247
200277
610511
319891
42714
Daniel1986
897391
745690
956329
979660
124388
588214
465168
030239
026906
267234
781913
855261
836506
627264
67809
538329
216546
615659
09401
976184
360613
225159
192159
641432
13034
69958
13286
205403
736175
937013
33908
143902
920326
276100
665687
Sana2009
626560
sana2000
621423
Layla2026
538593
827486
829862
384615
672166
596431
451308
622336
826188
India1990
78750
495979
879912
hazel1998
714153
499697
155826
338624
06132
594990
008030
299761
213774
807268
43253
887205
69412
354343
95179
929742
830203
101871
666589
97342
18046
860750
683232
246268
828751
70777
501171
8943
71113
160259
817454
1830
142538
11326
275220
006952
751421
801064
995236
297869
060027
fahad786
718542
729388
686774
75691
445379
360877
692648
699633
13069
12880
355135
17227
851015
252076
271011
456335
218273
70455
487025
903705
199969
265441
509223
887964
184789
827992
061061
seven786786
270391
500698
266508
797753
Mark007
116358
68999
965206
xddd
235092
996919
160358
206382
017754
507991
21994
0594
991947
845427
553399
678678
866646
499895
024750
first01
226380
287034
681175
411972
871541
880099
081532
595639
805222
623700
354156
546601
099506
964436
264396
485727
482570
Chloe1999
004873
590040
119009
079189
511049
468809
110126
103400
613437
701954
lahore1982
lion1992
020471
826771
1791
Hazel2007
535557
33803
9465
39718
432168
528869
306614
185152
690415
639749
388234
809490
141064
45703
480579
023881
045254
869649
259083
240174
4140
0221
68061
942491
250558
405449
744018
155034
939136
148731
228844
795718
695893
46984
291302
148995
845735
310508
523270
761266
440176
887227
534897
486959
36974
Movie786
934626
230384
stephen!
767448
243529
quran1998
034001
sana1
874467
526603
819170
848265
687104
006897
510620
959376
Youtube2020
Wolf111
71540
831809
278707
854117
585013
885401
01722
558327
521840
473561
6291
925309
056617
743292
787402
bhatti2004
744403
704770
98945
228206
jack2000
629508
895466
931249
869297
Baby000
808423
200387
284548
225115
013508
45122
594385
Music000
304425
847297
396990
778756
634117
573562
792792
344993
163768
71988
666864
647152
075889
noah2021
36379
887128
387024
025751
687236
347468
023804
210848
65772
280621
185735
000726
473110
36470
6318
607596
792737
469975
80521
787710
942425
451594
539462
324951
star01
Blackpk
346687
503404
529584
874830
227777
416053
607167
Engineer1989
704275
568601
143935
21588
Ultra01
2325
hamza000
293150
05768
Raja00
998426
055638
337227
507595
145761
815012
675961
557865
Qwerty321
191345
final1
361680
Root69
150602
029986
488279
660616
041206
854601
689458
534336
023001
264352
059950
axss
Khanpk
48944
78673
120065
694551
551507
710622
139975
666358
38787
488158
219109
640464
573826
665082
865722
78449
803924
40047
9942
98686
65758
513337
january321
43323
99764
423555
739255
374880
735317
63091
651530
483384
five
633259
207119
164197
Ahmedpk
School#
138358
149072
472648
378345
52759
703076
39445
278751
Whatsapp123456
288915
62762
qde123
222178
48818
792825
735097
030911
27832
385693
534270
023540
669482
911273
145629
072908
425227
903694
841709
169818
688534
Google2000
BLUE
054208
66052
509817
163306
822932
896269
492503
79464
933900
Multan123456
168806
516186
713735
532565
518683
280676
486530
118393
355091
304876
330726
101189
691273
277002
426360
lahore@
801823
629673
943481
Three2023
116215
839135
340417
411455
937618
183535
745646
326920
108834
615967
496716
279917
298771
429880
247038
00518
013915
416537
195734
89817
634348
250602
082962
028303
134552
173954
792924
954767
044352
60606
744854
angel2026
659032
192852
07707
257972
491546
Ryan2020
ultra22
847385
jacob2012
585860
651772
039644
32165
578677
93366
410872
220979
261657
747659
5ch00l1
637912
012254
275671
Elizabeth2026
892386
452023
33859
105457
227986
186362
125345
477356
743996
607068
732292
997656
624701
340384
129734
969188
478940
111694
638473
603658
877800
hamza123456
200959
912791
9468
510158
080663
12488
911537
757625
766678
318274
Bhatti22
18326
358314
252406
Morning00
91917
491557
640321
954756
35560
449812
437998
407880
990275
946957
589413
fire99
2664
304073
013904
558338
183304
512523
15386
208780
143836
danish1
239206
0669
880495
990847
hundred22
743501
001903
52024
128216
112046
975172
71974
940005
531080
instagram321
46312
241571
925452
029051
085437
998503
Asdfpk
9165
803066
344828
53116
Monday1986
6210
484176
319814
67438
484627
386111
Fahad007
613206
614768
49931
689656
226182
928323
213070
525019
500709
563519
486893
198627
550627
50729
665500
673497
96740
62629
543840
213851
33173
079464
guest321
743798
Secret2006
965041
051216
32921
909799
059389
941600
42455
336149
216997
680350
863467
780868
qatarpk
928917
723635
589534
dark2017
240064
598301
208571
000693
light786
854821
925980
202455
519574
230199
103763
48104
029172
847847
thousand1981
84413
939851
6255
414216
717728
953931
853567
944592
692846
39466
118811
603757
582769
995269
668514
250711
454619
66290
319583
609103
178178
038247
381645
hazel1988
526922
209792
372174
425183
575960
Ninja007
riley!
605264
397221
159214
315788
564058
40138
Tiktok1994
688633
286286
339669
393448
154165
493900
802296
374825
7383
59591
763026
333718
270402
050614
442255
217437
693770
068981
522500
050120
752268
430188
249018
2286
380512
078705
489148
505472
446281
Windows88
7311
855855
645744
James
976756
836880
357742
760947
790185
949608
79443
102168
173888
17003
3101
Monday1985
428285
311718
01946
497255
104126
217360
392887
765215
0910
53683
153241
745679
Eagle123456
59031
763444
523776
494131
639980
481074
851279
70231
165385
251955
290158
wsd123
980529
83706
587719
983147
253143
192423
861817
711843
429858
180147
6429
209957
232595
949223
454036
115181
42763
277101
288662
601106
769142
097031
628056
808203
148962
200706
Last1997
988251
183645
Andrew2009
692813
671979
913814
Harper1999
501347
527670
937673
189057
82453
899723
368709
730708
866162
130326
33145
539748
9885
549945
195217
480073
365772
924000
141251
817509
075878
asdf1993
617650
701998
824120
646877
312158
082852
573848
16513
190911
2181
803165
796917
691031
633017
866327
254320
030417
970915
34972
780043
723767
792770
821414
adff
955867
725659
783244
515229
585673
632456
24339
468006
338008
001265
67739
384065
191213
862708
154891
391765
640156
34531
Kali1985
436227
311047
212707
646426
169587
750442
8238
043054
115687
575828
23534
554301
615846
168586
74760
08995
279202
860937
143033
359953
007183
king
507760
606694
omar@
939059
405350
571890
618497
987360
42819
363902
964469
324676
1377
696652
61320
131582
Play1987
519937
30233
57176
29883
574365
192038
207724
Shadow2013
25641
505373
756426
686169
667854
233695
214434
523963
296582
152922
946528
654544
013651
781704
374132
643852
815254
504823
822679
482504
776710
Asdf99
605374
115137
507210
459624
shadow88
008052
208879
Jonathan2023
694023
60361
010582
024244
360943
134904
Steven1990
890472
959068
033473
Last22
414744
785323
976514
237446
228866
201652
956065
071863
356290
351307
03850
017116
687225
395252
229757
718223
410443
220990
427009
965272
301961
996215
school1997
Christopher1998
753148
862873
990352
320595
914408
346841
195481
036960
384252
731280
580910
695596
478335
445896
440836
374891
121308
896159
08386
eagle1984
698214
324423
play1234
308649
106810
249183
644743
092488
831325
79828
987096
502337
Ali2003
091817
268422
ali123
499037
50428
244332
051029
66955
064834
693286
red2000
Greenpk
926816
325897
260458
allah2022
971927
948365
551089
64645
433818
8667
381084
910481
873092
599467
695200
922119
419441
apple1985
318065
341935
087164
2303
578842
716001
436337
436590
85995
205843
347380
314655
638737
246983
013002
312125
701492
maya1234
241483
372449
670384
82649
518133
809512
758461
022033
396957
581009
457105
528066
279125
5865
500830
918599
817773
44555
25662
091256
924011
461252
710732
649583
745173
Baby1992
727309
785334
134772
963633
29281
283657
106986
515339
314303
192302
835846
101145
284845
412401
296175
046750
89586
813791
352693
794453
121594
03570
190201
80906
745371
061457
978153
209726
952171
25711
479391
496529
091201
835021
25914
572517
687764
118778
61474
510070
123508
796422
975414
366465
358710
719532
109857
21182
923824
339944
829224
391831
343453
774554
013849
Light007
917587
020658
986447
988713
80619
Peshawar321
267003
743974
23793
531509
One@
609092
554961
792847
902319
366014
Thousand007
656964
126423
654192
135278
808269
381392
547569
42805
757284
0294
03066
882805
18970
164362
240944
719433
116842
091299
196262
962346
891198
405713
Jonathan1997
367818
950587
798479
37338
892452
473616
449647
661023
7530
47110
736032
116897
Quran1998
351791
77798
616242
145266
9216
987250
834229
982586
556666
736010
527186
030712
772398
5349
264638
6897
hassan2006
647647
095623
564960
185702
207988
James123
263736
59766
five321
835659
One2000
220198
259116
148621
907995
649407
450901
050811
335269
129701
685938
039600
770770
756228
113421
499301
57729
738243
287595
977471
842875
083413
301972
74207
720412
282744
044605
942788
197505
120956
356169
678128
200068
Zainab2015
130123
490688
856196
22225
67858
warrior!
58800
44723
742885
37380
397331
491832
23702
647548
224224
537009
107888
091146
0486
159841
846032
qwd123
982619
888503
837078
355223
620136
271249
374352
882167
507122
301323
14819
967758
892573
405042
58086
949828
139183
773003
732908
887865
742236
907478
821172
994906
113905
320353
680207
165418
771848
Two1997
943624
466752
436502
805046
620147
550946
51674
Hundred12345
788249
726528
908644
656557
757647
58058
312345
707465
588291
149039
15463
2928
934241
149248
zde123
30240
356037
067727
72604
597432
Mia2008
303347
351384
396099
blue22
604384
144815
336985
david2024
076846
942007
923472
863797
552750
452947
919094
057508
349261
06944
197912
584177
276914
bhatti99
599071
721292
353408
1542
531542
039105
395769
024695
morning01
635239
12579
746966
lion88
lahore!
549483
025663
370040
332871
67368
895169
red
jack2017
753896
093434
3354
358446
866921
685905
75194
438768
317812
801306
674234
771969
820996
168718
967923
070296
149633
0891
82754
Eagle2000
9267
807609
712987
925672
23163
1203
33481
961741
808038
8532
star1993
594088
2913
355014
553267
6885
782782
368764
288442
032120
65317
138633
838728
Night01
357984
Google12
morning1995
247302
374099
76552
050411
57960
473176
17017
102245
Fire2009
068695
2742
128282
544203
588753
633050
Night2024
518749
348271
zad123
549626
14497
029920
278476
002178
290070
654599
436920
117535
master#
81074
001188
610940
31423
384714
137819
247093
8688
3057
781957
729861
359106
134761
819115
240757
453442
214225
468215
813274
442464
719334
326601
94101
Ultra2012
806146
794321
322003
687709
720665
722590
470635
harper2025
899668
318780
Justin1234
dark1234
Engineer12345
586872
521213
936199
455169
272052
804518
310772
Chloe1
635602
507947
241175
sophia@
Sophia1234
33110
Tiger321
500973
Pakistan22
268587
439175
829895
226820
Shadow99
620466
686983
073865
751476
Thousand1
010923
85204
311014
329417
785950
71883
68019
linux1985
03122
Imran123456
82488
361845
080685
893992
934230
16737
837122
330396
180356
018095
895686
370722
651123
603801
395516
451407
984192
267300
921008
113729
579975
Iphone77
494802
972290
347842
278872
923549
949366
921921
88431
0492
356466
591910
49189
161590
656425
733909
317482
229064
133287
571065
700557
390082
298606
151196
104082
385253
841203
5919
380886
one2004
paul123
826419
297033
820600
335819
734459
998580
b4by123
377080
090411
653609
144056
four1997
019151
593626
897644
507309
Lahore2000
588401
32277
775148
hello1998
159665
866074
60186
531564
636977
386881
040260
919710
474353
452287
520872
4791
763840
663707
912131
590161
592482
428769
ethan
755590
58520
643093
561429
716914
movie1988
008316
133947
531520
Karachi123456
412742
380479
091487
954349
038720
814847
080806
895114
552090
862917
362747
33831
384527
878669
6441
863599
59332
937233
Hassan007
951478
182886
071293
955009
649572
9744
three2023
72471
553784
319220
074910
043747
114323
502645
455246
306669
50708
323752
102102
834922
532532
99498
845603
college786786
37450
942920
24094
878647
298342
375254
977702
743325
260623
274384
884345
002387
585398
4167
09863
771518
10920
525250
131293
004510
030311
48986
eric2005
895774
8703
219120
441012
32375
903056
991155
110704
636526
232881
436073
551364
074668
769538
825561
user!
90727
396165
2307
050831
105094
169455
117711
083677
435204
379786
244035
love2012
798039
Morning1990
822151
759066
52626
170720
085811
76076
Khan3210
416350
627891
599324
498861
000880
312411
467830
224873
Wolf2013
500291
379137
397683
233222
702328
970222
114477
825176
771078
454509
201784
81424
109571
52619
753390
802406
801955
902220
961037
077627
512424
005137
74424
India77
834889
855404
10283
755183
540760
1521
patrick@
7875
061413
495066
356202
47033
96411
862686
930105
429693
298122
ryan1
743061
53067
57540
044737
9102
382283
3135
393767
972928
055957
570361
881881
bilal1
270920
193237
665016
581240
981750
010396
278883
45542
119592
08519
739189
127820
102432
118272
926112
393019
837034
040227
02128
853413
726825
755920
6867
993487
66668
591448
915024
401280
497464
009262
36225
907456
017479
733183
079739
632995
45724
888613
545644
494780
038753
908028
870397
824043
044440
19957
430892
801867
45591
467236
973170
690283
399927
943514
Asdf321
873246
Apple1994
21742
650188
196702
914496
iphone1996
613096
427933
747450
7461
951830
087956
753797
94213
284889
167662
two786786
58254
552497
Light111
9183
904497
133595
085657
848980
825671
418495
93639
37723
218251
20195
075933
558569
089485
94794
724823
90881
485463
204655
272085
996501
Brian1981
080916
798160
617617
359656
52094
first2010
142813
420266
Scarlett
953007
30737
650562
489511
689491
649825
048290
99302
102641
77231
551386
165341
94808
684310
070320
149413
908567
698115
210411
938322
641509
09576
634843
48314
wolf#
000649
81907
895345
422323
961147
655083
043153
Danish321
071522
140261
485408
mary2025
King786786
764874
070422
250151
824736
553355
889075
092356
5346
709984
51828
141999
07588
806454
963149
441166
03031
008525
Samsung007
286066
66717
972620
137313
752521
716551
732886
822360
054791
963039
145057
989912
296857
171020
785268
394922
Lily1
543433
229449
0112
58464
703054
85288
949322
06685
587411
001727
845537
169422
21000
Queen99
5112
533995
763213
125807
Brian2009
066627
433037
625350
87654
106634
92764
434555
olivia1983
773608
074767
471944
408155
010076
Wind111
101629
608575
Iphone111
17465
921547
509982
249051
174141
Welcome2007
220495
Alexander@
Police786786
162811
210617
691020
31542
417604
051084
280126
837892
786126
699314
69160
986458
512765
095392
96299
956703
890615
465630
Student12
522456
837177
022077
525217
814132
880803
986139
370139
087186
731060
Lucy2018
Hina
112992
422730
873488
310490
065758
126511
237435
390181
906191
27685
201894
681351
99225
782452
root1234
36813
659648
99834
107613
2655
Hundred3210
418242
935737
391369
435138
099385
939015
319517
229966
877767
835791
796301
213433
459360
602008
092719
520883
442629
679360
463210
328845
804243
824494
62594
170417
276012
665236
488499
532697
181346
790713
002761
75803
036168
602162
366399
David007
507452
291236
874335
88669
602833
597663
964931
338998
68418
395923
250118
86100
383185
477620
482493
73213
209748
120747
554136
856141
967219
7512
Grace1
doctor786
324489
brian@
zef123
067364
266431
861608
848023
598961
366025
782606
50820
958012
071192
897479
Raja2011
441628
069960
117502
077715
794508
025091
335445
985083
129987
121440
swdd
343607
29869
86359
215688
386529
516835
710050
8160
279477
05635
Moon2001
46424
335137
354794
304590
573870
906851
860442
141449
481514
258214
62433
695981
661496
0378
758648
Hina123456
303325
403502
015488
339856
151580
zse123
006314
wolfpk
213004
609961
733315
610170
53221
Tiktok!
349657
1307
336523
moon12345
05593
433873
179850
393811
784212
768977
17143
510565
904354
65457
werr
092598
175362
750167
Imran2005
092851
371690
684046
869110
858946
365222
019580
58877
061160
942161
826166
462748
093742
467544
083336
223553
010423
164912
64694
747802
354332
823801
591987
513414
505549
030723
216810
Morning#
416493
apple77
771672
6450
069509
624217
564256
495198
275154
503591
060258
530156
851939
29197
322630
966086
740080
975029
744843
256454
queen1
815947
22743
seven00
90020
396484
423346
24409
755733
51576
574882
213730
678590
70315
021967
959431
001771
0777
343585
110121
160325
324291
226402
261789
dragon@
302907
411983
296417
440418
first321
51317
944405
318098
843722
047080
342958
08792
33530
443718
096602
624734
956934
king12345
422136
111254
Raja3210
576367
958815
512270
163537
387992
663872
924748
879989
618717
233112
88578
172414
966053
andrew1234
017589
610280
624107
694892
333168
521224
047564
004389
400785
752466
620213
521147
905388
640112
337590
168509
605891
6285
284130
407264
274439
958133
85372
586498
722909
64092
631444
204996
90195
925111
11032
262306
723415
040436
police@
630036
985809
439329
Star111
850366
297682
292589
248886
180224
841247
354057
008129
157003
97328
311817
915079
danish2016
453629
66577
754380
61957
Nora
139590
903837
486706
523039
291313
053295
40957
201157
995698
022209
496518
002651
235961
351483
714164
04746
790152
093995
904585
661133
morning2004
788942
565840
205084
251614
709170
017127
26768
51016
972818
816662
751652
066957
416669
412434
075141
023342
redpk
5436
469821
406736
652212
1143
027368
337623
405097
757130
User@
King69
559801
211629
2565
096019
984852
whatsapp00
478434
72324
453893
30856
690580
Lion1234
183051
883278
277596
120813
663641
728739
28070
843315
555049
533786
762740
20209
629035
kali2003
878361
416141
37037
676522
833173
16191
891440
8148
936177
94717
738914
455202
343321
73157
545083
Dragon1981
941941
xxs123
911163
933020
159577
james2006
715726
281644
092015
139909
739035
775918
791505
529397
43554
003696
821293
996677
564080
747406
451671
988636
877217
895411
987877
853963
155749
542410
755095
332134
hamza
Quran123
20097
989626
408969
34433
4422
313588
693231
68299
170104
310802
956670
562188
990990
177749
419364
18837
614889
883663
cool#
18676
171402
038786
870738
018150
406120
822261
6189
108614
120659
618684
Night22
395681
359623
588973
810271
65660
898821
78904
819698
596629
479490
585255
332002
71603
942568
976690
632500
007766
311630
630025
880847
683716
mary1981
968407
userpk
554378
Islamabad
263010
tiktok22
489808
32550
306779
38458
62489
171292
174724
030118
966702
88207
988064
856053
050512
048268
353001
278531
490732
212476
190605
062832
447403
apple
986799
885907
04844
94885
248105
190726
517902
535403
561605
135553
Eric1994
903100
791637
689139
157234
895543
177496
358721
603273
302984
679206
343849
168091
89019
42189
islamabad2022
264715
640651
859166
Islamabad88
389741
15232
238414
853556
947023
Y0u7ub31
621577
289652
009031
104258
835868
999647
692890
211420
18683
412467
49287
946715
61761
343596
449031
745151
484132
29834
810414
992431
247181
instagram2009
797533
8295
228668
Hundred123
754347
690437
81676
629684
657866
kali321
424204
059543
538560
589919
220726
225335
3393
944471
166727
927388
372955
439802
8592
863720
575432
751795
042680
59108
414150
637714
335962
463298
seven!
934208
748209
238788
960751
867614
820754
030866
57918
040106
031438
535161
583484
887271
433796
85155
536096
george
772266
668998
216513
007117
103631
812438
147620
490974
adam1991
83573
701558
Ten1996
338976
433488
713031
45920
windows01
358963
143660
291511
115907
105963
992882
050899
layla786
249733
019701
704792
003564
791296
Multan99
742368
905476
921833
454168
686521
444587
126610
471603
357544
14672
376354
75642
90104
541079
413413
570603
272723
874346
924869
5up3r1
045012
845273
774928
358853
126016
335764
lion111
583781
932404
15638
896522
13027
219175
324742
106293
090620
616715
691658
949520
943602
766238
226743
368742
34118
962049
180697
151954
12411
466906
770572
537405
582197
90930
634546
410641
994147
290611
497618
428846
390445
089980
310714
847836
792495
783024
28210
804441
519651
omar
460603
12187
830907
496089
january007
887755
30114
889669
129052
youtube2007
373912
671099
229163
283426
895994
42616
238271
884807
597080
048510
697829
309298
27510
998382
72184
385957
01211
31451
Login2000
286484
437492
778932
adam1
354134
83160
007018
aaee
75061
Coolpk
838134
967736
861069
93653
765556
644094
466950
876381
437800
675026
36547
058135
Layla786
John@
867878
450659
101178
831996
483670
115555
saima2013
965074
161238
Fatima2007
Kali99
021296
17997
98154
passwd123
866833
235532
802714
982751
9795
876183
492833
Master1996
255926
176869
840576
413633
853743
067914
773234
739321
482229
283360
90426
767657
518177
572297
045650
536239
389576
399025
65443
012133
842534
051678
teacher2010
825352
986689
057222
473429
369842
020174
621456
963358
009251
206679
994697
042911
990407
097163
372130
3573
848331
953172
713152
772475
965888
802439
241835
334829
121044
545721
69601
467302
47061
432212
anna1995
699864
59941
978241
khan1995
zainab123456
581416
998283
624888
928213
308616
640057
684860
815001
106645
363473
591800
443619
309727
826254
988042
641806
950741
884763
117106
310585
535183
863137
965910
Baby1991
368577
333971
226985
181203
Hussain@
363682
92897
373692
083919
doctor69
218614
033440
09086
032593
486860
418704
599797
354178
972972
Lion12
173558
42105
028501
770484
361185
641575
618277
124113
961576
Karachi@
246950
910470
566467
671374
873290
672848
365937
276507
519827
836462
031208
151921
69398
shah007
954283
570636
667425
457358
675323
081257
582527
fatimapk
30128
login!
003333
Dubai
382360
543928
445588
661287
450516
546953
563816
845130
07133
475387
66192
324192
360371
Engineer123456
794992
771991
119427
193820
812218
458964
552508
79436
026455
531762
854238
424996
final000
678700
77063
185207
270123
572275
430441
24514
370568
303611
611644
638792
green1984
778459
900603
447997
eagle1
765435
743182
514624
88032
039853
611952
626065
820072
52577
172238
828157
Night00
885577
74501
wolf00
677358
victoria2004
804265
606837
226204
821491
486948
814000
874478
216557
allah123
545149
196922
403678
33796
310917
673178
55286
389389
764973
893772
60858
120582
029491
272998
107008
48230
859144
010517
092609
035310
908226
083490
638517
160380
102938
99204
322806
886985
908798
222376
725087
779218
004180
784410
0522
40677
321057
01414
326766
84105
535128
950455
49462
275473
475860
709104
099902
281974
050708
046090
680834
86163
950851
289564
321277
773014
130779
253572
918423
531740
626439
06377
561011
313841
741279
895565
528506
670857
637120
244838
041008
168575
761277
8091
446732
57876
movie69
725516
883487
248479
Quran111
117073
020669
024101
24843
939235
28651
350339
610764
309804
525173
508673
589127
92848
084843
363088
396308
886270
040249
860409
085712
64414
154561
737462
768229
68236
502216
383614
77224
427625
hannah1998
282447
554554
296538
532037
4101
094798
Riley
46179
721083
04697
602932
393525
710259
770396
526812
169499
301653
17766
189717
362571
827574
91154
347864
4461
556435
455455
923296
27538
500159
091432
245124
Movie2016
045848
859364
447249
070602
612469
489434
286528
youtube@
162723
022847
67340
470206
678381
860607
543983
681857
244684
694507
624250
053284
332728
2817
83622
337106
35203
763587
2710
94108
890450
439714
215446
998877
163658
202697
14539
password000
37065
267377
548108
Night2020
931436
385275
782617
633039
360745
626923
65240
315590
447678
84588
273251
3735
31528
249249
807631
064922
29687
229306
594077
359733
75054
046629
691647
336589
281479
502139
627693
046200
971234
964480
966328
158664
342892
484803
915992
56910
538791
745624
912769
930611
460460
8292
203038
teacher!
467082
122903
Iphone1992
354420
984434
343893
9054
050886
428186
518881
Ethan
162800
804221
100727
First77
556050
987217
712030
664510
280016
kevin1234
632170
388377
623117
440209
170299
640673
170196
505230
NIGHT
569701
111650
485034
040381
87801
767338
851048
887238
222420
James@
943536
858308
111749
600347
385770
24304
84259
656447
468996
566808
378895
025850
64393
760309
595243
Test1987
admin000
634777
10304
368555
829994
First1
495385
980936
150007
594011
291123
529254
544280
948398
804177
322927
782595
561077
762586
5679
384758
87199
227524
green
54593
918775
782947
661166
722744
692560
861025
971762
48573
323697
495506
190355
971047
539297
779427
hamza77
581053
686224
496221
495847
817894
15036
774598
715506
214632
035112
007623
958980
ssc123
288156
959222
10899
702746
472131
292721
usman111
063734
382569
850157
51247
615054
angel786
429341
053944
19922
College1995
079552
29078
863181
575938
74739
709973
001870
07546
292303
860288
038269
077880
447810
Secret1998
210705
328724
737099
767151
blue2008
618926
777491
73472
198836
222662
155023
frank007
203412
699105
974270
682099
652564
336006
743193
69111
236742
246664
11249
962203
635437
Wind2002
373747
167970
862378
16380
684728
614306
246774
427746
706035
545809
097504
779339
553586
94017
921459
924737
075691
758043
149600
559119
805123
475761
151360
342441
637868
433917
834526
820424
16856
011352
600787
11655
460097
612447
893486
809303
90405
6069
692241
05901
260293
270420
Tiktok
024453
014058
798215
616495
bhatti2008
820864
926695
038478
118316
602657
915409
111397
003938
01505
371932
879978
402204
290103
610566
linux!
828300
887733
689073
709434
018172
626549
564839
6570
995731
472593
edward1991
539121
005984
5100
002442
975612
050802
963787
063184
120153
257389
659230
039864
666171
Imran12
948959
083204
Root!
203951
328438
284867
789965
084051
064031
81333
463419
473968
505527
098329
085877
hello2024
273031
307890
943195
210694
7038
651486
3435
310608
646734
598026
193567
24731
three@
13398
Morning69
298012
147774
824571
940566
037554
230614
664169
420156
fatima000
468578
college321
240735
823471
955933
259402
991683
John12
440099
649902
013695
539649
83328
974072
731005
752609
303787
75481
17941
290523
linux@
60123
wolf@
hussain77
13426
076131
340538
298804
741884
882013
872443
857098
248853
953557
khan12
110493
978219
38206
050138
61558
274549
0709
732699
208538
520729
592075
478753
936364
824846
901802
00875
051491
206316
Lion1986
079057
926673
431068
664224
691306
298639
881342
878075
994576
234223
166441
04074
76832
451396
629959
704803
255761
720038
109747
629640
989406
629970
Light01
094974
542498
914815
268455
204556
6378
518606
311003
993751
693638
86184
175241
88865
403612
034474
116688
60081
Cool1
565796
9732
matthew
442992
299090
724999
Usman01
084194
448899
0645
771782
islamabad3210
084381
35707
13860
889999
426448
237391
570207
307197
632940
199628
27307
927190
70287
084865
03164
337029
021615
24010
24451
776864
437745
601370
473605
419991
987283
awcc
110539
34412
323851
272151
017886
671957
977295
653312
39137
526856
195129
174790
475365
828575
502568
381216
210502
806245
929654
518397
680526
014894
522566
471570
900493
025487
244915
303435
37317
10003
961829
32809
020229
313808
176891
757361
01617
272822
544610
023309
712943
289333
130623
asdf1234
699435
280775
222508
161304
412335
395241
055198
453123
992035
180906
706475
111474
257246
422884
Moon88
385583
285967
admin@123
927608
714252
826903
743655
857428
43568
909975
197373
470173
458139
Green88
783233
741642
989758
947496
Admin2017
284691
793628
419331
948420
loginpk
899844
454454
270717
463848
623898
855943
1659
503547
298573
202818
683320
600160
759946
39354
828674
414161
583550
wec123
348458
815936
693539
812405
76930
811712
811910
709951
muslim111
050593
99890
219516
569712
228800
74382
946033
532015
899525
638055
782298
67823
012364
63364
07658
43813
269896
358292
944647
146487
105523
761013
203852
doctor12
105842
846428
688820
5649
49455
hina000
453761
547503
03976
568568
75796
474760
656029
515724
Hina1
728233
012089
387332
519376
081851
194788
love!
621203
170220
813197
070235
522313
Maryam2013
43169
Noah1987
119229
Wind123456
162635
737110
568007
208978
278949
075724
472846
210514
622919
296813
824879
Khan2024
Andrew1
351208
594198
268664
4941
632357
405735
643082
408837
16772
419397
2349
238447
891880
wolf321
437921
921426
Water1234
199353
81270
367015
248919
37513
95025
34909
49896
518991
385990
28462
113300
990154
737242
207317
087703
742852
408199
777975
music12
46459
493559
15344
753346
560153
363891
allah000
416086
wind2005
first1993
289157
949069
976162
063305
842963
379159
880704
900900
403458
614757
45983
199562
952688
826221
303765
12712
863819
67935
Morning1995
804650
800393
648406
285153
66619
639265
597388
320661
764742
573727
495418
12019
92008
808258
898942
387475
575575
457314
602393
431860
623931
856020
825231
279532
51786
pakistan1980
815672
012243
187308
041855
250326
07882
809226
929038
482196
568964
080421
97552
559108
maya123
662838
130114
Ultra007
905234
john123
183062
729289
989131
342320
163218
7971
726484
951104
503789
36421
362450
436513
Sana2018
january2016
793672
755348
128150
hussain786786
49798
022605
7974
796884
025047
574959
433499
741565
2454
010614
400631
677677
531058
030085
57855
990286
597344
767063
643181
498674
2064
676786
233189
149897
397122
050317
956692
Doctor000
813505
khan1
230599
692252
001991
409332
59444
490952
43001
richard1980
708136
615109
370898
27909
920249
965613
480667
448778
280731
622237
697785
746075
217833
43120
290190
816915
510873
passpk
694276
956296
718993
200442
zainab321
545490
239195
314127
051601
angel123456
523875
17458
108229
769274
7515
99610
40278
109263
097625
655787
597311
622875
847506
Baby786
42959
890054
564190
905520
570009
624591
ninja2005
zainab2009
930479
677710
891187
981442
28245
05964
701239
973258
465663
24185
12040
955339
892980
972004
731016
785202
293535
531454
84511
458172
603746
999372
75208
87136
911438
019965
358699
312906
372988
water786786
410278
421245
User2001
411114
049335
37996
804771
006435
127699
501655
75131
610533
643060
596541
051105
312477
417780
066814
766249
983356
56455
93373
98728
619960
854557
537823
433697
565587
693154
604428
28385
398882
Star1
Samsung1980
202059
158059
156937
282062
627660
235664
664829
062480
580250
dragon2010
201751
677886
270308
425040
fire!
20293
261360
163361
9003
296516
Mark2000
449482
591129
787457
155045
010526
366234
905971
Layla1991
834713
497475
011099
529848
002431
sscc
368676
84938
093214
322157
054054
544016
010123
78155
750585
159830
872146
009064
445819
708554
Pakistan1985
528594
1719
825264
797940
904574
956373
10430
012870
046651
726704
952248
376937
872982
56147
601315
49903
847275
63455
680702
085723
43827
Star2026
173602
576488
757878
617276
027357
994521
929544
461890
420761
682066
444400
207581
753302
221144
492096
283899
218746
892419
413259
wdc123
76958
466631
940929
Music1996
063096
374748
054472
372790
140624
70910
73612
465652
232232
17948
971421
605209
116677
404404
455356
003850
741576
260018
asdf000
338756
Night1
2037
863247
381975
106106
95837
961136
606276
043857
429924
111804
669339
800635
079310
394669
056749
159588
450164
steven1
021725
358798
966075
088187
02156
48776
70574
913396
Joshua
115368
934824
977900
145332
811503
319099
550594
876337
419815
131637
20664
690107
Victoria123
984104
127226
271788
003806
469535
305646
323422
482328
044990
78001
09912
996952
queen1992
431915
sophia1
682759
59584
615428
365431
577588
622611
721369
555676
307285
887315
093555
password111
596200
Login1993
319561
171556
376233
603130
669405
954668
Stephen
155485
284152
428681
347479
050193
26572
ultra@
0713
743534
Thomas2004
9831
428879
332354
03941
643159
77084
850399
040414
274406
14609
737000
362923
Ayesha99
Emma2015
040612
712074
182182
377124
410432
44562
310505
08029
387002
210899
665247
007216
054769
980991
191983
549263
580503
sxcc
127061
845229
1470
701734
716144
123926
106216
321453
004774
099495
702471
whatsapp007
earth2024
521356
54838
two99
532466
014256
80038
989142
082863
346797
149644
379445
096184
morning88
971124
547833
433400
Ultra22
101123
983741
223850
Aurora2011
586278
751751
198759
000154
901329
086053
993036
968396
ninja88
573958
246191
3294
Khan@
321365
974303
848177
823823
273438
836363
302291
46732
470602
441133
06076
801790
1122
003509
Music01
139832
385440
123970
204776
131190
065978
905366
Dubai2000
043934
73990
714351
Teacher786786
712118
423874
646591
607079
232364
253825
220429
305184
915662
919083
911922
976261
231693
355234
781968
820710
400994
083457
107954
903540
746779
308451
616154
355355
Dubai!
905597
60102
315920
73017
140349
08008
335423
376035
543202
567017
89978
380501
278080
493196
92785
Danish2016
231110
444290
605154
sana1999
479765
727199
012320
689480
449394
115764
olivia2011
84126
892991
369336
273306
394438
516714
guest000
123761
018062
253407
060302
981882
038148
978626
028204
481822
210426
544907
windows1989
336875
274527
272668
809237
king2026
432377
love
896148
659021
834493
967780
622886
55797
976734
256234
997535
373758
54859
68110
510213
492085
671572
939180
682462
86625
12866
213917
19467
master1984
Black1234
9486
542773
sofia12
515152
198319
669229
college99
791813
166001
558261
6330
Gregory1989
269445
college12345
grace2008
656546
484363
510895
656590
Mark2020
2250
08533
495011
79254
673860
college!
250745
99911
680603
492943
538549
Police123
700161
548669
668965
711590
gu357
63497
705672
20062
113344
601216
447975
000847
55174
58590
090849
967164
257136
416559
2058
298430
978032
877998
606199
602470
0564
300993
065549
015015
8397
072556
876106
Nicholas2017
009647
978109
samsung12345
006369
7665
0849
761827
School007
616803
281523
287628
765996
893739
625603
021571
205975
931777
861905
6966
726209
778503
348656
378587
856625
877921
93268
419100
439384
598158
406714
cool111
51345
730114
65324
536261
390599
Apple99
566148
702394
476190
32228
504493
586685
241329
364518
954239
676060
357412
719642
Warrior2009
519464
76384
642609
843513
81977
158081
38465
537064
181852
193809
518694
123409
30289
Peshawarpk
431024
191202
830082
162404
302577
847979
958364
442365
393261
Robert123
110451
486387
014586
84868
363781
912912
Facebook321
825638
460020
105336
262658
753874
87605
daniel2024
174119
665852
953645
756283
634579
502612
12614
443080
sxdd
ten99
464508
76020
402545
51709
423027
Hussain12345
Last2026
951005
522170
706882
qwerty2000
790328
750552
088099
110790
200783
916322
558294
522181
435996
496650
3104
081103
915277
90482
826804
734657
963105
010505
113113
034551
charlotte1997
580272
zdrr
588412
321079
969309
36253
406868
888580
733172
087659
151096
167189
96152
198682
Dragon321
98210
718190
340340
939972
198418
710292
665940
093423
487498
492800
857032
577016
513667
602602
GREEN
329989
876403
705925
247379
877624
588357
653884
016544
054626
97055
975579
514657
One00
9945
926585
849673
03108
225467
4833
915376
5823
747142
487916
47691
893068
fatima1980
015147
013189
438658
021340
250793
46480
637615
691614
47250
293997
847341
358116
255651
usman321
831072
966878
Evelyn2021
010395
354838
433774
675301
267278
91224
163427
655886
205513
005247
012782
841720
522291
594407
04599
315227
761519
802186
140492
788612
122540
675290
364507
69762
492932
399432
444191
150596
920810
028875
897776
72114
931051
681417
5211
449405
512347
986172
389730
096756
773685
270696
191099
80108
674212
852181
097636
907324
914100
224664
tiger!
273746
16562
524370
59451
161854
972653
692065
867449
530673
243793
33614
165319
368632
Super2012
696058
132154
Brian1234
972862
682308
459261
993586
515856
23142
234872
Charlotte123
406989
657074
636350
200123
481910
546227
070402
986249
408375
700029
093522
Shadow786786
441518
55741
5634
stephen123
982454
443993
333630
835043
371734
981915
231440
614680
956593
032791
zaff
56224
india000
402325
lily1234
441694
652817
110117
Fatima12
904563
885093
679404
529969
084348
713207
906015
796829
953161
India786
733216
93051
2844
852610
838167
52059
326480
509080
210980
844536
65492
191196
78218
114829
091124
423401
0456
505879
097537
050402
18480
041866
login2003
036476
29967
648747
644292
76321
150120
651563
450054
669856
572308
719048
07287
320078
802054
955163
335907
855217
151052
824021
319440
980100
250502
194854
031977
045837
782221
732512
081334
211970
37597
911119
185834
792561
302522
541112
08981
976679
397045
ahmed007
641454
833217
71057
973929
004664
ten2000
473693
382217
499785
186747
115225
155958
234784
317383
790746
290004
168256
905432
308297
606507
888921
544522
867218
52045
828168
68166
941754
17563
893596
960355
Three#
163724
Dark2014
922889
019426
253594
061237
476003
lion1
882871
293909
719191
091322
64302
569008
login786
355718
678711
354805
033759
22463
400521
531201
556094
751531
0858
870540
040711
743237
34279
40320
945747
fire1996
365486
671946
Paul2024
32977
Apple2025
45850
881683
1025
064713
808995
865392
773476
450967
490149
141581
506803
865304
025168
110605
641949
905850
815859
208461
Samuel12
44212
933834
623348
005709
786665
882321
146377
61614
520399
019866
330913
147785
876678
63210
47222
Blue321
007557
696047
394075
790790
412786
98455
030063
485551
556226
398464
902825
793980
216062
61992
nicholas2006
34503
896170
155210
490237
358523
263637
120527
Christopher123
61691
02184
592504
798798
036905
282799
164296
179597
010109
605451
906961
357324
782166
468897
6639
626406
210517
931150
156882
314963
ninja123456
380259
291020
60305
586762
984379
841797
Christopher786
tiktok1
396242
476795
Music321
082214
747956
108779
673519
Instagram1
sofia123
144276
5367
070290
Jacob2020
074085
158917
609906
268719
995159
Kali786
173118
903958
00364
907181
762498
810062
0801
875545
490831
669218
Emma2026
632929
711502
933361
900735
411092
031226
qatar000
Password77
106557
351956
974435
100430
813516
938003
061798
541277
578688
010098
2160
Linux1990
054439
600479
258797
Hina99
816068
343090
505351
377938
thousand@
877008
529683
366641
741587
268213
018282
Admin007
685597
892221
049346
12908
436997
567556
370227
43421
5307
4728
271832
aacc
356488
548548
2112
932019
298672
cool3210
1389
085052
210590
232375
091211
026202
079288
935066
055099
300223
170929
24178
42182
329461
296846
153681
8811
236401
134970
964183
929258
385044
user123456
789250
youtube69
523017
818356
959453
184756
307021
84364
702933
875864
050875
130199
679591
717838
491810
51051
496474
855778
837309
497387
958210
Baby#
867185
542729
596904
524040
605132
984423
445874
73122
177254
4122
921129
875622
elizabeth12
325930
994554
sdc123
715616
968011
693176
864347
user01
bilal00
261129
275418
414810
525657
35238
82047
284603
825242
650045
076824
173591
522654
510532
374187
muslim12
47670
575047
183117
queen12345
47761
011319
Green2010
520047
774224
music000
777590
111617
645271
627319
191004
771771
987316
84616
009581
542124
873785
100815
164087
omarpk
881947
349008
414403
306240
78981
19670
284295
584804
872729
tiger1983
975216
329626
023584
868208
11004
698324
568216
658130
586421
723954
58485
507353
super1997
392854
771716
603372
284856
95053
132363
42280
016698
216381
911130
044451
3966
19558
212696
212905
9279
920040
748913
637747
christopher786
429528
235213
006259
9105
tiger2022
106733
190872
99750
165286
961015
098725
Samsung000
571879
857912
404690
75908
974028
258390
298254
301466
788546
534160
090793
086911
542421
3180
70959
Richard1234
672760
489214
531597
577104
Quran2002
Islamabad#
031361
070996
530266
633578
781484
439681
64631
Olivia1234
College
731170
484924
430430
748286
54495
362879
796675
025806
943712
191653
469711
9840
514206
409860
Pakistan007
282722
School2019
410201
136598
98483
834746
855998
224081
712954
877305
326337
5298
482020
15841
838783
38759
002101
528473
228448
238018
178937
98357
1089
344696
051238
150399
320001
020878
726715
487047
069454
212487
Dark007
176539
670450
956747
888250
408595
007271
75306
806916
223091
945571
528385
010175
506869
405141
909568
977823
393437
78092
294767
526999
672837
163900
978934
958386
734822
77651
713119
482944
161887
680735
danish12345
221397
1836
964700
07791
333938
140767
549538
055561
59479
070502
812394
696223
587257
826276
228756
947815
dragonpk
367224
975997
57330
828069
541915
Finalpk
972763
079035
860981
680042
308418
07854
815969
846483
169851
171666
636955
3072
qxcc
Jason@
668118
802516
659560
Jacob@
763620
522093
754017
018722
School
202367
920689
HASSAN
380226
200629
multan#
760518
09982
463408
061633
262218
665874
650111
01456
863115
asdf00
789261
994730
450021
36064
033935
685014
850179
Peshawar12
021362
549032
788447
35714
246202
king2018
87143
730180
0069
562397
874379
826298
241164
14812
873609
734888
385880
583407
4602
820809
Login1986
900119
668976
monday99
204787
875490
031002
686939
004257
598906
373549
280368
570097
421718
526757
926596
lucy
380314
0205
518595
Peshawar1996
232870
294030
karachi1985
sdr123
416031
329329
86275
055121
366223
25515
632951
157509
045265
83797
152548
515592
085448
262592
819181
082379
81382
611204
Master1234
50806
54733
371283
177870
810612
443443
792220
12376
013299
692505
55265
913176
08596
986656
196823
015587
086009
283844
159093
595089
20762
016390
441452
Red3210
687819
026488
178959
607090
15610
308165
Robert@
197395
483791
157388
super2002
910525
430969
437316
676588
080322
751124
863148
881595
028072
106975
411598
250657
189145
Seven1
772651
611853
626263
113223
934571
Two2011
379577
921635
35903
786302
196779
008602
609741
466389
904101
406241
370095
130130
03514
717508
718729
162778
836946
620719
996149
147917
765831
3477
3327
607002
675719
0n31
raja2016
270248
Kali
32270
737253
754611
250593
05817
148863
517286
22533
515460
122276
409717
010901
747318
932613
255728
Islamabad22
872586
8511
527494
111595
641960
671154
733161
College99
944350
403931
509190
Islamabad1994
311586
426118
114048
606793
974644
270102
491425
074140
322839
143957
957132
141207
076648
602404
64071
698852
170698
661419
211761
5058
903133
166925
703285
907126
307186
926090
594220
907379
110520
Play2009
459580
678315
01981
295207
061567
358050
865876
865194
534688
209110
462198
48972
23184
356697
739838
91308
65254
68439
09688
270105
428175
Sana1
713691
150964
Guest2026
102135
387739
925584
602382
139403
447315
44758
594495
949729
238667
820468
789756
393041
738309
133100
390753
1935
706717
016973
897952
405163
948431
024871
573452
68362
082929
919435
263967
634139
880770
719697
46893
691757
138688
944658
862664
541695
567138
669306
21735
861432
653488
09037
769384
pakistan2002
671880
139194
418693
Star01
211596
jacob007
736923
986084
741543
doctor1984
006688
23149
091575
482845
078243
723382
156112
410828
690074
837419
736593
987525
196526
67060
2679
521015
738364
688556
460328
c0ll3g3123
134827
436480
531289
865502
633600
415129
829873
Andrew!
864237
Wolf2021
182809
243507
959409
489918
610907
075900
514294
38199
089144
tiktok1997
qwff
985534
653037
708664
266651
146520
694529
848661
862136
963028
215930
45794
WIND
696641
807004
174174
099209
19152
368038
655006
029271
969859
807257
seven@
617947
625867
63770
736439
kali1987
471262
623458
628034
Ninja@
joshua2018
193006
58184
Android@
071973
899789
839960
178398
912989
263142
111287
36561
778261
233288
365376
Teacher1980
Passwd12345
026510
965701
qsr123
250108
72443
666248
938982
899283
327657
368863
06930
015576
38591
261019
232089
067562
7896
master000
587774
623007
959420
551925
raja69
821832
wad123
263747
099990
118734
170764
hundred!
178079
sar123
578237
434566
66570
693110
273900
58674
984016
285329
550407
85141
192984
01932
400708
177628
702504
322355
667106
84322
Emma123
47292
394724
065714
597124
678744
210920
133012
131230
523886
124289
333223
827750
305228
911548
977174
77028
146355
856823
828201
350768
988020
130603
863687
738430
941413
779152
879428
70266
Emily1985
550792
megapk
655017
710501
881694
261888
729773
60648
621302
476674
hamza01
320023
142923
Movie1988
105875
418473
554323
09772
5844
391710
760639
frank12
428890
898084
106260
888536
317416
59143
681439
425766
850377
419254
007898
53977
868021
771254
733458
609686
995643
064702
37541
432036
634876
386716
0762
thousand22
276771
477576
641124
308198
51233
814968
762091
40901
495836
872476
085558
503888
402468
258423
Baby1
281446
896038
108471
707773
448767
795069
498619
756547
085096
74018
600633
392073
271359
256729
127754
150843
916828
042966
Admin12345
534226
692351
895323
379852
21497
432586
8670
812900
919028
098054
67977
523941
74676
966449
95284
839190
003322
438493
140932
22372
424556
540452
018040
740520
724328
884708
99757
404734
848089
4134
18368
309386
441111
508651
523688
265881
48909
442079
shadow99
547734
527934
038445
070389
121858
664719
246928
443971
560912
27748
776094
277178
101959
658856
314105
850003
085261
923637
539924
Dark2023
317823
366168
805310
124267
14182
6042
679536
41916
445489
573001
blue2017
96894
445786
396660
32949
69342
757658
365596
87794
888327
942381
wwd123
839652
257840
3414
171655
532675
126786
579359
Wolf000
033286
146806
071423
004477
8442
162734
142252
819830
9669
fatima01
777150
666611
55118
maya007
240251
231583
TEN
68929
137841
378367
034397
808126
202345
039512
696696
558580
845031
611215
409442
655468
312840
554543
018953
716375
930039
699611
061391
032670
449460
63483
henry1992
90517
803484
malik2023
069729
313170
746471
792330
392381
539517
passwd99
686917
478808
421223
140239
138721
adam786
007392
446743
458315
880858
968924
416438
001232
308550
281908
36519
585310
43785
152460
843095
january00
553410
449779
581284
137764
926453
104599
355520
624965
194249
895246
584397
762696
061732
970959
97776
201234
259435
474276
705166
212839
823031
898612
171290
786181
549098
038654
081521
45234
248358
Alexander123
52262
785378
606078
730290
24759
034606
19663
130390
fire2023
239723
549890
162679
748055
357126
315678
793782
188551
187605
550242
195811
202917
bhatti111
375606
4647
473121
857593
053691
900966
19208
374836
957429
78911
884697
082709
436601
991892
24906
449944
805860
679008
708939
01876
243375
596387
686059
054549
195976
87465
800778
302368
two321
6792
592427
68551
372416
046519
749914
689942
598917
Queen1234
638770
176066
5811
479831
656920
078595
182578
andrew786
207922
970981
593483
254001
867592
Sun1993
69776
84770
95459
872971
179300
225577
99148
29890
Morning1982
568843
465828
054219
150293
541167
631356
697037
32641
749727
896247
127369
love1
020064
9402
762300
53242
masterpk
901857
398706
933262
malik2018
868582
81452
4230
254034
399971
441947
199463
535733
hundred2003
659076
405339
315304
918126
767921
344619
984478
514327
Password22
074294
1299
402578
835208
Multan1234
813032
269104
988526
242583
989692
119185
15484
168685
864919
123959
970123
180818
025102
947694
087263
882442
324885
557348
131978
848485
227876
26096
070426
041360
512985
723987
43897
963611
373318
31416
5694
91322
zainab01
211728
52647
795850
666765
509762
041272
651926
69216
981266
082599
778569
889009
222189
86051
429671
250921
833965
demo00
728299
707454
Lahore321
37359
643137
252186
598818
286418
77168
084414
46221
facebook3210
325743
101442
981871
17290
danish2004
233970
46844
501886
542916
190296
762641
433455
Charlotte12
30415
maryam000
551562
Tiger2026
104445
165814
588599
060016
111100
097526
363286
172007
658768
602877
081719
654775
041096
139843
3084
365453
Quran3210
460416
334686
05124
490963
749221
377795
038775
260799
564014
962918
426008
Ali786
590590
057376
526471
053328
57064
777480
15939
928499
170208
587004
273680
19131
352671
3606
019118
63854
usman99
487234
154924
867141
Eric1
Evelyn12
03234
551683
725967
291099
613349
10241
521290
Tiktok1984
531278
grace2001
5328
198869
1188
62223
98623
92155
250717
Five2017
246862
599511
672496
490798
43078
092169
1217
seven2026
4698
160787
3822
631488
184734
sana123456
49854
355663
70889
759979
322971
234201
597894
jonathan123
210493
088484
396143
119647
345598
069740
006138
280643
iphone786786
115357
507364
2487
595826
270814
98273
511203
final00
153582
354299
99988
police123456
Fahad88
552981
76720
paul@
381194
933196
09737
686026
693748
805728
Hussain!
fire3210
321343
742390
15281
835802
008954
139480
110660
102729
304084
778448
653125
572077
india2022
717959
joseph@
movie2005
623854
267421
294140
814737
22484
022385
15169
1505
148852
068145
529914
264374
35595
61362
881100
145640
763653
178860
856339
524447
641179
496331
584298
103180
Islamabad69
509135
752983
856724
robert1980
71442
172601
360426
094435
46130
963072
07917
497310
004576
270897
167365
548911
091267
196185
983752
616572
764478
090890
043538
101101
035596
54369
Login88
252428
189288
035486
573496
715253
885973
07672
324610
405207
676148
08050
982168
195789
549879
baby88
584463
173492
268741
31059
643808
142725
3498
871618
217690
659956
last
577467
065527
177980
Nicholas12
Evelyn!
Quran12345
17192
935792
31325
777513
52563
554510
48237
595078
final2025
185559
820512
843183
Qatar01
Teacher2008
82824
416009
064856
66934
011190
434390
58212
453409
041316
light69
081268
93401
992167
710655
095953
567270
476498
64764
728772
072952
236016
38703
111540
727342
867669
237138
621225
160248
303193
491788
89145
842622
678986
315359
671253
598719
03395
815848
504196
683375
fahad000
357269
649396
11214
240020
83006
764148
946605
447260
291208
915585
110993
364100
Muslim111
106711
110696
277046
663729
291555
Ninja77
85484
009658
richard!
843502
912901
95718
258720
127413
211093
007524
011759
745393
660209
Islamabad@
418407
090490
468512
green12345
9396
579766
478577
097845
ahmed1980
902946
312026
326997
221705
63588
954954
56413
938102
185592
9957
58625
154330
96551
admin00
991199
387255
Joseph1989
090602
384230
angel22
267146
noah1986
253660
793870
825726
877173
497079
One01
767250
96278
394581
402699
939477
144980
210573
195547
377806
418968
98574
429759
216711
204259
35175
263714
780549
380006
347270
744348
224983
14770
130517
877877
689832
228250
505989
10591
049841
1977
03262
909766
4053
356576
70210
048521
secret12
207867
41482
843029
30086
769692
030338
00343
880088
747483
Linux2009
735262
452045
491656
four000
0549
044275
587642
instagram3210
328757
161282
367576
100441
559658
86723
Seven1996
angel1990
920975
97888
77525
905817
blue321
952303
104269
104577
328361
754358
52304
289553
127402
771133
128865
838431
water88
427251
449372
902792
572836
530519
499004
911878
985127
Demo01
749034
800811
7368
503756
620763
281754
Root2012
shah1
56637
034815
161832
026785
282700
290719
dragon99
253561
374572
cool1996
933889
234333
463034
312543
166452
019437
134937
Wind@
485254
956109
929720
437899
09667
January2019
77917
390764
0419
fahad01
328603
32207
teacher123456
810689
986810
654445
070246
850289
332090
140547
730587
47985
98294
414975
216161
009449
18781
073139
542685
55461
241967
760364
370271
268499
265716
255519
906213
336303
79240
757922
793969
264979
090896
482746
888987
261558
397463
320573
422334
919380
903639
049797
52864
773927
662992
659494
131202
925320
400664
lily
0261
229240
0663
Engineer01
614394
earth3210
904211
92694
721281
721270
860871
633061
841555
669097
7257
209143
743710
976052
808973
153109
269709
57400
477235
340175
125290
Eric@
190399
144848
946352
504042
762234
343728
game2023
842270
210320
367345
218988
625306
474100
379522
649990
170693
024772
79569
635613
096063
811569
92015
14945
809358
Ayesha1981
last2020
345356
875556
400983
221804
88767
523303
371195
035805
276298
19992
052635
127446
414183
74312
637142
Evelyn2013
025883
15505
749848
791263
83881
437063
Mark1986
551100
058509
69993
969001
27664
305437
757911
70483
917565
Qatar000
745437
64407
329285
394845
931216
Whatsapp1234
196471
015796
921624
528099
45227
42168
369776
880913
79261
704979
760485
593615
839762
67676
92400
116226
140030
024618
905839
361999
029293
91679
189453
7812
706189
028435
202400
859122
23716
ultra77
evelyn2009
70056
408056
975381
773839
56651
717057
282810
417285
43862
540331
785653
44681
455378
190699
034947
2550
222453
026664
872080
638781
555071
839707
49910
903925
682077
267773
896632
299398
714373
276419
442024
699930
642235
126104
285791
079959
485683
50505
433840
193952
830874
163669
315601
693220
981376
365673
412753
865117
372900
15764
79135
495759
975931
Edward1986
538186
709478
21357
572044
Zainab123
360503
973005
934725
280665
40264
713174
54817
019404
54600
090354
109373
205326
071478
361196
829917
2406
797291
627077
41748
919347
375936
9408
203159
466807
430672
931117
421278
357214
23618
431211
318450
794156
eagle@
312939
430540
555467
super88
936386
081070
358259
87850
223377
2457
0090
058795
305712
89040
002277
16205
77147
549901
949872
youtube000
55531
148511
561781
723173
813208
795366
031955
65814
654808
john
094050
248666
838299
453574
6294
422554
460075
9825
9927
25291
386859
1917
025410
041844
535502
303204
664334
943085
317999
284746
407308
JANUARY
148753
503536
230805
650419
082302
71673
895224
860640
655336
Hassan2000
22953
513656
492954
223520
nora1983
538395
128810
865678
314523
953315
430914
340670
694518
827178
423170
Jack1983
Mega1992
355157
486079
456929
244882
067958
429011
740124
849101
672628
160017
857505
414579
286858
425535
232683
320639
972257
Muslim786786
667381
310896
426811
warrior000
557656
230142
270974
76657
wolf000
axdd
Pass1983
839839
879175
823988
506759
414337
896588
421652
18389
User88
582461
369787
978978
019624
811877
62195
979363
1608
452100
903210
535018
017710
2700
078045
172865
964755
349217
741224
589589
dubai2002
608663
310420
Daniel
26943
144518
246895
973093
493746
438845
57463
523820
577731
Tiger@
10451
076021
447953
698676
74592
906136
709863
117953
716177
220671
College1991
429913
610302
77980
147675
093280
455950
766623
691350
56560
782474
981134
78764
931920
037477
samsung69
515064
082797
686356
695442
544060
31080
276342
357995
757735
774576
146267
35231
902770
684882
045804
145244
608036
023815
46879
India321
023507
77126
823856
07329
531993
shadow123456
369600
800987
342254
078870
536470
687786
302203
553883
484319
332552
901714
124311
577753
Two!
110393
6657
15547
monday22
472362
392612
157993
Two321
401148
tiktok77
2895
351846
6102
Zachary123
097141
Student2000
130208
899503
932822
36918
32431
713977
112343
39186
Imran1990
689271
Multan1986
715825
176506
820292
166793
27825
477653
189002
272481
654412
853479
926508
81683
526955
final123
025982
060280
000506
306977
192280
732094
987448
131901
59304
99036
44317
6327
57008
241813
xxf123
537702
959805
0366
422180
448998
41699
210144
155529
298881
298650
144408
041536
566643
214038
511137
35259
964744
17031
419958
884092
006699
084964
234597
160567
595397
60326
389653
college1995
319363
58422
fatima!
666930
Test1234
25130
502040
256168
082126
46438
304997
850850
515966
528616
78421
256410
059246
Noah2020
Two99
earth1985
985875
059972
924968
637945
64610
250954
374484
420321
756162
588445
monday123
266541
154275
304942
956263
953667
838068
130293
239525
446985
910206
099638
466422
482526
Imran88
051011
833690
598763
Jonathan12
193875
sxrr
David2014
885478
827244
096778
770528
379533
113652
974875
Zainab
208593
326975
72660
312884
376739
411400
801075
766612
260590
11648
468347
094006
517616
686554
021868
95935
242275
7737
511610
532213
320474
802791
898216
034738
491381
324973
260051
95501
936089
547118
750046
866580
430287
linux000
19404
851917
927663
110317
972367
2538
adam1234
785763
589754
58107
93625
086449
721655
Abigail@
Moon77
806586
7647
643764
254067
Pakistan!
782155
793562
349899
223685
026103
98343
879692
49112
767118
745855
872707
350966
450527
Riley786
xess
398343
533346
666523
613030
58037
011616
152636
727276
44163
74844
ryan1986
852038
143055
973126
441683
73983
820248
118547
382888
664345
432069
619861
54796
663487
515933
399069
062920
817190
618706
856570
759957
474309
623986
077891
005412
390885
742918
175637
121198
150420
40208
256091
74368
485001
281611
837848
346830
09205
364485
575333
Asdf2011
668217
070608
Seven007
070037
009108
124377
733766
14112
Matthew2018
913528
637186
709060
224422
145068
182303
268928
049709
283503
804529
085129
668008
336182
Iphone1994
29960
674938
705342
562782
4197
ali69
948299
038610
575421
755414
78323
658570
915970
130416
838794
44205
708477
Welcome2019
015620
Bhatti88
23072
750607
781671
775082
466356
607618
210408
15645
934120
peshawar69
2727
030593
199837
814803
90874
edward123
002816
mary
8274
953084
536789
069311
0725
660341
672276
127116
246972
595705
52668
774763
542223
656634
00042
Multan1981
070790
655952
171677
904530
497541
32396
547657
Eagle1234
password2014
519057
58681
327811
548724
832986
363858
230901
first1990
251117
988867
668767
796466
150260
280258
365871
101761
730499
293491
595914
867042
651541
405537
219032
321046
452243
73409
402974
10570
246367
5310
Android2023
090526
Imran000
479798
194447
645711
024156
065384
595188
962511
102993
418385
191499
156772
154066
767723
346467
John1983
041635
60578
14350
129338
148434
768273
56903
745613
277761
138798
462363
196911
096877
736879
407825
397859
80087
510950
27650
958672
754798
601733
69468
386419
176803
456907
836187
660902
064691
631532
74410
583627
Willow2020
788843
014014
786797
413446
956318
218262
549637
762058
088517
583022
27195
490435
2104
206360
046948
337579
790614
427647
805519
095645
536558
700865
591635
94556
115082
184844
233684
668129
219604
847517
Anna007
336314
17955
aaf123
663586
292743
ali
792143
804342
Teacher00
617562
Malik1996
318516
076835
946165
661848
863621
noah1993
114191
08407
050199
46998
174812
102003
946803
926486
615087
731808
Linux786786
177595
20006
002739
843249
36120
909084
338316
633193
091080
Violet123
299783
166287
331496
62951
Whatsapp007
330011
122650
971729
638638
002750
851191
Love1
Ahmed1234
474650
594605
613162
50897
433290
244475
039457
042207
861564
244651
995027
383603
668866
584760
907060
Super2013
776380
0933
320551
330715
479215
036036
420365
83405
314457
620004
761321
598873
Demo111
717376
khan88
407055
190135
qwerty2010
Police1993
967439
293898
428791
600831
709049
74900
168179
552607
423247
17024
476597
282480
871772
346247
658471
45808
600809
330704
712404
150315
512633
63805
61537
700216
457347
344091
475508
739288
84707
795971
927289
542520
010620
363121
468039
271296
267795
8577
667579
635492
645832
374418
827211
46228
974919
148522
jacob123
228657
798919
ali123456
568084
916762
256927
65450
597553
680592
7128
691768
409123
537339
954085
Linux1992
901868
608311
711491
177309
349085
440308
027555
350713
477686
156838
966724
090442
385000
68817
721061
906587
066671
928939
2034
wind!
076714
107129
937431
71281
602965
113663
664136
323576
269610
320683
642873
307879
Shadowpk
455972
828311
519233
445797
583418
997095
911196
352407
200464
Hundred321
098879
927883
36085
585706
806047
73269
763114
Zainab99
26537
edward12
144903
923703
742148
179949
689524
116347
46494
065340
902176
627968
046178
771628
050050
626142
631906
175351
29260
879483
qatar007
185933
784971
3039
191840
494043
772486
028556
559504
Hussain321
620279
362912
699655
35294
ethan@
897050
karachi786786
366421
008140
988548
829235
298738
49735
835538
76188
618464
967604
811602
124762
474881
799106
191829
486211
610797
365365
406230
33411
453266
878823
625537
51849
546898
play2018
514679
817245
397804
793155
935165
711744
946099
540683
130570
485881
110114
726902
918027
098505
150826
889702
Pakistan2004
622358
65261
175428
519992
421135
339636
605022
05754
266519
882024
084590
430496
queen01
999405
473825
052250
701789
52038
875721
Asdf2008
767756
29267
122342
013156
061028
175626
111208
644776
lion123
449471
USER
470613
740190
maryam@
055352
645117
Mega321
56896
Brian!
30044
165528
22001
751630
9420
15918
51989
832403
237919
604725
android@
070123
572759
710446
397573
193864
041162
669702
005929
020207
54971
304832
Maya@
210417
808357
769945
056694
616869
571813
272272
769406
166705
Lahore#
016852
318659
1167
703681
935539
344707
352759
093346
129932
night1993
96313
445654
031834
764357
255772
993014
716683
685223
941446
831710
user000
922900
77707
214192
716210
233376
854084
harper1992
900867
953414
65576
497882
054824
210287
05411
627583
421949
596354
46515
98098
134343
77644
411785
183876
357291
534809
191014
957517
225742
105908
943008
Willow2006
890175
476014
anthony786
399124
265034
407110
309254
727650
051337
559130
631598
Multan123
451583
52157
83895
39746
6660
437525
56154
Ayesha123456
275682
zxs123
117667
1665
464497
96621
029029
651728
23219
738254
66871
803693
823372
030320
959684
960366
869044
697543
254166
Doctor111
554081
230726
college2025
Dragon2012
769615
330935
907621
378202
781132
51009
158136
429957
king111
Samsung3210
850245
602547
994686
560901
252197
bhatti123
314050
570900
37233
167376
715671
962863
813186
190596
913110
799821
918577
Play1985
774939
8400
719037
99176
424446
saima@
340813
823966
878394
Super1991
Warrior1992
545347
055891
India2012
Jason1990
345994
397309
912736
512083
656579
658878
431090
104610
368940
064339
951379
06839
moonpk
045947
70658
Game2024
Maryam1988
989736
270303
172623
760441
9405
669196
268873
309023
944163
758714
150777
126764
ass123
727738
219219
613129
hussain1984
454960
995478
068024
477301
517220
050602
69594
135960
280962
two2011
02478
26782
last12
670670
941490
moon2014
zdcc
083534
306757
544676
215116
421267
060126
275957
770825
685696
29526
737286
554983
Scarlett@
732490
975876
577368
753962
418231
164230
69573
102300
563607
Love000
771980
667678
303886
190811
879780
209979
527560
Sophia1
Anthony@
661067
957583
057167
57526
021373
712470
174581
486497
1029
2031
051920
8979
796114
323334
203324
266068
18599
745272
483175
639342
280742
918984
65219
642488
599709
395604
808610
596794
551672
113212
16289
486299
413787
508387
226413
866943
803902
014113
131023
0351
65373
199144
398871
010411
584210
090617
383053
725868
685454
642961
726616
949927
150458
184613
698797
120175
59633
746086
184855
51562
506231
295471
morning123456
63735
400180
823779
162316
223795
681395
470140
848463
387717
939763
424039
310486
639210
059697
226424
419551
018161
928345
276881
366366
005797
787853
955020
445665
root01
524106
64358
766502
227568
2094
461615
574343
682660
678513
908105
qatar1985
920997
098714
352913
Shadow12345
985820
949564
90972
571142
213301
0789
9081
080674
798050
053790
371580
969573
290356
22421
zainab786
041107
kh4n123
794519
Patrick1
33453
179608
18452
29708
573155
300278
1205
52031
361834
74403
230626
059521
Lion111
195899
187418
082654
qatar321
630421
318714
304205
470437
27965
955922
207174
805640
055407
84056
480348
035739
551034
883916
410663
7458
541398
127787
190299
916344
221793
55923
206492
212410
966680
77742
135828
236907
238645
847066
708092
962104
388553
190047
866976
629409
968649
538615
201454
644985
608388
467940
699204
109846
443476
023364
291247
130702
298463
161348
087065
734767
James786
790405
631763
862257
209803
635811
940324
937222
329274
850234
47026
islamabad1994
77882
347919
917301
527703
424391
39109
04991
343640
57274
256432
34923
680460
427779
Amelia1989
274989
625801
338833
165473
807279
623535
323521
897237
008580
738617
28833
829092
591052
836220
568447
232155
150290
550000
954448
89579
094105
73388
289036
845053
645414
882981
457006
648186
567633
338327
686675
93695
003267
558602
631114
79009
879769
472109
617320
721490
798655
136378
ayesha1988
150403
425821
bilal12
587015
red786
143418
601095
50316
738837
687632
913308
927058
062744
334279
60004
348469
09051
5511
bhatti#
351373
1539
949949
167497
386034
196735
181940
Three77
997832
929676
415833
763895
034056
Google01
768823
182798
8931
james!
358479
ultra1993
485045
675807
Mark1234
293205
54229
069289
8319
dark786786
817234
004994
147004
008063
105226
418792
385792
198088
79660
989791
130190
583858
John786
291951
875765
469920
130559
242594
826177
906499
157531
650342
397771
146421
164021
434335
34020
615670
070807
343222
385979
255882
19831
Baby123
485716
995555
1077
00056
Doctor1986
18627
702086
721193
108922
987492
242572
028996
961928
989879
500676
484110
185372
588577
730158
715198
047179
401291
289311
Pass123
635998
924649
478797
741323
police12
786038
qwerty1
325479
652553
945560
quran12345
649847
912714
676654
464101
2238
351879
870584
Moon00
030296
402457
979561
4938
cool2019
769153
440803
100716
306295
124223
880506
117458
641399
883971
383911
348986
381689
725758
130105
09926
143220
683727
1017
051282
0981
422664
218328
Youtube1999
716991
538901
094743
Peshawar007
raymond1982
54999
678755
905696
035068
636878
213037
932932
168740
926519
303336
416460
George
ascc
964381
733502
005005
190226
693363
793595
280401
nicholas
544533
072787
558679
367213
836396
hassan@
208956
863544
12635
39123
994829
One786
994708
Earth2024
Jonathan123
625416
islamabad2013
619212
231363
606980
25809
Red786
278179
301565
478995
785807
980265
709676
750398
836286
231759
Police!
526493
754930
Instagram000
988493
693495
1653
539737
148335
589523
555797
432399
704638
673057
906037
29106
319121
272569
185713
058861
47243
828641
980551
257653
30079
841654
980221
991705
582879
359095
hannah1990
dragon1
425975
174636
524425
090196
hinapk
Moon
2580
732413
208087
635943
paul2018
989010
709093
847484
496298
29848
587147
194689
700227
31255
623502
778184
075273
046596
Water12
95067
845845
071226
warrior2015
982080
513029
danish@
560472
770165
310783
445390
379038
627286
869242
145453
108273
814913
772255
511896
084601
859331
4839
553476
38745
04312
502425
190802
519442
158290
209385
021934
Grace1985
863016
6558
138974
446809
031801
580371
163823
62923
80822
227403
938465
424886
615296
510455
006501
072666
290180
415844
233519
143704
97097
707289
391270
976525
50701
839267
645359
xxss
065769
122375
841632
264143
701811
081917
597982
841412
062722
09919
221562
060313
110502
125521
488807
333388
252681
862631
530090
574618
645260
97069
401049
888558
900097
Ten00
659703
215633
883322
644754
846857
54705
998415
Kali2002
732215
551848
379093
328911
648967
686928
322223
473242
671715
224026
440231
242429
025597
625438
540474
565631
234234
85554
10528
Dragon123456
980320
036102
997568
last2026
803374
04781
youtube321
859870
567171
416581
727595
71421
979627
260238
749122
670923
fatima12
926651
827838
samsung321
407660
275374
597542
684156
871519
600534
F1v31
678997
423742
zxff
52087
32592
971333
639100
847011
935286
43694
051073
811173
702999
624459
172535
27132
320540
student99
072633
brian1234
3150
235037
queen
176352
710523
Willow2013
706068
735625
054417
05404
637758
213532
717904
652124
279873
17913
483637
397177
746207
84560
Alexander1998
920579
734976
619234
959750
655094
890923
725648
809127
046123
899316
784696
017633
145431
591470
970882
195855
053823
682033
861080
816013
995137
11844
163251
948189
Welcome12345
28637
013365
playpk
Ali1989
465003
engineer22
242264
420552
419694
Password!
309540
145134
004334
33390
759561
932965
975425
490457
12810
443850
678282
230223
66990
38122
9168
663421
210122
41909
572473
134255
michael1996
526944
352088
126346
808544
884730
mia1980
537856
325688
9288
290996
691317
197021
963996
729267
Hannah@
Demo2011
Test@
0864
200849
571087
733711
759055
200035
962764
3564
751949
368082
463980
581680
660418
master786
196130
06867
0990
947375
120384
17416
747923
135014
110462
instagram123
917268
214126
207339
164010
935605
544665
224906
810205
222002
923681
768086
usman@
35609
633270
255794
439076
633875
012287
88879
047773
828916
694364
772365
000165
100397
204490
16590
320210
401192
504350
587169
hannah1995
463507
Night2010
204149
132077
098362
108086
732446
179421
850388
000418
84777
463320
688127
9546
814033
440517
661694
master3210
611545
701217
966009
891363
941930
032043
038621
057706
Root123456
75474
717299
188177
113377
919776
kevin@
080982
70938
634106
070169
977878
245509
905322
123134
Love1234
multan1234
575762
747549
346489
75859
891066
84672
210296
161326
693902
424281
534996
Maya12
699237
289465
531696
077814
366718
733029
205051
917367
868417
767228
047135
280269
704132
97517
412060
965811
198132
207328
150126
27139
788007
715704
865326
034628
296956
765402
308825
269126
Engineer@
869022
5169
432729
756327
554521
mega123456
959992
562551
Noah!
adam1982
173976
74389
allah1986
183249
932173
533027
Dubai77
968660
709621
Admin1
365959
678260
387959
First123
475299
807136
246466
307098
10227
889735
934813
900955
991859
81025
48979
58513
22232
646096
458997
676214
372031
Play1996
72695
304854
044836
499400
429935
131384
489984
116072
435149
qatar77
black2018
muslim2005
374847
282579
906345
671990
184822
246334
762652
5388
912967
519101
54551
994279
56938
10395
469348
085635
ten12345
71351
932426
022781
701184
031427
40656
231308
922878
045276
062623
790196
217162
30345
52213
0861
783684
84721
windows1234
Love2003
980771
948057
062733
99001
487663
521862
321211
193589
888679
12334
Last786
935297
962885
946627
74585
353144
649198
623920
523281
068035
558459
45311
christopher2014
290526
961983
601436
524436
838211
175472
199430
032153
347292
Thousand2019
581900
Henry2025
Imran786
joshua786
144650
440726
388839
eagle123456
48482
479501
757834
038434
light2026
105160
christopher123
327041
35014
972631
thousand2026
230505
650914
333399
44436
963501
317933
166133
031812
97209
115060
565785
478830
498410
584023
154055
401907
00273
Wolf99
311023
8523
School123
602437
909414
08526
954162
463859
Secretpk
556908
51002
069333
59640
725780
099979
190708
724614
634612
78715
8418
203379
348029
riley2019
345125
330451
175043
203346
472747
289927
783783
22239
Seven1985
003608
241395
325072
633149
298793
804881
130705
916949
413677
730477
306427
704594
089232
03143
359293
49616
61306
978483
846439
650727
527329
150893
9654
543081
829213
5457
062051
443641
Hundred786
318340
349173
413963
Super1998
792682
120362
750420
789767
02870
16940
141988
208637
437030
587884
868252
626120
9960
559746
367741
778063
405955
548328
Youtube69
339724
166419
195800
150810
508739
594935
271744
292215
121209
466224
626252
660022
861289
35357
994774
398508
007678
224796
314237
830049
165517
727056
005951
78463
Ayesha007
10864
088693
7281
539396
340945
45647
56364
792198
699094
933493
257070
649220
021428
281358
027027
03731
530024
087296
280874
781726
january1984
Omar!
86065
372911
Secret01
130746
938938
357335
744535
309232
550187
Linux00
77833
532224
675873
08183
97335
9198
960124
257367
498850
Wind22
526427
Baby2021
015873
Eagle000
076527
857318
324027
23009
033924
101684
l10n
146410
812867
131549
509960
100650
784157
671187
4407
727562
70819
108119
559966
803088
nora1989
09933
569767
710545
872234
339735
2661
657272
076274
490127
750343
198044
093071
723074
659142
498630
6576
123849
layla@
Secret#
530926
246939
4653
616484
karachi1994
330110
505329
087461
Ninja111
shadow1980
Allah12345
53200
92988
557689
899228
824516
011374
241593
13181
133375
749012
972664
947837
9747
7803
905421
316250
436711
510796
333421
750563
378510
467962
966339
396033
827123
96327
541937
360261
50456
083380
474672
581383
940973
040007
33117
31640
Earth007
030120
61481
868054
819731
177683
119834
patrick2002
31815
434412
941853
714362
559680
476047
152790
38731
16198
956076
811404
98063
531377
968616
600512
359205
Angel12345
Hassan1989
Frank786
19026
478203
804848
629585
111496
Peshawar1984
928785
joshua007
970178
677105
166210
079926
015829
591316
794838
670142
0972
84973
889482
554675
99484
97265
690448
352792
308715
285417
89754
050711
6522
534248
201465
741026
98854
427878
52479
812306
144496
443256
451165
05936
457226
106546
150997
097680
08988
pass3210
911350
233794
311211
861740
khan2024
928675
846670
365244
400730
266574
577049
373846
743963
8247
154649
893541
729300
211376
990341
016654
227227
640255
679338
806839
766414
784773
892188
180389
478478
208835
149193
642422
544368
067991
237512
279169
King007
28658
199045
570350
333949
203500
287023
02121
179586
052976
843491
916674
187451
621280
teacher2016
731951
282370
459690
567413
568876
895631
188562
071698
052833
317900
781462
684101
524227
080025
474848
571373
282601
952831
271111
718707
202895
Sana2015
73570
70224
279598
140569
38892
926299
049885
630201
642598
08225
929797
147587
46900
raja1980
291014
698489
925595
421443
882706
504966
160215
678095
406681
07539
54033
431321
618948
307175
821766
269962
68649
15211
Lucy123
355300
Gregory123
520575
845372
392194
051854
70504
827233
75698
Hundred
Shadow007
756063
Four000
34307
946176
979187
350834
password786
670461
ayesha99
674443
237281
989714
773322
219494
030998
902979
171820
93359
563079
440154
Ahmed2022
168069
297088
419221
Google2022
73822
124300
732655
last111
738452
274472
162536
472351
Master123
136576
091355
187473
0930
277233
968869
538978
184877
682407
901428
Sophia1990
026125
220033
002992
657756
623172
426272
97286
893035
648175
93618
733139
204457
9012
346159
004455
619707
186769
133122
665511
93324
863159
847682
044363
674707
150296
9090
560989
85722
407671
264660
17283
alexander@
248974
376772
612601
462253
573859
193941
580404
672650
824032
306075
164824
Samuel1987
483373
448448
658922
731874
997249
77336
17409
31430
Dragon007
871079
019547
938278
043824
355509
66829
597465
51352
113949
778217
059851
855932
703384
004818
king123
kevin!
376992
277673
487014
347303
644017
19446
086196
92890
357808
414106
967945
dr4g0n123
593186
6954
492360
875655
357731
733436
137676
489599
499664
599896
511984
746669
198858
709159
google123
50274
17731
012716
343464
099737
44611
Secret1234
211816
529749
441760
571329
bhatti1997
121319
501787
71127
773652
464618
853732
104115
10353
299464
522687
832865
79898
707619
372482
816882
670846
048114
275770
53046
671385
zainab1989
722777
241076
Sana1981
218130
342815
412302
398959
814462
268917
59836
438669
56035
019184
328449
672540
987646
621379
6783
294338
19418
852984
228932
825869
415063
17479
matthew1998
679987
401302
879626
826551
087439
904948
5724
130911
327250
358061
605385
365794
762993
505637
833481
54677
631653
941677
877129
230076
228888
202103
962313
246026
047069
728728
821634
741455
34139
683122
Fahad1991
3390
Kali1997
395186
069828
008008
334136
31031
188111
434852
Seven1234
551353
1013
74340
Lily1994
342056
472483
Wolf@
929225
95998
ayesha2008
185724
Music1986
112354
049456
498399
63336
455653
243221
205887
827332
3714
110796
142395
090790
552178
239943
131197
87885
765534
081510
thousand1982
334213
02898
718267
Red111
7224
712371
222805
466488
665115
819962
913231
Qwerty1982
whatsapp2020
386727
083809
557997
149391
21665
330748
824450
61943
4746
181181
67459
105974
745778
723393
294305
323928
227733
643038
030844
Star00
864171
936837
Gregory007
558536
702196
389323
41629
676566
058542
814957
368291
453420
307153
186934
1152
4170
329098
09968
070714
09121
081664
07266
892595
545820
701800
Ali3210
666204
250196
980573
242011
101475
770957
835945
673112
71379
354222
84546
leah!
432619
45388
087967
raja#
343827
893244
74697
46046
266937
421432
880539
0288
767866
280038
389928
433125
218537
694947
335357
108812
757889
75635
4191
836242
649330
069245
55811
586366
09457
hundred12
599566
478280
2604
068662
74515
687896
11165
708422
551265
066891
68488
Nora2010
128491
619355
972851
770902
test69
676049
525492
362890
028688
36694
230934
359029
459712
Shadow1986
512468
760738
55356
036256
378697
2964
303413
344465
194227
98231
340978
674003
40313
620543
tiktok01
177694
73458
Black22
555775
199925
846945
055319
207405
070814
99169
450835
446919
503305
310519
b1l4l
648076
0576
877316
827387
32067
684112
35833
904706
699578
550066
991782
224180
299332
547712
16849
42308
842193
84525
126962
053702
61978
582956
453816
303864
08939
Welcome!
668800
633809
245476
449735
876271
898601
002486
568381
599280
08575
972158
38864
865458
933515
071731
637219
347985
313335
097999
223971
12551
794882
457270
26999
36239
161766
128260
516967
85246
843799
819049
424336
093302
353254
8937
Ahmed
832139
Samsung786
964414
602789
596376
456797
847330
094116
298727
286022
103070
181610
557007
180499
047993
954261
Quran01
702350
718432
838112
400323
645799
629442
379324
006072
778437
152130
260986
862323
553322
955625
784267
588500
078364
878405
66444
795454
932030
490369
123618
muslim@
904618
46291
190693
768625
585629
91497
love1234
919138
730950
235180
162228
875699
080388
726814
6744
947353
531124
iphone69
33166
840246
862158
112222
063844
393360
Anthony1234
628331
435083
627858
Usman12345
9699
064867
752642
803143
285659
301774
961675
33131
53354
643456
606540
916234
194986
ayesha1993
609147
183557
354772
538857
445368
036465
606144
027049
035673
691097
666688
397166
839806
030393
143748
382228
725098
186351
007172
72156
362120
312334
210584
561990
christopher!
656458
230526
838321
284075
554653
358270
7278
943778
191994
673288
752389
50246
673167
170317
57743
67305
257752
696531
12719
44940
203214
380831
278740
65394
398420
apple1999
08890
160160
721567
793804
133210
808599
474155
853677
1824
Hassan786786
829400
940698
673805
736428
5ch00l123
167816
216843
ENGINEER
903386
923318
172403
006050
97027
730147
461120
Willow2004
533126
303094
18662
669526
304128
Henry2019
162338
89656
914177
Android99
86457
703065
940412
931359
921239
233035
quran2017
Whatsapp786
01029
513799
680757
992717
10311
628309
742665
96257
644116
2706
377641
271002
212586
477719
951302
233805
994092
393844
864160
tiger786
150314
984753
tiger1234
852192
367686
329109
42441
805629
779878
902759
750750
619223
441331
680119
95970
298540
253341
433884
819841
873015
815749
911757
1137
895763
395318
822569
801416
445423
270190
219725
508365
59626
606716
72786
399388
03766
408386
462088
784245
321904
947463
88305
161205
77637
535667
360041
360635
muslim2009
james@
188760
941237
001804
010626
m00n
489665
816860
421586
286187
426404
739684
662893
Wolf12345
88809
904882
06692
038401
731566
56469
49294
222497
248336
897567
715968
674366
569932
932349
610489
694089
asdf#
464156
375364
876942
991881
540892
263450
452199
618090
hundred2020
grace!
081631
775005
616220
382624
86247
811701
97531
116556
265606
164241
Moon#
093885
443047
418077
980111
108416
804452
09065
morning1987
451484
617782
110423
0321
32508
210969
Guest1984
659681
565125
648032
Music@
372064
59801
80843
691152
528671
567127
062931
Brandon12
08820
295526
76629
969287
506935
316767
890241
9657
951852
506385
pass2023
709775
071764
3192
786687
413094
087230
180862
97377
712921
010717
745448
nicholas1980
143363
766480
24507
626648
082016
241857
565312
931293
877965
537625
929940
1n574gr4m
955416
084854
ali786786
901065
147895
603240
677809
522709
804353
718817
923021
052558
908270
queen123
040634
433378
729927
779416
10745
64589
88424
499642
576059
457908
183447
842743
652905
demo111
16723
966174
961851
334565
645128
islam1980
405372
791230
swr123
897699
680295
323983
785444
592680
561066
255750
802593
130920
993740
6561
483494
791736
998371
7857
484869
54012
music1986
13671
58100
229592
60193
432124
856152
082489
948992
778228
669966
076692
939389
817575
115104
835219
9126
331265
694881
030514
269786
45185
802604
53879
284306
472373
976481
43099
932151
03430
520619
189629
259017
789239
170326
640662
421366
26005
046640
200816
398948
755777
919545
376871
323565
661309
579337
442035
319297
0138
545380
3015
711238
391930
515603
785543
126731
362197
976580
510752
INSTAGRAM
452232
976921
999130
014289
Dubai007
38948
6273
206437
Engineer2023
607453
846835
Hassan1
700117
72359
402127
67620
3747
719070
ali1
379346
love00
281941
nora2009
632005
324401
stephen1980
895862
715979
915508
105501
667711
love786786
388531
702570
516615
465971
29435
154363
512743
413853
05866
912703
361119
441936
183579
223311
583385
583594
251163
stephen12
418055
59549
wind321
895191
17640
319495
468380
09716
816255
236214
windows007
373637
pass1983
571956
651673
258918
975920
743083
323125
136202
965481
632874
526966
267718
874192
433477
291357
506440
608047
295614
263791
77595
729344
Eagle@
068112
630091
17472
131164
413655
981849
417417
214951
4857
404459
929555
740784
392480
190817
319308
196493
3780
168047
502359
867790
748110
600226
56280
335731
017809
417032
261481
75145
Islam2003
986898
297550
311806
000407
passwd321
127215
379148
48867
241989
91476
5619
907841
043043
240856
Khan22
566423
1149
985666
371052
074041
95704
759154
824307
643731
296142
715836
166342
Wind123
647108
219780
132583
05460
429781
975623
568920
437877
029887
073018
814836
344509
947001
431728
538109
88361
884884
235730
763576
956285
425139
56889
947914
016060
562848
602415
0600
345576
01974
958705
876931
973720
926387
369952
502491
861806
74690
646074
856658
Doctor99
077726
050190
victoria@
699050
066693
36246
824406
685377
674773
015103
373736
570867
045408
813835
411807
406505
946847
220022
646943
389081
david123
ten2019
Iphone2011
600842
986260
374924
88018
58597
662750
72807
401434
423907
404437
183711
164395
f1r57123
227788
283173
086757
820182
941479
517649
8826
7344
99491
193523
247401
Fire01
971773
73381
661485
141240
961499
110264
495858
28595
236412
113960
775104
499125
30513
Chloe123
255255
544049
645073
56511
326502
021802
706673
137379
287485
066583
657998
307241
382690
848694
250808
167453
271220
957297
406538
780615
163691
500621
53207
603955
030481
886347
92169
qwerty12
546623
176957
578435
950367
556743
975271
712910
604692
059059
842127
946242
641729
106469
675928
856218
690096
611336
0144
dragon88
Henry1989
295317
Brandon2002
835615
03339
882541
passwd12345
123739
691845
731390
933592
9027
thomas!
Asdf3210
610192
580888
255552
934164
322905
795575
294217
308583
75726
863874
310923
890934
881606
933603
212190
967307
79989
960553
604131
37618
844195
943316
977460
268004
558954
390632
965140
Moon1981
605682
4224
343618
630223
944944
800624
823592
251293
742522
80997
320705
413501
178343
446457
620565
444147
105127
318461
280786
735647
476542
158565
658911
226732
524535
532136
436678
543334
Whatsapp2000
824637
182765
342353
382976
47180
446116
420255
669328
232606
915046
547261
642576
648318
411928
348942
20727
864820
296252
946374
apple00
519145
315777
641135
20363
water2026
039578
809314
550352
6663
801625
892518
500192
521169
364606
500786
849046
364386
Movie007
380941
635382
868901
564498
314259
626175
669757
976030
070114
169950
355047
811294
first#
99722
319253
60571
379720
978208
703274
922130
505428
scarlett007
Qwerty2025
122859
540034
170902
226061
649275
139645
739354
342672
601887
5h4d0w
132814
291907
958650
859265
970893
020823
021230
88130
386958
331430
741554
893464
82502
690976
340989
160072
068882
178145
2931
42665
961323
753071
663839
ali77
330198
82992
958716
974006
181665
824560
328559
398640
847726
103972
056672
156376
689381
210485
116204
Green2019
773740
928642
832513
0081
424006
423324
235620
312224
757053
6402
767173
qddd
423896
6633
guest2010
693319
15435
341187
739277
307252
667733
539044
551133
978054
971663
Raymond
952083
866965
668921
616627
210399
249678
413699
887029
728596
176242
010692
65807
661705
298551
740872
535777
468842
431926
3996
279609
201685
483406
587389
956978
04914
0113
20419
queen@
051975
522676
138534
199617
010299
776512
583583
645480
686092
848144
453255
225731
Pass123456
154671
06853
630553
Olivia1
314336
052217
03612
064823
711304
85631
01904
745547
738672
319770
873213
383262
053394
873477
782540
two786
Root000
Iphone@
890736
366047
034375
Babypk
School786
302852
170511
333586
073997
256564
653345
293843
132594
360239
354541
212597
099627
480909
628870
22526
190608
201498
866085
97398
4470
647691
20041
024266
737649
734239
822382
Monday2025
005082
755700
318978
415745
50981
475541
239327
99869
133540
sofia2005
252351
862488
96418
81781
266794
245806
50309
614097
642136
245113
279554
630685
827585
924902
512963
137775
672661
343079
195591
Michael1993
459679
876810
451517
Five3210
679129
omar2026
175483
37422
34027
13230
673695
934714
951170
830192
969870
082192
372471
403106
158587
224598
71512
225434
monday1
547888
415613
250805
899976
253385
464288
117887
448063
555742
danish007
578358
796598
2178
484165
295218
175461
925540
688897
557612
539253
black12
tiger2025
40985
825121
andrew1996
526823
63952
297814
201982
909645
616187
232529
810810
594484
558074
390148
004499
Doctor1996
568018
824395
225500
super1996
811206
258643
648978
160930
480260
211893
918005
146586
146619
861729
378191
437151
668470
hina1984
382129
teacher786
622864
henry1
893530
195448
03843
983697
758329
869759
96901
200640
463837
477785
pakistan#
50890
504097
028710
176132
877371
318329
93989
254364
6246
315117
457556
130296
103554
522357
970750
230399
418429
82320
Monday123
310417
06384
370733
960157
97755
392425
371404
209572
Danish2013
550583
463001
160688
54670
Tiktok88
07609
191279
080245
086130
241780
223740
29127
085063
718080
Seven1991
765292
895664
061611
056100
142681
575014
895499
785939
820963
07966
395791
112552
Raja12
714659
277024
368500
090684
292941
186384
428736
907918
Test123
566049
384780
536910
290296
330682
94234
471108
656414
islam1987
School000
935506
150491
3342
276540
875061
940489
398805
734206
monday1999
235224
987173
13531
311111
115632
336996
wdf123
645909
463958
98035
823581
151734
129316
272492
559834
811459
Apple2026
327877
138875
721347
Windowspk
354387
148456
654984
829785
269335
470426
09828
824967
646261
Hundredpk
120758
787116
589138
895158
584408
718003
four2004
510488
914133
2702
852489
151536
041294
035431
islam3210
95473
104995
1501
350526
308561
220341
370436
549065
15295
sana321
189233
182897
239877
54278
135080
649154
Shah69
113883
385220
823218
616308
672144
890252
458271
170323
036388
876700
631070
761717
682231
71239
543895
150568
581229
four69
456082
356323
197417
698654
676665
685916
790702
901483
hina1
108009
689876
Night1234
29190
581878
80409
324357
zac123
158103
school321
615263
125367
857934
83237
343277
31353
554048
179190
774466
9519
8610
393052
hello786
423148
188925
187814
0911
234938
032197
Final2018
204699
245916
240790
201883
753357
654555
118360
322036
5541
188188
777260
581196
354607
494296
638407
666721
187616
178563
Linux69
313126
673068
518716
578545
711227
shah000
798149
355003
276969
605550
660066
31983
220715
11641
94241
238073
052932
336204
854931
763224
81627
430870
862213
459008
989318
949168
984082
248369
36687
259050
680900
869528
498256
667084
Shah786
818246
48223
36316
052756
109670
701360
897765
03178
462297
369710
224620
164076
ayesha77
558448
00938
830379
576873
256520
691636
954008
635030
27601
706772
291071
067617
834548
706662
774521
499202
244101
643291
675884
172128
131274
735713
44751
757482
0108
youtube99
146927
148544
557975
111782
389158
6309
630498
801878
037048
809424
993773
93443
215754
95725
021901
587400
744480
084766
215765
994488
907203
831017
156321
817421
373428
298298
103037
008811
210217
shah01
41223
291211
129866
f0ur
35784
321420
wolf123
42602
568546
311927
guest@
771364
945208
472549
78554
277354
252846
5754
644149
874610
143407
250420
548240
835549
79765
lion77
078628
doctor88
607354
990044
034419
113322
367752
black1982
694342
365266
508761
9048
760650
371954
693935
862147
114367
636790
323389
636724
460196
942139
558426
148918
950433
Doctor#
374440
awf123
323070
145156
765765
212993
283833
040887
747604
348953
546821
63798
560659
955262
567622
lily12
030893
718630
246675
652630
964194
625812
408672
053537
83090
674223
575498
186417
384109
171446
924935
52500
282458
919292
317493
411675
090426
Elizabeth2011
99099
360382
37807
398233
600545
Pakistan000
117931
609829
Ayesha69
89159
229856
834163
065802
742357
948453
212916
723283
142296
933394
922383
61593
364672
597927
926629
sun88
327173
417373
396693
00063
play1997
631961
7941
014201
801196
628386
866448
298496
702801
951566
42014
996490
128326
087835
506528
41391
056826
934439
57792
aee123
648527
31864
444268
392876
002959
517528
125994
087538
697499
321332
340274
548515
Doctor1991
283910
297506
44744
353364
892903
598994
146190
453937
police2011
556600
549692
466213
495891
159104
17430
295581
42980
679844
655875
saima#
45689
Night12
105600
463584
348370
3942
899558
708466
912813
685168
127457
754908
606298
487520
800965
532631
08834
152240
662255
00399
Patrick2012
880352
366454
320243
679437
313720
101948
541m4
3306
226468
781605
Music69
055187
306823
523127
267663
650892
120868
030626
012551
455081
044847
ahmed01
2088
58618
610423
48384
718069
Hussain69
693704
368830
276309
701536
883564
18291
625823
40362
325105
8832
blue99
515867
dark77
601744
857010
903573
green2005
0706
839487
Test22
073645
762520
439725
67263
018678
606496
065835
359436
361361
336578
1701
164494
041932
86688
809974
4026
487960
379126
745481
98672
490116
355916
332057
36736
38633
329912
76783
Mary2019
592130
764467
46305
705584
48552
33194
414370
Ahmed1987
922053
733480
802230
632324
528649
87521
407902
793771
330066
611754
880616
197329
728970
612865
507727
307549
05166
325237
760925
417142
836737
932052
824109
597608
51723
886259
803473
132858
101134
777469
034441
687038
030126
979242
128843
956791
331320
983004
590832
743127
697950
790592
142043
319693
457028
909777
073788
489544
94052
637879
204919
421883
923989
835285
b1l4l123
789657
130420
138336
221430
415041
90853
109835
053933
029557
Hamza1996
584540
605539
679118
050626
924561
455543
night1994
229669
193677
22813
64057
71337
442673
551375
492734
464332
823097
wolf12345
008635
70385
216205
759341
166507
154209
400851
009493
911416
725879
61341
Emma@
14007
117293
543884
562133
916883
987426
Music123456
63469
660352
921514
377685
Pass007
870639
625251
598939
179542
586124
97237
370744
200651
79198
324456
093115
425964
221540
807224
381964
178255
467489
500467
079178
168399
939004
778074
309496
182369
275242
483846
Playpk
111276
904420
4896
38696
702152
722733
745338
922856
697972
187352
271502
235851
01547
935627
322784
696091
765006
596288
495396
KALI
876898
12747
442277
222431
616836
070609
210811
36827
780813
168971
771650
Light88
760386
716661
950334
98182
Hundred000
80465
376981
238579
566027
493042
35742
whatsapp111
School786786
290543
405218
648758
super01
040062
80640
634931
410036
314424
819489
160116
759814
207020
774004
593703
68509
860035
071217
02485
321728
allah!
hassan786
156508
226457
134662
300102
456896
802428
69559
264913
01092
513469
718652
january01
ryan2002
598653
373241
265265
instagram111
045177
732710
62321
971839
7209
Usman1981
47607
194898
981354
33096
929973
463573
566170
766931
80031
Morning1989
415327
798424
437591
308000
149820
410223
741730
564377
047025
886523
267971
442442
256388
966350
319682
81522
water00
Henry
395857
95123
fahad2015
057321
050723
481800
219923
thousand2002
zxcc
935990
583110
355465
924396
023650
743336
781176
130996
721820
399806
956406
41083
3837
331936
30394
Two1990
699457
839201
841170
326106
089936
15575
36988
798314
184998
04606
263670
821436
411290
161073
922713
980001
961367
361141
89383
822833
486167
044979
358545
397496
754490
141801
934461
603460
1536
B1l4l1
Stephen2003
710402
967703
398937
0923
238128
682583
937200
826056
364540
711810
61397
Jason2026
00770
225005
480370
740289
114587
59430
497772
148588
075845
392843
934692
704264
027907
203236
317350
209088
051799
323906
993399
64981
8673
504944
63350
088814
355641
aae123
40824
270396
041910
744777
134233
8694
dark1998
58478
138996
389422
47488
107921
173294
883377
270160
958243
Mark!
859298
922559
585871
816310
88410
233464
703802
069388
evelyn2021
250778
261943
450758
115269
Monday007
761442
396429
076230
jack1999
168124
038038
qarr
190509
Linuxpk
983422
876513
605341
897985
hello2014
028083
656744
saima1
595903
508530
m3g4
269247
57848
915717
496705
693737
369589
607838
51359
993608
Usman12
979374
71841
519200
462187
675268
Sun1
76307
811096
534864
6624
701426
Tiktok1997
138182
533874
114125
70595
01036
606100
53389
06531
276496
732237
91126
60200
865568
209968
062403
388476
917015
165825
797082
77252
Hamza2006
799502
422004
482559
1548
684189
64596
148698
910008
69769
926772
140107
972466
739728
Angel@
362087
341682
837067
318835
996512
thousand1999
501325
93338
0690
551738
58044
035695
341594
Daniel1
01190
189882
524513
976459
93492
528396
210120
511258
Fire2010
hina22
398167
515944
11074
918654
959233
eagle
226831
573243
5943
096327
004697
128557
100001
420640
150220
Last000
612535
602613
412269
348304
190711
37303
382349
602426
884576
169257
bilal786
327679
331001
124410
983488
paul12
335401
647526
610258
15015
758153
186604
666732
604439
168267
025366
47726
493757
08813
010824
796202
321178
239613
465795
25053
4440
peshawar88
Test1983
Hamza00
820776
50106
837342
600215
439307
788733
384934
6816
295889
859683
34363
baby007
215512
74039
71736
188331
059312
901175
82446
362054
054813
36771
09947
16884
Star321
292985
567490
599313
904937
924066
850817
042031
231473
707080
869671
829312
268323
115049
078474
735075
09100
561231
887161
Shah22
765160
341000
461527
902066
548999
488323
804584
647130
Final01
65884
166012
403634
279400
587587
534215
724218
two007
859650
785587
095942
38955
819456
639529
121913
843425
953205
439241
546348
028809
984027
869187
400125
52206
499268
718894
43043
747274
13314
586630
056078
756965
099869
061193
Youtube1991
046442
409376
599973
050083
55146
590579
170665
655358
09877
875072
192665
malik77
573056
912274
088671
968704
68229
raja321
891451
51205
387409
520960
828476
997975
535260
639595
731632
332629
947034
104324
517715
558052
engineer2022
0153
416922
859793
252274
369545
0258
534413
69251
549043
000066
224532
757328
8802
48468
607728
953579
88109
746922
681076
000000
269082
151976
040480
71302
Root01
979044
696971
513315
813615
339834
048697
092730
247027
559713
503558
610434
612117
551320
123640
757515
218427
817641
278399
230623
434819
999933
Pass22
07483
235312
115577
344223
455983
850993
Hina1992
776886
564410
373450
558129
nicholas1983
866272
319033
631004
312653
095887
053647
928389
868351
359249
299640
91812
020966
0951
584232
711194
921096
32291
Ninja2001
Tiktok1986
8499
228734
thousand2019
914639
732050
433279
892408
7179
806388
791890
865788
937266
47677
967065
940049
888426
285219
574970
wind99
Ten1
dark00
Movie1996
424072
282953
360767
39767
713680
469447
69615
999361
918852
1303
72758
ultra00
42686
907720
664059
964271
843524
244145
lion2012
49028
703604
608883
zacc
740630
942689
105941
620873
892122
141713
502876
469414
855063
20566
151305
288673
948475
sxe123
292138
027544
qur4n
349536
290226
700634
934516
789624
484286
Queen00
250290
651101
392777
861146
282183
99015
695387
048554
510433
019349
023056
379489
90125
81809
864688
Islam!
912373
58324
231217
58198
512336
370997
181709
32004
165352
322267
722766
458051
177155
750838
161931
50372
497915
Music1997
samuel1
51492
6096
65933
9600
55839
43596
965514
083171
Youtube2011
153131
604945
robert2007
426580
067309
961312
154440
003685
432883
22960
03409
197428
964062
66395
740608
101222
035277
921800
471009
185801
194744
602228
254650
Chloe1234
Asdf000
006710
121539
615021
109318
915310
975711
599764
270608
156948
416042
628639
642906
125224
46669
033539
359854
254199
india1990
80633
487586
274274
morning2005
200860
10710
75383
1734
777634
09261
171963
875413
77784
213631
382316
976250
448360
787963
182633
686950
302082
39494
750409
468248
8709
00322
962027
772629
7362
105446
565719
636856
065659
926805
917356
212366
37310
079827
085107
762399
456654
437756
253066
594264
23576
951819
775291
003036
52598
774807
02751
439780
42371
4956
622006
431959
137181
55510
952479
91938
855052
870529
056474
Sofia2016
43190
111221
106392
908402
793727
070598
012298
818719
86198
371657
32718
190193
986854
251099
633765
26173
069300
63546
478489
2052
47509
400389
037917
766722
19523
331925
074360
779713
633732
691977
271023
538626
468072
808830
january2013
14000
725681
185163
955878
786863
407385
237017
80570
313269
269005
35035
220627
472296
195910
663036
548856
712745
51541
588698
86156
KARACHI
Two
976701
969122
1106
353606
255365
465949
995258
404228
992101
853325
699622
92862
Shah77
3921
59178
aurora
789833
963248
285560
073513
903507
207416
294151
254848
997304
692670
516571
Dark!
Google2018
9678
anthony2011
084744
831259
572968
Imran22
611941
last1997
062458
721974
718751
443542
0792
843788
859628
omar000
397936
159511
246686
832436
Adam
594187
0336
484198
863665
738892
xarr
84658
01358
866679
407583
327085
Instagram1234
001562
Thousand88
72667
839630
918643
14693
041481
217107
Windows786786
32893
538461
92190
Fire123
060610
736241
158356
603790
richard2013
513920
179564
734921
463760
322553
22939
414535
601898
266761
974765
50575
210926
385836
801669
306515
274560
5433
791945
137643
121286
542960
885654
532961
Raja000
119251
163394
52010
610313
800888
180730
227370
555236
231649
373538
Green99
947177
28378
286759
440605
513788
507683
832590
355795
237589
049621
834834
472450
156288
589765
389279
110187
234927
60494
757306
40565
952413
022176
413149
tiktok1984
747593
91287
871068
112013
8880
753181
346511
290862
256971
739717
706596
8142
13216
274021
Usman99
712569
621016
joshua2025
267608
684640
552882
791538
871596
107987
988306
1995
dark007
399597
12208
151492
936606
867691
674641
782584
youtube2010
242231
753940
188881
223146
080520
190623
515537
447183
562221
180026
401159
906059
838662
713163
047245
074338
922768
748264
259490
543686
356796
Fatima1
160182
Final77
030314
250492
449724
987404
886644
345081
965305
368368
58205
180180
169862
490072
fatima2008
111991
876854
Iphone01
03332
13132
291665
275693
086878
905685
068354
691537
242297
919930
97153
617991
5925
289542
806619
23828
339570
588302
pass01
906356
889064
038588
214544
651893
564454
509828
001881
678854
910756
44324
680581
803561
236643
079376
590535
883289
770440
697048
830258
613756
522621
402171
51212
983686
235158
010814
414755
826760
last69
Monday3210
982553
xsf123
987514
594374
grace007
474617
908919
Edward786
Root00
536404
963985
363616
408540
178277
040579
0523
622094
901417
21826
369281
353397
326073
884455
481723
419727
603064
89831
09198
809611
784366
52591
Hundred1998
869836
486013
489478
697686
242649
275638
seven1
070411
677721
07077
076417
292094
007502
140921
elizabeth2018
537207
71596
082643
578270
676170
948068
019745
110199
emily2011
53004
402908
917466
179124
172557
063118
TEST
822019
53585
Willow1
019723
830412
094875
866954
Ayesha88
1926
149303
212069
31934
73556
420585
user00
Baby111
956967
765369
935099
784135
8421
732534
0678
186032
891990
Super111
239800
sss123
077682
000748
048829
791362
250920
916960
902693
977548
217481
317636
480997
900570
08736
915981
005511
041470
25081
689205
130908
756448
381744
120890
286748
203588
11088
love01
253374
572088
389642
536866
654093
265727
948816
561198
530365
258192
384835
391138
024068
453343
817685
186945
963281
647251
98504
055209
682935
14973
97587
962786
884917
448811
268983
694375
Ten22
5061
302511
920051
994939
341022
353760
133155
113201
270710
onepk
97447
446831
46025
177287
100309
50736
443025
282920
176924
879901
622633
676720
890538
547184
213389
ten1983
Scarlett2011
play111
Earth22
744183
Youtube1988
867174
158620
883058
407374
720874
586564
424248
976404
932833
817014
994422
4605
800063
750882
03346
512358
950554
799414
121363
519860
575179
04557
91266
181016
906081
469502
500225
130900
574134
200343
462869
Dubai111
206008
269038
Ninja1234
138094
969078
716782
200497
826496
37247
19474
655633
267542
36729
70672
080762
97363
ANDROID
266706
Pakistan77
881430
738661
59255
160633
96488
832920
742566
73913
356818
52171
gregory2006
313489
704121
653081
342452
669724
304887
308693
344300
96502
Chloe
zainab12345
123365
92106
573749
404107
Imran1234
064262
240427
682814
833778
697598
389125
2973
33523
chloe2012
1806
762179
412137
877162
456500
315172
252978
481668
80773
010307
Whatsapp99
348260
889548
398002
349877
031867
060566
199705
197846
248534
275803
081301
brandon1234
045507
310493
January12
90538
109736
january!
468369
05747
053427
922009
00196
996138
834438
714461
381579
665214
069850
peshawar1980
847308
441155
abigail786
402842
590106
054197
98910
63245
517462
987844
337062
772046
Samsungpk
6027
787028
934659
915860
102949
261910
675158
454058
938245
724372
253770
713592
193974
636713
431882
841456
435578
32970
051689
214588
493933
30261
78701
317537
199243
753907
65625
243166
009086
93261
485276
651145
87920
411697
262779
718333
083446
iphone3210
evelyn786
grace2017
Shadow#
292259
333828
922933
026015
524832
141097
73206
Leah2009
875743
01911
79716
901197
745712
786214
191884
313940
933185
911460
Musicpk
77966
asdf@
705518
826980
Root786786
522126
349701
217811
050108
030679
358127
913121
041580
82082
Welcome1985
111441
47138
malik99
075658
292479
294228
295702
8754
84420
051005
84427
56490
350251
971707
moon3210
083369
313379
328581
42518
913781
870298
277387
698236
34692
476806
031328
656205
super2012
531003
22505
418033
841115
645502
Instagram1997
67795
45682
773641
586839
081466
029590
090699
555005
40922
Ten786
315689
Whatsapp88
412170
166430
352539
110893
97489
517022
04032
04928
819599
137291
450395
11046
017545
811426
490061
057695
178805
828806
606573
647570
738034
James12
766128
414095
685146
265463
834339
88494
783673
Moon3210
416801
757229
319044
85743
309276
Jack2014
542212
487091
richard786
099077
50225
570559
963204
129349
707322
622138
Welcome786
09765
939884
059048
630245
573683
432949
310365
908204
149787
836594
97699
839421
252505
Night2019
609972
391567
870122
341924
068519
92925
Mary1986
6372
6684
873741
755370
013739
07952
240031
947067
20349
071060
316360
497750
167398
62034
479952
warrior99
296912
390346
949817
700447
443982
191008
377487
022198
Wolfpk
743424
108438
imran
816992
46200
583726
375001
542135
511016
548691
897204
1906
370689
697631
7002
456060
627990
207944
974787
280610
101585
477477
imran1993
451176
831270
525272
70322
682253
991177
374495
207526
886160
543972
427229
268675
289234
540386
716848
253858
178706
832073
785092
065329
822888
061787
778998
205238
011196
092653
46718
280335
593912
381733
raymond1234
937574
975909
869924
187891
03052
192940
826111
096624
471295
39375
1121
775511
714989
super1234
0913
701129
SCHOOL
903936
86429
071489
780186
028171
0n3123
918467
372526
30282
519365
806542
662794
226039
017336
270899
403249
823812
Islamabad2007
672474
123464
091861
682506
082456
529650
08085
linux69
129415
492723
594352
368566
495121
616341
265529
457523
396506
034881
984940
944339
376255
886380
6279
218174
817828
02695
wolf007
874071
370315
Passpk
405328
Windows2008
154088
Wind77
765908
680328
110902
30653
103279
63140
301125
445159
345499
496947
089331
police#
910404
681615
338096
193061
580591
771441
071236
990594
599115
king99
867823
953458
801614
110320
264671
98938
576730
46858
059510
359832
171501
124751
392931
42560
468182
754028
035794
0817
261008
024409
426932
277123
Google1234
450428
984808
869231
506748
094908
210386
00238
414678
959244
528110
677149
900361
688116
779075
226864
448844
293227
christopher1983
237028
528847
636229
949674
010699
674553
lucy1234
211937
535887
596662
85414
324566
343761
46543
95466
746812
886237
635987
525987
064372
438823
083996
1503
991309
855129
62244
682022
715033
Secret123
584221
017655
436007
358941
570449
141570
322454
821150
710666
804078
568150
65793
081983
973335
Kali007
04130
240372
073227
958309
504273
466037
801339
838816
818840
924077
Lahore88
456643
860838
86975
Asdf786
880759
Facebook#
647075
27293
382679
482482
112772
271304
796378
653158
036432
387365
457083
343695
689645
22183
040348
81340
892639
Joseph007
58912
304645
610401
283382
106029
845614
443839
dubai786
526625
682473
683782
130117
87451
84623
924660
094996
708598
104401
744502
547415
213400
046684
269599
140756
996776
3450
177716
805101
917499
960256
432366
098109
580305
F1r31
623568
091641
frank2011
386738
881672
053031
122683
033066
492866
023331
02415
283129
653785
873829
330693
335676
746724
822899
150238
248281
146861
647922
baby12
120032
571648
GOOGLE
712217
403623
164043
66031
457435
75236
708774
192698
033231
020053
480722
95851
1407
501809
126489
Kevin007
104016
344608
900724
591525
raja1988
627132
230373
026444
360030
470822
732435
87276
435116
841346
364221
110914
968385
27412
Password1
545105
970673
7995
99218
elizabeth786
632918
79359
579139
02835
677226
769032
492184
247324
798204
blue123456
432058
3621
525118
475057
316162
483142
93905
Hundred2007
465322
815705
587675
500104
8208
805156
721688
743985
869770
312774
Joseph12
835098
965316
386606
201773
00154
470107
069465
296428
37009
395010
49042
314743
8487
45164
527439
311157
39578
464706
580756
Sana12345
9174
039974
425920
47887
700348
672870
910272
230769
903221
157113
4260
175967
super2020
348920
857835
53270
203643
61348
418517
474936
640596
830214
970530
898381
qxc123
354970
391160
228173
384461
867020
175065
074800
766073
552871
594044
943096
942403
218889
283855
8715
513095
479160
563530
310693
500335
83503
70168
334521
28364
558877
030193
984049
93534
131340
817608
243595
62853
13167
587840
166881
Malik1234
34223
848540
311290
478709
444675
221243
6147
904486
bilal2011
937717
college1998
147961
548900
192643
Warrior2001
055044
501237
450208
800437
fahad111
380622
062711
271513
011020
440693
34349
158543
zaf123
749837
Seven22
221276
524051
362637
741895
225874
2994
94073
Hello1989
205931
588236
820842
797126
999746
729168
Z41n4b1
912406
486585
252164
290726
898909
513766
Hello1
24808
710985
279752
137533
75040
doctor1996
224697
84861
784300
268840
231253
6921
790911
614735
192621
479611
40579
Ali123456
635965
905564
780780
94388
885610
216480
171008
434060
45430
785774
991089
899569
246059
232012
046761
036718
56882
485023
408166
325875
181973
68271
404195
910910
703010
997216
183568
338074
Hina1996
516241
969980
63490
74865
554840
147862
593725
Ultra2005
232650
665841
348546
968143
380853
090705
532576
Student1984
734954
849013
wass
803539
632467
14665
911592
16107
4275
505835
602151
75789
085965
Edward12
504174
353111
6804
270111
783145
336556
505274
5538
6750
016181
2127
535700
324225
822602
973082
48363
676918
240922
353529
278190
673904
777568
348326
507243
441925
tiktok1981
410377
916487
510114
857296
Four69
453002
brian!
066154
781770
857384
065142
603812
015719
938509
784025
211310
660715
397320
203753
601557
715121
7947
094336
zachary1
1229
12593
856988
427669
351835
651508
700843
572748
900636
28028
135146
000088
93282
806322
230396
353265
37639
51156
811217
330077
Charlotte!
576279
pass321
567457
946011
352902
068343
622765
707168
242451
26215
18620
020757
271126
385506
204688
484572
79233
Instagram99
648813
302159
28798
130350
067507
58317
755546
23765
271931
555720
654324
486046
565356
589193
975491
975073
904805
821700
97909
065043
299673
620070
06370
665027
477015
06342
688336
97874
15743
294580
10556
omar#
364749
50267
444708
094545
jacob12
137225
334631
091377
harper2002
140228
Omar2024
806938
149831
star12
063646
071296
508420
394702
310002
175197
122463
523974
089287
128458
021241
124707
136455
469942
828498
634920
earth00
288068
818818
221254
089111
Justin1993
638187
812603
78946
708389
587158
938344
662618
41958
Allah2005
771639
4035
00945
84231
066033
886446
801405
760155
887073
885951
555313
812317
614086
075339
760848
317207
646393
119394
Windows2000
398926
153978
647768
637890
880561
814187
602448
005830
Student2012
sana1997
0234
891803
210696
25634
359227
837496
007447
590425
3147
789514
678414
624437
277948
338767
387684
265782
152295
23303
653554
269412
110323
796147
ayesha@
56588
499191
10983
sophia
172502
689469
345983
linux77
537372
927256
56735
686367
315018
Chloe2000
701624
272525
868560
680867
447480
8616
838970
901219
996798
701283
070190
190114
215072
210529
693264
097152
844591
090860
Monday2004
47446
313830
112794
853171
13139
baby00
642070
85260
23527
150902
704000
islam2021
11333
116314
481701
820875
59892
842567
Police@
035816
321618
444796
710831
327547
405471
860299
920205
115995
085019
275451
143385
71393
9117
79394
297429
835131
132484
076736
607464
19936
467379
3669
260381
670593
68936
491931
230483
64792
023551
821216
898788
870716
604758
13832
624932
462616
758142
394119
507342
283349
635569
834823
824791
167640
190408
610742
023067
757570
543774
246961
dragon2008
Blu31
690525
411158
976943
040898
561517
751223
11879
294052
60634
602855
020526
13678
0882
064383
359480
670769
Karachi2025
129008
6213
854898
074778
695145
336930
37772
428428
064966
024552
865161
790603
464937
375298
546018
578875
159170
122386
103994
964458
10577
523325
870166
909480
264319
15330
469139
276727
445192
38815
Asdf1984
96544
236225
583715
935440
537790
8787
712096
450945
220528
287826
652102
073260
82607
464882
500775
347160
568051
494054
826353
Samuel007
Engineer99
8013
202444
362483
486409
871893
815815
724735
instagram88
862719
589732
241252
591591
16492
48202
475211
146058
388058
9921
Islamabad1
164307
145310
474969
352418
308957
karachi#
237248
051392
47705
589897
Saima12
913154
278025
064163
924451
633842
117425
849266
623062
505934
765600
69524
845262
575850
505901
266354
025267
740861
29029
921899
842765
860123
766513
988691
012386
577698
505142
109505
418902
526086
068508
17710
309430
255871
402149
47950
493911
911317
424941
155496
231066
011726
293480
611424
114785
instagram1997
68845
459217
87955
49119
908369
Admin
686972
938718
443531
544302
zainab2026
784729
052657
star1990
223399
284724
995434
257961
054263
Justin12
4278
185647
502073
567292
344080
789668
011199
70931
25774
187594
62622
771353
099605
342518
858242
092004
711601
0601
301103
758406
813230
427592
91826
228074
572814
Peshawar1
807554
112893
896401
463881
546700
910965
424479
54271
993168
047718
270523
48797
511841
012397
475376
399718
311123
274648
902352
727078
071211
146289
411774
709005
674267
51303
083633
567358
596585
69727
615934
150499
5676
042130
4374
761090
55783
951115
714703
114422
83664
122144
461714
527780
371481
018271
83412
364144
826859
459085
735141
331254
383548
539242
005456
890439
511566
613910
88326
03045
secret1999
792935
167464
12047
821854
643599
8553
365145
612656
278630
458953
malik123456
647416
756580
098307
719213
44667
085162
347402
55965
929918
065571
16716
21539
427911
462330
samsung2011
748671
105402
Warrior1981
dark321
141152
825209
645370
510092
795773
179223
Ahmed123456
368346
514173
310411
84140
187242
723151
447073
538956
23611
290620
456753
397364
753566
308781
039677
673277
607101
sun1
171111
310431
356411
711315
667172
993674
575586
309815
352715
857472
114532
471724
ten321
61089
675774
362802
522599
850938
877426
273603
ryan12
452309
498839
28133
497596
35959
558833
046453
955801
322619
352209
3792
703153
297792
812834
521048
898799
747824
102542
896841
67466
929291
190308
589710
460988
019052
757559
103609
lahore77
284229
470030
45584
129206
452771
779636
368489
79506
295020
Adam2003
69062
926926
423566
test2011
753423
987811
553509
156409
611996
892155
328130
609895
3804
347677
027621
Dark111
frank1
22246
75278
495946
182963
034826
013409
67382
250965
654379
apple01
09212
88816
559845
365563
011055
919193
96425
394801
169576
49812
627803
5625
662189
380204
474859
627638
050270
860398
24255
473869
91511
237611
901406
54614
demo88
751212
79611
813593
642884
ethan786
366091
680251
52633
815452
372878
35084
382525
367367
Welcome000
Two007
367917
instagram2019
04116
844558
413820
568238
030823
104511
563629
154880
mega2007
861113
3333
458007
876161
79779
Master
073546
452595
99512
680988
588005
372350
118404
274681
355751
75250
206558
4200
405812
677380
708158
613888
Sun2003
938608
838651
26187
047520
783497
green111
996721
704781
192390
279939
06314
065747
735900
924264
343134
668910
271040
933724
040502
732666
568711
test3210
8316
12852
454245
5h4d0w1
497299
535326
037147
095271
309936
898546
749705
221210
810590
465201
403238
294382
224136
495275
383625
997909
890824
899052
348964
123178
637549
54740
594693
466367
9975
383119
6219
570878
846505
60235
416372
421641
199507
583066
85456
107745
995423
350053
zws123
409827
76846
44835
374550
716925
041349
190861
428054
837056
16618
Sana000
838354
49126
370964
351912
871376
51611
223839
40271
fatima77
28917
697587
386848
786467
574981
105545
Bhatti321
908589
383757
876524
Multan2020
1nd141
493658
897226
572704
394163
81550
002398
410322
828718
703945
Light00
345279
406978
191785
190487
55643
535568
964777
73304
116127
352550
809402
435446
800921
88550
365134
43106
084040
passwd#
366355
Qwerty1
040029
680438
455488
148038
866822
704605
112475
945989
pakistan@
225775
january123
73290
621555
262295
584573
52143
101398
206283
978307
053042
57358
661551
270424
angel!
399344
032901
584881
613063
500731
229493
666996
446578
paul2020
273372
935198
485584
662585
User2011
89516
680152
855811
801647
319462
174405
598829
415789
175857
404723
323939
139095
936463
527230
25074
David@
893860
669295
959761
989824
60277
661331
772871
924110
instagram99
976195
897182
09030
915893
180301
147367
569690
68908
664961
176836
290493
683309
562650
Usman88
605572
464475
earth12345
415503
116028
760045
710875
667128
200871
942810
973632
846384
413039
42707
55860
884851
637362
712437
921503
564630
502007
684453
817300
574145
52997
538505
559273
428362
355652
178772
066484
439010
655413
392700
794475
150523
678458
890703
945373
0304
usman12
768768
67018
59717
566401
Pakistan00
87990
714692
271524
130505
286924
92505
391072
937992
190899
22932
888624
423203
6204
962588
885929
250668
271199
221023
031099
022891
Five2008
648153
instagram01
752796
634975
859111
152933
747901
38094
22428
Omar2026
981497
061721
574596
179443
922372
506957
215424
588742
526141
432102
037543
315469
858088
161117
549285
George1234
536690
073359
352814
836132
791681
06846
465465
695585
Qwerty99
930237
945153
437811
99673
79324
140173
659670
610247
8070
284009
28945
235191
9237
82467
478269
007029
492998
movie!
397925
444279
970200
492437
730543
684288
777370
06216
262251
5883
840136
wxdd
619014
556116
540287
661782
Peshawar2011
201630
407506
605748
312081
810766
838519
42238
422125
instagram1992
542377
963743
244662
63441
232144
7626
741356
315634
071665
h4554n123
ahmed786786
2622
96922
443234
260040
280544
492624
qwerty786786
73087
8040
230293
896808
Allah1986
304315
869374
50771
716672
732732
261404
769593
622644
02674
222937
zxr123
452936
928301
887843
082676
493999
036729
728365
656249
675741
095249
540056
181159
Emma12
778624
92946
389807
756184
7065
428142
53522
102157
215842
asdf2006
159742
162591
796642
376783
25158
42637
95893
058916
630916
67942
168223
50757
767844
015092
238227
243243
56231
180092
912340
618057
Richard2017
884158
896434
076186
198363
791472
992200
822437
225412
193380
161821
192247
931887
340087
610786
307120
229174
227458
803055
eagle3210
268037
205656
4566
386683
Fahad123456
803814
384274
535282
364188
885555
94752
903716
49077
837485
7689
1155
95543
629079
817729
250699
555852
976800
647735
371591
Islam123
126544
607442
022099
363770
969595
435864
128722
Jonathan@
134717
753819
738639
933207
99260
852863
070508
567600
624822
070611
514503
495561
528880
576686
741070
392579
723910
708059
416966
618398
hello2006
557051
224312
305316
620829
809699
286913
Evelyn@
889790
126522
158741
504834
810018
700612
089001
77770
07567
Layla1994
290890
614438
16282
521389
935517
847825
585816
110217
476982
331276
190256
428692
abigail1993
086229
435842
737506
09681
0066
363319
119548
Dragon2022
anna@
958122
632599
077693
190690
fatima12345
811921
907115
297704
79023
175890
608124
795872
921734
Water01
480612
955207
186516
Five007
994543
200453
721468
021758
182952
769846
268994
224554
9309
141317
434753
673321
6195
530409
237809
356246
436348
922922
859892
364947
340010
Tiktok12345
575916
924946
91252
354893
766997
250041
995104
788535
four01
thousand1986
355762
65877
51667
783508
066638
064273
190278
321233
341286
704308
659516
72352
79597
389477
18179
041679
27636
16786
017996
906906
528352
078331
654797
59738
06797
608344
789844
345554
917147
306845
Violet@
371844
80416
280764
439736
527868
843700
abigail1
Baby1234
41517
596101
313599
707223
480051
218438
555401
815496
294635
170426
Ninja3210
7830
226490
tigerpk
688600
511357
723338
732798
278388
620741
473000
evelyn12
572924
014619
09975
657855
735383
898227
812856
super99
341858
736956
324434
013211
701525
455268
992563
07861
356620
389686
128997
951599
211101
603570
28014
792264
396869
160061
026631
852830
495165
151294
388641
450582
441353
424160
142461
150111
916597
252450
398035
564168
787798
729124
03171
426591
730862
176583
Rajapk
827860
558096
713746
385869
573716
903067
931711
548020
139337
8970
73423
432564
65870
Dubai2001
643885
212674
866624
540485
93940
294019
910855
red!
585068
338371
070490
gregory2011
429748
Play12345
77553
917433
79870
644996
four1982
375408
086559
764841
222442
6411
575806
711480
722689
261734
214511
677413
835692
87290
145871
494329
34195
577170
40341
Green123456
092180
72814
704693
089122
510279
294448
16030
646492
153626
923879
Instagram1992
645689
46753
64288
100947
129547
771606
89348
296197
847704
161260
58135
Hazel1982
686664
683342
251966
604252
578061
761948
917851
935660
346445
Andrew1234
645304
853875
065637
68985
833767
051296
39452
460779
264176
24836
673508
956637
477961
982487
430507
041943
07644
307967
383449
632544
Noah2025
447106
745888
963930
20188
474694
939257
736780
955856
139546
920524
433202
152944
568700
704583
216370
182589
715088
394185
601480
436282
767624
631576
41832
850652
136939
31017
003234
18102
770000
271211
00252
986612
988427
85232
251559
143825
992860
266607
657448
264792
king007
4326
975887
296978
353133
college2021
221716
110770
106821
220572
941358
Ryan2012
872861
108647
034848
70763
66129
393932
college1992
046915
584089
175571
476938
apple1996
070926
894366
809919
389939
One1981
451946
137148
661155
886248
840543
370557
Bilal00
150854
335874
32627
156200
560769
816717
293271
joshua2000
Star77
619113
044165
482339
510983
168377
697873
474298
93541
062766
848078
07105
815243
676929
68859
472615
672947
Lahore123456
211827
260370
334444
557040
883883
Fahad123
659296
asdf88
799051
433851
921866
026268
omar1989
496782
Andrew1997
156585
342397
Muslim1988
18228
107426
361086
521785
819203
Facebook01
493262
327316
321706
477400
167937
116908
084788
049995
136906
866888
430353
484440
011594
112277
339823
621478
663212
525107
447733
041877
anthony2002
72681
680383
915915
64659
460482
508079
09233
326579
258291
26628
828047
298144
102410
617980
964007
595595
268202
316371
714296
528913
325545
977603
675752
512710
560417
910624
537900
485749
green786
emily1
632269
maya2025
250998
242847
605924
518034
647086
76909
44492
45353
792638
317911
7080
96628
197857
034496
488015
957055
766953
Moon123
qaff
4302
hello111
685949
483131
311026
73353
Instagram2018
11886
Eric
Admin00
420409
aurora2025
705078
701910
849079
9804
446424
997315
582505
867317
6516
596123
924484
1712
733370
600677
624800
461692
5616
01162
80094
375837
027753
153769
785367
036949
573529
324126
565114
972191
156024
1011
77182
057541
Omar99
781011
378356
506297
280599
757900
294921
237413
islamabad77
john@
611787
355498
Three22
345202
360151
031053
522423
175373
736219
253528
209605
832744
290972
879967
mega99
74907
827420
201674
024926
797390
339097
483978
701855
119317
934021
096404
203742
23506
941633
885687
957253
608718
12915
green@
225863
1800
554730
557172
278047
70476
AHMED
380468
632885
0960
006776
124212
653224
125884
110803
691592
333355
347710
848034
495748
706486
657525
172953
Brian2020
12516
604076
135421
54376
109054
Imran2011
19859
339075
Wind2022
987008
607981
06300
072512
357225
079915
816530
701514
552739
152405
727914
274626
58240
sana22
992453
016467
802703
798490
507661
6948
517495
066858
159038
514569
95683
7110
Welcome88
231902
223300
892617
91735
435710
849827
986700
376860
640123
67326
444642
267355
700370
32662
61866
696773
326095
466070
212542
350933
550363
038170
73969
185581
678964
704682
621170
754270
Hundred007
874104
Ninja2005
873620
885456
536613
814990
028721
05621
426096
878152
57197
101750
728662
529331
091696
09695
151117
942260
Tiger
502403
24360
304062
632104
451858
704880
070279
Fourpk
295064
809457
Michael1996
270006
911801
930215
255585
447766
9453
130126
957011
483043
33313
659571
331672
962808
Grace786
228558
050423
254232
459404
968715
528330
706904
Demo1
344201
290774
Khan786786
520135
408133
672804
813802
768999
506671
11452
384747
102091
imran2023
28203
739156
366872
karachi2023
082841
375496
626208
365167
30786
515361
231506
Guest22
572781
2908
884587
814143
008338
340659
948442
278256
5682
070642
979407
130119
686510
630663
593351
493625
325215
523897
548537
981860
xsc123
677875
669779
134816
299211
1575
zxf123
qwerty123
251922
427438
220352
760397
529012
357621
510224
029898
Doctorpk
038544
Super88
239173
13097
195998
978351
300344
366179
admin01
976767
35476
01393
961994
534831
428714
897908
844316
546326
128018
196768
00693
Doctor321
374341
305085
741774
islamabad2020
36631
921327
311575
077792
540716
772706
308099
069377
64722
hello2017
32585
604846
882068
096723
0409
928686
975161
860794
564861
178090
202598
721633
240977
273328
khan1996
626351
881243
094325
992332
784465
092257
813219
62405
148566
948145
855283
815881
636581
0237
509993
853600
754787
068761
169301
095920
448745
245069
778921
879505
559548
99470
18592
07931
727727
661375
318725
830016
583605
488521
399355
516032
779229
62867
238678
849717
284966
466884
20300
455807
313423
772453
483912
752125
974666
382382
010494
123662
089804
330429
207834
739222
849739
702614
349690
237897
129371
fire1987
164142
658944
79289
841577
62006
735977
first123456
Instagram123
775995
25585
033143
927487
888899
759088
958826
449042
371162
836814
319957
557128
802241
378268
195690
239888
wxff
688721
639331
kali1234
494879
162459
9351
danish01
138952
838695
sana1995
050743
251944
pass2006
3708
169411
300487
904068
277035
595067
12341
34566
january22
999350
682979
King2010
21112
444928
278333
116160
858264
595199
356719
270408
dark1995
97195
14385
365838
27279
03269
405889
442068
035662
142307
309452
queen2025
011208
930028
434423
888855
803352
030608
871629
369402
832227
350790
396682
Tiger1983
844426
630179
281919
474243
849387
40530
420332
386463
Lionpk
844250
152174
944988
435853
Love123456
255024
88291
7710
355025
491898
68803
15526
76692
033836
488026
075229
John1980
777942
077583
048774
343046
350746
633754
170522
853149
461208
30100
366795
108768
080751
42357
Asdf01
415415
993685
655193
488664
304667
777645
363066
835065
Indiapk
802736
68950
946649
p455
577566
761530
346027
95186
503118
835934
367972
420002
842149
521609
882233
117414
623590
805398
82299
033110
2724
150720
980210
92813
589226
155331
889130
867988
589666
698159
903760
474661
544841
wwrr
190705
9675
433576
190410
872091
512952
patrick1
453838
22071
Light2002
212091
Dragon12
791923
263593
68607
517198
617331
925705
103301
5832
075867
388399
85652
steven007
541134
063943
995588
691328
18949
884686
818620
69188
Engineer00
430738
443388
529804
835967
439131
430683
095986
968165
208274
140855
00658
088176
470657
585211
124421
895708
05558
37191
60130
230120
321827
54124
775192
863907
953469
826210
879021
230021
331012
Zainab01
526834
964161
908875
802802
445632
370546
985501
187000
20951
7557
474386
544885
671033
476201
800976
096646
686543
603614
125895
230117
751410
418737
932525
Sun3210
365992
699292
334114
359007
640002
060676
271216
822690
86926
611094
3417
450681
365508
533291
37212
526284
660979
446688
749980
131747
Baby2022
415096
207889
62510
936287
hundred1983
185218
hamza2026
353551
398992
582263
06874
967538
89922
05908
7191
267938
0000
user1984
835813
564894
629497
570405
178167
Ryan
027137
875314
nicholas2005
Linux22
567732
607145
kali786
694980
579612
69265
848870
551947
718091
959145
raymond2019
077594
22561
877778
186340
290587
80234
73640
641333
597102
564685
17451
171380
2711
601524
682088
181643
491128
838145
050520
994389
924462
250305
772376
78687
683441
542905
5853
test2022
512732
25284
939939
508849
465344
331738
536151
facebook@
001683
13293
367642
062986
733744
94759
83951
80787
Richard2019
962324
jack2020
00385
228976
008844
blue1
355454
755656
121583
7749
067012
027665
2772
776061
176770
401522
swd123
402061
941105
frank@
290664
238876
949267
252967
252615
8604
775907
8643
412104
681813
203390
28882
567336
042394
238337
Hassan2005
710490
676159
700326
10689
855316
612623
149765
131102
516648
864182
275022
437008
999768
313995
354486
028919
11858
96383
Jacob786
373219
960641
156827
79863
43617
043208
840983
4869
098549
55328
049742
896973
951148
76006
42091
Adam2006
680009
Warrior88
679547
438383
181038
12999
937662
478005
437679
Joseph1
fahad1
876370
447964
748748
apple1
272019
hussain123456
499994
31185
989417
367664
250599
089749
519024
1422
123783
violet1992
4827
danish2000
henry1234
01064
194117
32382
137852
378972
42147
Secret
151778
67039
0042
503866
233156
397419
justin1
raymond@
354508
744986
836891
857406
514888
89243
978461
003146
117348
61586
770506
092785
olivia
84280
889207
880187
571483
969452
392304
525833
107998
667370
573661
951654
608861
Tiger000
Test99
56070
five786786
341407
099176
Maryam12
11837
52801
106425
824010
790471
435908
77938
560692
969661
058872
046222
658240
966691
720962
113762
555764
372658
629871
6393
999889
99008
549967
843260
827156
767954
1260
415184
002541
443685
217074
299948
398849
riley1992
019536
sadd
455565
374671
23317
039479
385132
998613
834185
398189
212300
56672
064185
387783
384857
053416
941457
Teacher000
42070
College12
407649
327261
009790
390115
378378
686015
158510
441342
47460
833888
177650
865238
271093
492316
684211
303171
751190
049302
84910
02667
748792
623183
awee
test786786
419166
027885
813923
990770
435105
513282
669273
bhatti123456
Hello@
101365
instagram123456
597641
383856
425315
420244
27391
558481
792385
930710
80276
850333
166474
914716
ahmed000
908963
462110
308209
762971
596519
061105
744590
243078
760067
302049
094853
774994
386617
41846
822855
967879
36092
210796
Dark12
808841
064207
067771
372405
498498
931590
559449
279543
355289
686686
5886
201817
629838
shah69
304216
818367
454531
936947
324643
715638
69678
812691
743842
437789
3273
sophia12
52472
118668
010131
973687
196559
690250
868692
289828
893079
656623
3534
engineer000
R3d1
52703
863126
218845
875600
344234
864732
115203
339911
383141
727375
859969
5637
250496
407143
940709
130896
648219
Lahore2018
148313
773047
219131
474397
645568
360107
642345
645876
014971
219373
42567
269775
510477
302555
83146
159973
593472
Riley2004
2193
247830
014355
166991
132308
614504
851301
055935
588269
635118
612216
798633
lahore321
289685
557403
35665
34216
999922
17969
4731
746306
315744
372042
352154
022484
59367
642037
24549
407330
255134
405999
Movie#
229812
694562
592273
771870
740014
612304
463936
599929
70742
John1986
622523
401423
Test1998
459327
Threepk
211904
523116
628507
049016
227425
538912
071445
597410
216194
49434
410696
26082
521708
679932
269192
006424
164263
601326
270911
430628
115698
561539
864765
420420
28140
094061
357445
456313
demo@
Pass1234
137104
760243
754292
402248
183150
295339
375177
WINDOWS
949740
095524
359513
205095
960421
944966
072369
90510
187627
Master12345
310111
093390
Hassan3210
272327
500632
06230
288332
youtube1996
011638
43687
002860
949047
135069
021703
206866
193996
301686
191730
187462
500082
561847
667623
733447
546183
345785
210375
111012
92274
93779
Pass
880473
55881
25088
180103
654357
791747
985611
33187
Super321
837155
50722
013541
453541
27216
970387
Zainabpk
368104
46809
659340
khan111
92638
339196
181929
185669
74298
326161
Warrior!
043901
58093
484484
728926
69167
427460
253869
483824
0483
706178
602811
655050
136851
468831
qec123
448558
430221
613811
230611
89824
Frank2007
425029
789679
linux1992
381557
942942
6132
Lion
197043
538406
allah88
024486
Bilal1234
831688
356939
565422
Tiktok123456
91070
619927
379995
Green2011
700293
923340
910184
8181
115874
09527
23359
114565
04585
807202
play2015
961895
Ali2013
LAST
334587
34419
police2015
191433
434247
475156
258907
116336
637582
250195
hussain111
148258
117920
287078
572055
840235
786577
706376
481481
680174
623997
720588
130696
104544
454806
493438
02534
216634
871717
834449
125719
002662
019569
queen321
855558
hussain1
101596
794981
025531
223883
14049
886171
148467
354123
071643
295042
010593
724680
mark2025
536965
739596
339185
muslim321
BILAL
010808
67179
961642
80927
754545
728211
718168
zwee
295801
532543
487289
868472
510312
864072
1116
092433
764368
253044
7620
214555
398354
838332
361713
150223
413985
551914
615164
33047
894135
32746
505175
991045
210254
1254
78470
535194
96250
952039
890527
75523
045320
416988
362384
130163
872619
Hundred99
153384
546161
764027
333047
32361
797676
194469
777843
345884
717211
1881
652157
541629
494450
644061
263285
390962
836539
379588
229680
muslim1234
113773
59598
243980
498872
9228
840994
377289
536954
7296
056133
984159
Shah
419782
161293
825649
475662
933735
343244
179069
49833
231055
684739
929874
667458
611072
zass
964535
44933
333366
193556
208912
929027
894531
487575
429638
admin69
Stephen@
82558
68243
985380
724262
241648
991573
022704
796059
051227
128370
860464
292798
387695
788117
467412
497343
687863
673409
371635
99477
38269
275594
654995
618453
098703
731335
050896
71617
054747
791384
617243
573221
142868
549054
hello786786
16219
977779
052492
731742
98070
670340
116512
771287
011737
369358
828520
316569
037719
494681
541244
692725
856009
366597
533280
ayesha1997
338404
70644
123255
502205
475651
64204
043571
153560
Lion77
189926
00133
041701
474221
525569
932371
045705
621621
186274
Dragon1989
281083
38332
740509
846285
428868
433961
900988
Danish2006
078958
807873
sana12
908952
536008
37072
405988
Warrior
083435
293260
248413
568425
106722
785004
samuel786
guest786786
Edward2011
Warrior2002
936661
2097
582813
Passwd1
798402
330374
550880
244640
279081
Welcome2006
354013
620169
604395
70154
282777
Water2014
693297
431409
367543
700205
336292
95200
208153
878867
675840
537185
290802
701943
98301
225214
Omar01
811008
engineer01
551782
9381
815760
five123456
655028
942282
404745
478973
Khan2011
732567
khan2004
zwf123
zachary123
054120
215875
074932
930875
59696
190663
160556
850553
294415
025905
769725
386573
youtube88
465872
391171
524073
2763
563970
795905
saima12345
172799
87234
577214
205304
359073
483681
712382
362758
722557
866932
241791
468864
21686
pakistan1985
242495
190105
66682
65142
275165
939807
93170
683056
09562
651442
15561
368995
366509
618794
011296
043593
683353
795927
117634
952842
940456
551496
730367
166265
287441
902880
739002
210917
510576
307791
550979
036993
682627
28805
036751
954855
1473
875567
402094
262141
657745
588610
440704
163383
74375
224092
Night!
6876
07819
724669
qdee
49168
lion1981
636163
508398
469183
719059
058421
401016
454685
085459
037070
178750
raymond
159346
Eagle1987
702537
kali2001
144562
563222
281336
496342
371888
274824
761574
496320
846747
692153
welcomepk
898326
463199
08302
047597
833437
387981
953744
660286
360569
969199
049181
201124
399443
863434
556270
474551
4881
234619
406109
9735
141163
733227
78855
487949
977097
09632
872256
144540
712173
856955
080289
966416
Islam786786
046739
507518
809765
school88
924836
07595
21371
338811
489742
User#
687302
647218
973885
442299
hassan2000
77238
58408
122529
545160
steven12
084524
183898
773223
050237
424930
588148
Brandon2005
165396
348502
120648
068552
647482
354475
Night1991
721149
79982
Quran2024
965921
651178
831314
606386
813703
998712
98616
741796
25039
252626
30849
king88
913418
224774
151099
102707
282909
534875
773542
794816
621038
95375
270223
520113
514767
46165
660704
843865
lily2010
722293
79835
72835
161557
900130
191223
2244
078540
569943
649528
702724
696542
002189
372625
311751
002893
518155
879131
679349
wwss
806135
089034
285076
427163
565862
29449
90328
768658
226875
405515
836803
254793
033132
618574
912175
00140
090057
606804
493636
388498
68684
80311
383867
124740
666292
144298
January2012
116325
724240
008349
957528
Student99
Raja123
787501
97608
272954
016577
saima69
935726
374792
452958
366949
54089
768383
385077
512116
apple1234
534710
723184
251493
0507
lucy2016
308088
028842
560131
763169
ali99
351450
434302
Sanapk
20706
598015
821777
698093
47719
502513
2708
David2018
131527
676379
165363
427581
321673
048169
261074
260755
798897
163482
965162
49539
319803
186692
root123456
samsung@
790768
735460
71743
Whatsapp!
38899
059708
580668
28721
691966
418814
98917
F471m41
328163
277805
028699
081191
741257
199309
543565
12061
805827
Abigail1991
901384
43239
336248
807961
673640
0159
034672
306339
258115
815210
play
727320
063833
322938
650672
204314
6435
333058
276397
973830
160138
875842
59248
544456
230417
125741
876755
436139
84287
597960
First69
70945
592845
619465
852324
212223
37926
mu5l1m
511995
889713
306383
35301
islam111
166298
836440
994334
733656
hassan00
528539
Emily1234
512215
Lucy2026
205711
305426
841357
731324
311096
470899
189178
909370
883641
920183
866481
315579
904893
783156
030826
919424
365849
187759
322058
721963
549318
215292
578754
862565
307923
674971
7614
712690
046277
677578
422026
856306
903518
88746
269159
773080
033781
236335
10010
888404
149688
742632
932668
280830
2705
820732
056507
798369
160479
723052
538868
488301
190234
265749
910217
777315
blue!
842083
835373
076989
348557
333025
616550
246433
Final2017
560274
20503
589853
009042
648131
09317
15820
Anna2011
83167
156750
517946
575146
519761
601392
093621
313291
Hamza88
976228
291017
101695
970585
214819
31157
51149
Violet2011
466169
180675
731687
324819
620807
473451
Ahmed#
014773
engineer77
236500
138006
83342
981684
058014
230420
279422
474111
85792
458898
323785
921030
56350
528979
297616
318879
Demo000
27349
276672
307945
344762
170423
32571
826705
127336
331617
410267
125444
944295
16912
89810
21161
664884
096987
Joseph2024
Qatar321
883861
112002
54061
395725
75075
985039
722491
045419
615483
omar007
254980
73815
010908
268070
513876
48328
513557
707091
534633
791978
805563
749441
824527
422686
613294
712767
649242
542883
770671
638550
251449
265342
506000
3507
133001
783035
game#
565400
434137
503668
97181
599863
01120
android01
510444
650100
874500
501864
282898
788524
apple22
692472
raja!
190702
610973
63693
School88
758747
45535
4128
912120
642631
320485
morning1989
449515
358567
311179
095612
361229
227689
773399
demo3210
emily1234
741147
192236
041514
dark1993
636669
222838
94689
889031
871101
706574
022825
935583
35448
087406
usman1981
657932
281215
743149
755810
572198
563772
850597
582054
warrior123456
facebook#
732787
water12
007095
570537
983807
703923
996567
207471
195767
Iphone1999
200178
242044
96453
5862
754314
6306
4878
20601
719983
654632
839509
09604
576191
484792
417296
Youtube123456
124487
669812
910074
867273
070070
14301
156706
298760
610016
178420
706497
341649
121407
079453
Bilal69
12250
576697
47159
493548
872850
008228
294162
357863
66969
0510
542938
89985
280511
939631
796983
227183
758802
389587
231214
083699
110308
951401
114411
490930
897017
416526
203984
105061
959299
114378
820611
54558
542806
41426
303732
45171
329186
937068
754589
101453
59416
748363
BLACK
150799
eric123
Dubai321
746834
User786
04102
652861
92036
087175
753236
195415
801108
29568
608498
013178
377707
107811
171908
228096
094622
607277
363561
043615
672298
983884
257004
357489
549571
59339
004466
435039
013948
488961
461362
10486
187341
977009
948310
769923
702031
900350
January1
778800
942249
501336
033330
796972
985545
721611
0339
811844
095018
613316
032637
49504
204094
051304
972642
022792
395351
65961
000473
khan12345
282392
27111
light007
413765
092697
353980
590755
290590
016423
866668
555137
167761
03416
807345
885698
993157
534743
416691
62125
32305
752840
423962
741290
99575
windows321
114642
28980
93478
272294
master2021
744216
329087
1212
261052
469887
976360
304777
336644
64652
345444
95606
875875
Youtube88
willow123
888756
048653
53753
920590
022275
008558
First22
343145
warrior2002
92533
707245
8496
528858
156970
587543
48412
66710
718762
99533
696674
08442
249062
833536
765721
978989
847902
Love01
983543
26040
564795
204721
107074
546810
012232
213092
744447
999262
aes123
238854
691988
6720
190411
488708
448800
7593
050123
86905
734415
688622
839080
300817
902011
47964
029524
90965
184481
794354
318769
80157
433598
982960
943272
332266
13979
231330
916663
44247
720269
189101
681780
584650
292413
329120
15197
45563
984302
110626
155056
515042
780923
447084
158719
110926
283723
789129
570416
89943
612161
406901
456038
478368
Hello321
091179
067540
553245
ninja01
184239
00588
723272
password12
555577
Leah123
4419
723404
994609
593681
91000
618145
131846
460064
129745
603713
376849
01967
226270
42854
149996
520762
F1n4l1
202840
435325
736197
219703
334158
372152
694298
575344
16338
054285
0999
174625
330891
065263
14952
samsung2007
566500
622952
129877
342606
367510
167860
326469
848793
053361
781088
937871
657624
507903
352572
378961
788172
811899
074283
blue2007
817839
325358
246246
005610
556479
369732
190599
37961
683815
839520
523248
553916
058564
149721
7662
267575
449009
354211
Sana786786
919666
915420
756745
57015
410861
287925
318318
401445
064801
87374
232243
373670
851697
eagle00
365057
5031
61418
6264
613745
06769
166408
980232
elizabeth1986
Five786
790240
951995
21266
678183
257158
67431
431002
538076
Wolf123456
983312
084447
93429
687830
559240
409475
911680
338723
514734
530706
429495
523633
094776
443861
354695
899272
981046
521664
042823
601447
209517
200145
320826
341726
738056
74977
050890
998459
qse123
156090
138369
026070
213169
218097
102883
067056
953260
610082
392260
409937
58562
866998
336160
462407
969771
411895
57778
536536
570240
593296
860244
26866
962687
116149
warrior77
8985
zwc123
879582
324599
112871
Zachary1
06069
353947
063987
134673
778393
618871
10185
734987
144353
Guest00
038071
moon
4083
810040
030954
595782
43218
580129
325182
481107
110223
363022
693990
047091
989681
411862
201432
245300
Emily1989
867636
858561
210430
969936
03682
540804
964612
Five2005
632302
959530
Ryan@
562683
03318
73136
80780
0870
522555
62027
050963
183788
308220
491953
01477
858044
Bilal2008
152603
106931
478302
756789
625427
316415
22519
270853
895851
862455
341550
302962
216491
486332
449845
612645
579007
807092
522269
161370
038049
041888
963490
69363
075152
688105
365893
922427
090464
077385
163130
051656
543323
873334
742423
three111
11473
778668
438636
365178
864325
Thousand2026
850355
823680
292501
Hannah1981
95508
659087
850014
731258
519134
468941
718278
531355
025432
471702
986117
780252
043945
275792
70511
363583
110720
260634
100705
977229
950356
706541
240042
980364
609279
81998
587763
019107
154550
503316
544588
216172
438988
741345
048367
423940
164769
542465
897710
60872
526064
34258
445027
942964
Zachary12
373384
398365
095865
990880
84931
653257
401181
480007
44478
958067
608025
asee
30478
184327
36113
Paul2017
645700
638660
431618
Malik007
639518
422103
552376
941270
474331
614207
236203
255156
364408
209077
555995
Lucy1234
37408
234454
225368
891627
26257
833932
846714
Five01
170038
868571
676137
997964
quran1
151404
601832
31682
768680
673761
89425
167409
621808
multan
605726
333993
618035
205788
481272
Play!
64155
062546
Secret77
76041
18494
maya1997
004147
150820
302302
2886
999416
385968
52780
328537
601788
33817
925628
98812
966537
308924
672551
justin786
6801
212102
Frank12
Password2005
73997
331881
002926
860948
626934
631994
390071
25781
132803
853369
662310
35042
705749
345235
718663
098153
india2018
077671
148555
666820
127996
164835
504504
463221
33467
527802
Fire2001
w1nd0w5
976822
869572
838222
888228
251031
14959
527153
820666
541343
Dubai1234
493064
66003
910514
Sun1989
189299
067177
245278
06405
651816
316987
658614
759660
694078
806300
295130
532840
124795
5076
College3210
939653
988933
Instagram786
099055
496166
268796
550638
486266
434214
123673
96992
172678
340901
551628
493174
264836
79177
230826
739376
qwerty1984
145684
233959
497046
1032
801229
133045
836704
070811
748044
865579
027148
22169
513458
944086
353045
128986
shah2011
6648
582725
780989
626659
00602
53571
82845
995390
first1994
907192
947738
629629
93135
010926
44891
807774
405834
563541
337810
063283
038764
459316
932536
Tiger786786
233629
284735
128568
575993
College22
971531
761508
253088
414711
749936
240614
63133
666160
190586
instagram1984
hazel12
Saima!
557623
767833
169356
343123
038280
247434
533082
277343
307824
690382
715770
57687
173448
300894
248468
09142
641905
941303
992090
421982
444752
900625
2880
727947
406549
049170
55594
617485
812625
692318
852137
ahmed321
647317
408397
563717
401929
453992
665830
031014
23023
0924
Love2000
069927
754127
930556
752048
249953
805057
605583
627869
710281
731423
43995
183359
190762
014322
071324
2820
30499
340373
942117
45668
148533
997337
13853
191293
Joshua2002
616462
668437
265254
829620
527967
899360
948948
758483
365684
15155
2025
77973
938377
091036
998833
Demo1985
14077
864831
245663
672232
303798
539110
177166
9231
543477
439923
030411
774906
592185
514272
195965
170269
94521
405548
050545
538439
121528
454124
877679
51079
89775
43288
844866
517638
840928
753401
76748
246620
69405
170917
7887
651607
458854
735504
93044
807532
540727
222882
black2026
fivepk
28196
88270
Usman1983
919149
268367
717486
866206
126038
576037
341528
24052
341990
823361
Linux12345
864083
689040
193666
016962
504933
759121
099462
06293
150402
827277
890813
660682
64127
703978
117194
590634
520685
962181
ultra111
2385
31717
daniel1998
935638
801570
210749
1803
223058
bhatti3210
654940
first!
012914
171974
asdf2007
705639
25732
Pass2007
853721
562441
553124
088616
094204
899459
371723
12663
202180
915607
208406
Layla12
094072
634073
joshua2024
31668
342166
990627
163526
981255
101354
001694
270720
418836
939191
689579
312785
muslim88
facebook22
458700
17241
579469
371756
923604
youtube77
4158
Secret1992
52640
710567
78659
147400
harper2011
856262
57421
41783
824461
457380
189871
bhatti
46004
595870
188364
070796
468391
55370
4089
Mia12
21805
56399
004862
658075
174889
257466
Three88
516868
93009
917961
562573
184954
768911
green2008
32928
67046
417527
Adam1982
75488
hassan12
554169
787237
151525
192764
251108
252131
875457
Music77
700744
613723
password99
0417
508684
202631
379621
91567
966482
015444
271711
799975
672397
508695
152614
924638
100848
4965
702020
631884
210393
990132
37324
798985
788161
Hello1991
837518
peshawar786
56553
856702
473066
231111
293392
808918
26362
035915
five1234
68740
844096
221771
india
174471
370821
121638
82698
Adam1234
035079
karachi@
624679
78183
1508
100518
837661
Kevin
john1980
74466
628947
40173
858682
939741
39711
868868
460449
411048
903914
645161
w0lf
68642
191950
407946
646239
944735
952567
211296
294954
417813
652718
582131
793430
44429
331771
707025
611666
441397
87311
259248
759495
981948
686411
504570
927542
284537
648560
875688
973467
237952
149446
535832
34755
262273
429649
415602
392942
352858
060720
464321
960311
111705
025707
Secret786
295460
Kali77
567534
water2023
705793
354728
407924
73234
059620
25543
038698
29785
592878
468501
root321
918588
85071
307747
011902
261877
631158
065032
621775
938124
58793
035684
657426
439758
042163
82810
499466
397793
740047
8493
347347
696949
Allah2022
251120
161249
360657
Tiktok#
483560
Windows123
14581
149083
836066
071984
910393
809336
04242
p@ssw0rd
237171
426206
801394
550154
545358
usman!
802010
364782
062645
742720
415866
575685
04214
955691
09653
180334
378026
580767
351736
458821
322421
153032
anna786
776567
417637
055033
589512
486233
771892
malik3210
1065
030690
486123
84392
125202
640475
one2026
189321
130817
617507
132979
668206
541750
868769
576521
187286
421630
243573
769472
925793
518936
642829
918621
348733
48643
92610
359755
088055
089518
866756
215611
494560
968473
403700
392502
977856
867471
1617
256894
2503
155243
076384
811162
0636
696498
Firepk
31381
400862
012375
698687
college@
228635
807422
348095
488092
146564
06307
347325
089397
307307
103433
406945
338646
983785
910547
762443
700755
061952
108977
114906
368005
906114
007194
032351
949883
35847
Mary!
923362
346676
340835
969397
590095
739805
689095
596167
957572
381513
Secret12345
hello#
785191
505571
Monday786786
339988
548779
244002
914001
933856
611358
Eagle2005
254991
811448
708455
70084
666479
096712
717310
439604
954811
061215
275319
Music00
9111
870100
852643
861839
314842
805497
075647
412016
78127
091806
128766
057013
271821
859672
114015
238700
986051
000869
37135
841269
Monday77
151470
706145
527285
170402
580514
13055
800206
426844
278817
193050
166254
827134
l457123
702977
9066
022539
302214
359062
971817
734844
8601
900218
462594
309034
785631
049918
7215
53109
803275
90314
909183
734283
8163
31752
700502
31913
534545
296824
secret#
264209
20923
638330
387266
619058
January3210
604142
389070
488554
969386
789107
475332
543037
engineer786786
922537
318395
024794
44100
903815
792473
012628
125774
182908
425986
916586
872344
308605
766403
Bhatti
090199
338558
251114
783299
719785
041976
780153
655523
36211
student1234
974050
170202
20314
345070
1mr4n123
548119
541222
Daniel2001
42546
062810
099187
9006
800261
tiger2020
54488
854656
830720
342727
078661
044396
550495
684079
sun2010
150689
095744
103444
Monday1999
bilal2026
614922
983708
997920
340109
155892
403777
Baby3210
119130
030611
643148
245784
390027
130317
817982
547976
231199
144474
339746
122661
838607
994246
205997
angel000
168542
997601
996435
285868
18795
392227
522841
61411
star
080795
858385
215171
252637
24346
First2010
Ten1982
793452
Pakistan1983
60550
952996
455719
08925
363341
957330
494285
020845
507034
hussain2005
Samsung1994
656172
jason
088033
317526
198770
070059
994070
127952
498025
662046
635822
student1986
Dark#
19509
288794
blue2020
746911
054868
914694
894245
16961
035970
539858
017237
545545
613800
Christopher12
mary2014
94003
7443
596035
021329
345191
477290
471372
142054
8307
334125
933141
638704
qatar69
eric1990
491150
774048
526229
929588
754479
171303
266464
930919
104632
974567
116237
237259
898117
667997
359370
050914
08554
emma1997
319385
735493
28763
449229
239899
xass
4392
812482
584441
741972
008657
587565
police1993
706992
782232
716155
517121
abigail2021
17885
299574
714505
457545
636196
871178
114301
Admin786
Alexander007
06153
54285
180587
809094
694243
616594
886875
062018
739233
735163
939686
386760
769230
764863
740696
49210
463375
Karachi1989
890428
070884
204083
622380
super69
29148
265056
048213
234685
189475
852247
711909
815232
671121
880781
167981
074030
474804
153956
60375
354200
248941
822415
433301
947925
278432
501160
047553
546986
082060
28357
027929
Last1986
439230
065428
776787
689612
2697
35945
2196
260678
218449
752884
761629
869704
276364
417395
602096
hello1991
Willow1982
297110
53886
201135
545523
715528
030399
882046
734580
654027
004598
868274
032472
6243
245399
149622
Ayesha000
004114
262009
153879
968330
574123
5232
black321
770231
977339
073766
930534
1185
509949
680614
787930
903529
366124
572891
465399
830577
597443
834218
Red007
308572
776281
067925
Justin1984
368302
167574
476718
590612
682528
Maryam2021
711568
703659
152867
034243
888932
067760
66745
Jacob2002
902330
15855
325919
89089
733733
King111
843205
548042
linux00
433103
175076
465476
137302
339878
190597
four1987
783706
joshua1989
sws123
078617
116611
62916
288486
978945
015224
570438
469194
406318
371624
736967
82201
107349
014927
6582
Night2025
567908
906389
877591
854271
807169
101310
70028
682044
680823
304766
245927
297055
749474
194392
405647
958551
765589
745657
357379
716771
958188
725131
448580
917422
891286
5295
586080
164120
978142
199782
warrior69
420189
175956
3291
Ethan2018
630938
627044
027511
Monday#
4638
74438
956219
Eagle007
580393
47439
738375
David2001
240669
103983
9132
124278
686312
071049
829653
699875
031504
924781
236918
christopher1986
123002
822954
099110
090799
543213
Star2020
709137
342364
875006
180466
616319
472494
725274
585739
804045
480095
524964
971861
708510
Test786
secret1992
419870
766051
171512
282436
145739
826837
870287
Red2015
303545
750266
Water1
test1983
992662
107899
386540
364375
44639
178585
13440
679085
874368
439527
258071
121616
764258
Usman@
hello2022
Emily786
449999
03626
625152
47796
08869
875149
127886
jason2020
11718
515614
425348
134607
739200
Islam69
110297
152273
877580
463353
292512
allah1985
016500
19635
075075
7602
497376
4221
878845
444323
045122
617342
306680
400235
335995
67991
707993
553190
922548
967637
2925
66899
195558
821755
tiktok007
653851
04179
190982
670263
363033
340648
45976
899635
993553
227711
901010
310814
843271
secretpk
228646
663817
677952
85281
999911
396616
209176
365618
868043
855756
228481
450813
711469
871838
206206
749298
950224
190526
mondaypk
dark000
941127
037312
39256
151005
695959
113520
1320
625295
780428
050655
31633
550825
710820
418957
194084
309738
517231
467654
029447
408122
858132
784344
049731
218284
137236
wind2024
772959
565334
51590
886952
967076
night12
026796
053614
419947
john1981
849398
915750
190926
861003
229207
70770
854788
115951
981992
441177
358237
497178
003355
526691
3297
788106
0588
706167
953612
ten000
194381
419639
709962
586509
938212
823460
riley1
986678
37401
443696
586234
611402
259259
171214
seven2003
37548
887557
3279
Thousand000
869154
182556
994796
490677
319671
486838
371855
086537
Green2005
4884
336215
8052
55454
062854
521730
690921
683650
988460
151657
863533
apple2025
671847
Five88
599588
26740
383218
116303
1983
47397
027731
618530
welcome
293777
764764
18501
772574
652344
355322
832524
004785
619509
561528
224444
631191
578743
Bhatti1998
75467
700359
168696
512292
856889
069212
61068
2490
362472
814297
686763
463782
02590
321156
465905
996336
526438
952589
589798
460229
310205
000033
513161
473770
546260
970684
970761
99337
11501
755381
919897
341891
738485
822129
80689
591756
025619
955735
540243
563937
five1996
250105
617166
079112
683111
206976
785752
three00
46781
9789
Fatima2010
893827
296615
013805
878185
054659
654962
52080
601667
558492
230993
78561
499059
Light77
999801
game123456
209418
937299
victoria1
qatar2020
20405
129294
879549
619883
matthew2002
133584
756833
102256
400158
193655
697741
221089
392315
111452
79961
897501
477367
853237
54460
117095
383691
qwerty99
869616
726429
08022
556127
67767
66311
392590
825044
863368
wind@
217954
979968
579447
589039
285109
xwdd
309265
Baby2004
Passwd1234
077847
185768
400697
81172
ayesha2020
074052
001166
56854
369369
680163
901087
King3210
600798
8928
392150
30485
615527
741873
838365
830808
250705
218669
514008
98014
228162
583451
100694
825792
islam!
852533
85407
868241
923560
443872
85442
607574
george1995
874005
882684
898260
302126
837012
867515
Omar12
thousand01
757867
851829
05985
557920
178310
958419
369897
13951
Islamabad!
680284
792000
137390
9219
65863
536657
0204
323411
277926
467973
3234
400763
Blue2017
42791
487036
346731
379940
Engineer12
367873
Master2022
496155
042515
988273
028633
580162
220803
975524
434797
738265
09786
338239
51030
39473
319077
18445
699721
184547
726990
Hello2011
523853
191102
376365
876227
739783
053262
302005
209539
9462
76622
671341
129789
821447
Police1991
scarlett12
697554
191037
336567
quran2006
301763
19964
669240
80073
699534
57477
182490
103092
373021
90608
885324
198792
733348
Harper123
464420
591085
248017
473022
23345
231792
936969
495825
60753
326183
150744
173052
394240
985886
508662
042328
27937
536888
999669
745415
796136
instagram786786
907434
070393
853028
144386
100837
lion69
670208
019976
571978
6357
184987
91518
586861
ayesha#
14399
298474
apple12345
135905
danish2003
522808
075746
54131
9606
406065
632148
541189
550660
082027
675686
60039
114631
133419
105633
Asdf2007
127270
597795
533390
952556
971520
093005
855206
gregory1234
901461
612612
ul7r4
6981
267058
074657
808071
037928
019382
496683
142109
077605
248424
126445
050605
072732
193798
Shadow1980
059422
73899
872641
594154
891132
061820
192060
469095
087087
130922
050799
055143
Raymond1988
73766
850740
372295
77903
826595
902286
914155
852588
30919
7707
391600
931843
471537
862620
825517
573353
310222
401786
43008
453805
511181
Daniel1988
110111
9723
635855
945384
234564
27566
555698
60760
328977
923846
355058
509102
71225
209825
Qwerty2000
876832
943690
Black123
shah2009
950664
517297
638836
144067
windows2020
908237
499147
758516
918434
hamza#
172029
220638
391303
19383
21042
787149
782430
742280
163735
160391
395340
18886
3249
433554
686246
990022
168707
498817
242506
67116
98175
6507
634007
79415
538010
775302
4782
581724
853116
798765
906565
261833
988405
4740
851268
005742
681648
632819
264198
231022
586960
396187
768889
473418
4281
431695
296967
464178
406043
186857
550528
291203
Four2000
matthew786
135872
52353
626241
Love#
71141
108031
301092
310514
tiger123456
294679
Pakistan
295394
711370
952501
069014
984346
566940
565257
64484
6858
087208
771584
330154
126863
568271
027951
233145
677633
966790
57141
832755
071199
021846
508508
927839
035189
691911
43911
432454
498982
063888
635723
210396
338437
51737
095711
270590
181467
509091
833316
206778
696355
1014
399773
359150
angel12
804419
033858
415448
303655
342188
467027
420805
qwf123
653323
236511
642686
302027
665599
448316
255596
198264
510554
dubai2000
873026
364320
361416
278278
465146
001078
841379
065626
812845
689557
973599
679503
979891
984489
540980
047861
19439
5007
589501
789646
891770
08638
324533
029667
green00
687192
144100
test12
259325
765512
311399
612788
271194
493515
220088
159489
135850
556369
047982
642972
819038
800734
Apple@
030714
474727
448877
231002
363000
665445
993960
828872
054934
play12
000308
pakistan1983
665951
075207
291223
724284
236379
863885
169697
367169
58765
736263
717112
Facebookpk
439186
517583
abigail2022
725835
733392
459503
996380
880121
25620
7509
124454
961356
985325
315799
233783
748583
639430
848991
Mia1998
404789
774356
995830
897897
360558
earth2014
164813
51415
117436
073524
931447
974501
725483
490666
618134
020163
837166
949751
007733
Music007
2835
387376
805871
621247
22498
565499
293931
212289
603647
4971
475310
32053
814715
120692
311113
201938
6630
946121
887909
lucy2022
Samsung@
50050
Test!
810051
289575
376662
482416
447216
094358
371074
669207
821040
219615
50631
Sun007
85568
840565
633831
035827
test2009
936617
768031
66878
089474
415657
643643
368335
912802
192731
604714
767932
964315
167068
936320
891715
593153
555148
073128
79373
194007
lucy1988
809622
930589
030517
zxss
586575
95004
023518
276793
392348
150227
009691
Light786
134629
64820
78211
8412
003069
271208
283888
892034
383460
230912
687731
030833
697257
72247
067221
763378
347314
500236
880242
229559
684684
437228
92603
689293
008382
927894
47971
6192
0996
549714
964854
Night1992
255310
800415
661584
22078
001496
927553
32410
800162
590238
252109
683452
442420
979231
2108
279818
831985
student88
410069
753929
934890
140657
849123
090817
330990
416427
610544
722381
502623
839751
843645
814231
518320
940555
010285
131450
8562
50379
658812
72261
0210
061699
050578
844855
838530
79492
305008
Water2013
3936
160281
191961
653356
40005
53494
593450
544852
shadow#
73794
893057
380798
12698
013882
Final12345
emily2005
784608
113619
378312
747120
749419
681021
974479
043472
498905
647383
036289
391424
198143
20020
736318
311226
758681
kevin1986
247412
929016
User77
light2012
613338
steven@
663674
573881
448217
420739
275077
095491
592669
747087
908061
773454
326645
457655
597806
203907
628815
045463
428593
010362
071126
1251
570086
333201
387013
facebook2010
107415
473319
434632
59955
97538
87381
baby69
517913
839905
6795
489643
905553
575905
300498
qwerty1234
791670
31262
338459
318681
424820
447535
401566
26222
477983
089364
815089
126335
461087
895367
99708
275198
violet12
327624
407165
792506
953843
933647
937079
090761
533445
392678
168784
835703
992013
338613
378422
214654
77350
35623
659637
595375
043087
030569
856515
usman2019
018843
696003
83048
732325
304535
samsung2003
290799
461439
965118
203533
924363
52710
062634
Richard1984
564355
950422
908699
170602
369765
49469
668415
970717
626626
528627
green1
263417
19117
094963
108581
211497
36449
294976
Aurora1990
759044
290299
543114
055715
872509
440748
467214
33369
815100
30758
60522
931601
937541
060071
334895
535634
995599
14826
17724
21126
937596
77203
883080
713955
187517
adam2023
88592
fahad786786
896775
458634
warrior2021
88529
93394
Islam
577302
605814
028050
886688
951874
878020
510466
731610
244585
572396
050116
Three123
148489
542542
Final000
Henry007
267806
435413
472076
59556
620180
318406
952545
250723
306174
177320
0324
827431
225841
455147
803825
20860
61012
374737
337568
943811
372394
641663
339647
956780
924407
301312
910888
165000
922207
447755
614625
709379
073623
899107
45836
6642
415635
457457
402534
413226
178816
774070
674696
462825
757592
7041
48664
303424
6873
000638
150359
722062
500720
570922
667227
031096
587664
326634
640629
540782
897248
One#
866613
374396
194711
099671
608773
059433
690547
40698
22512
185273
032725
405977
585827
883938
803220
990572
815177
028446
963952
016038
380424
147510
414282
Islam12345
176176
anna2008
184701
397430
072699
239580
772563
andrew123
129085
573276
02982
678502
111108
67347
qatar123
69902
735724
867900
106909
568744
183337
116952
356972
233893
18753
834053
1290
389334
662112
9507
460955
438108
402215
216623
07126
15428
233266
448789
930842
781814
334598
43260
MARYAM
110596
618651
11753
051190
82054
868032
774345
147059
380611
Admin@
188034
joshua1995
02926
056012
606056
607266
334972
Admin2022
524722
698588
991749
726143
120307
230311
573936
902088
051214
896225
543653
86744
577060
Apple00
078672
067144
759968
894542
592977
992222
014729
528902
147092
759594
403524
899294
5601
026059
997403
049940
826947
865513
090915
529551
Wind2013
811327
127809
331826
444125
33432
471075
597652
374649
fatima88
256278
548174
213763
567424
102278
725384
62944
62384
Morning3210
536547
888569
961246
116292
Zainab22
6141
Joseph123
66073
786159
589215
linux2026
239976
372977
057310
201597
290906
274571
991012
188133
26474
194150
973346
529639
541728
075977
164274
273977
707069
Warrior99
701569
31654
76153
318637
877646
079420
084909
803286
061380
156739
662486
231121
536481
622589
576213
50295
Monday1982
537570
50953
792616
459525
251427
894608
278366
96537
709071
033770
702075
151063
Samsung69
340285
514745
021131
577874
426602
692956
321519
Light69
689282
254463
chloe2021
099583
848958
812515
909447
37821
774895
996930
547679
422653
170105
maryam#
758208
790647
889834
51527
Instagram786786
246499
852566
374627
89523
688226
276265
697994
945461
8049
222057
757273
74102
821513
069487
Maryam!
368148
shadow01
48993
004268
xwd123
713471
763873
353771
android786
476454
461098
285197
301598
170544
708400
728640
165198
hina2023
003894
828971
265793
271568
18816
106172
015741
048257
274461
301840
554400
808313
449108
509718
937409
wolf88
907566
785829
716980
228327
93975
801350
119790
819742
331760
326018
976877
745206
152482
704869
7713
240196
249161
886897
076010
ten1999
959266
514591
030789
249568
853996
994444
410047
268312
907500
388806
477246
933009
914738
261162
695398
626472
021681
39774
183722
359348
436040
197164
9297
55468
411081
278212
633743
851587
813175
dragon786786
600116
41839
Zainab2013
769703
016379
96292
585684
643434
407726
918885
0579
19530
036894
953964
950191
136411
565939
329131
096888
748330
302874
133738
088792
84609
753412
283525
511885
sana99
983455
108724
315623
183271
183172
736384
956186
24556
817531
618321
29673
504262
Saima00
8010
005434
949509
255618
395417
214676
861047
427867
893761
685839
qwerty2021
5067
267762
88851
077286
026169
837353
983367
268950
958617
878350
green000
04676
609499
21462
490314
moon2001
397034
522632
Saima1234
1507
366861
wes123
188089
025927
250402
232353
danish1992
98868
53536
376629
38556
980540
6774
68726
110253
windows1981
909392
071544
003927
3285
0215
027500
281226
539759
540463
230499
876920
138567
906246
king1992
155947
771419
600996
20629
912461
867581
mega12
336919
268477
90531
897842
105182
478060
11788
669394
215853
584452
591624
44506
407594
174218
570933
326887
718564
92442
5235
1359
722876
828938
184151
7299
282337
406934
1920
368390
560813
310937
988361
473572
990187
108427
73059
scarlett1999
030855
245432
669548
65548
722601
981332
030778
514305
102487
893453
633864
017985
265452
shadow3210
910580
863632
675455
017721
834625
539605
9930
439692
931007
246455
750651
188859
310614
32655
951269
417802
Warrior22
277013
0631
425172
28042
hassan88
3540
Angel
075064
792902
371833
419012
195679
08099
662915
159687
213136
Hello3210
211126
508046
Willow12
08365
381535
Password2017
162888
191708
56707
134200
123750
799898
king2019
637032
779537
929093
22351
049225
230879
512303
723008
926893
059345
60312
262889
584485
108966
215028
940071
156728
Maya1234
65079
078111
demo2026
196350
901186
eagle22
472901
329582
376651
289674
029755
859595
936771
933449
703780
256025
924385
031724
799183
0606
000319
886886
9525
962632
740443
14028
79737
384824
565389
687368
501061
738441
598862
826265
light1989
435017
402809
10479
857813
Apple123
93597
290599
864864
35938
23499
302775
36848
430826
Light1988
Hussain123
709302
626087
603196
410113
228195
266244
848111
596508
751729
302621
multan99
Blue1234
369534
926871
037455
5574
323180
Android
801933
01526
980133
9411
434225
Login123
Kali1
992695
319165
917719
296263
986337
576565
33243
513634
172293
Shadow1989
106205
838343
545611
520278
990979
103323
809677
132440
lucy12
69496
280555
619190
938179
035838
586806
044154
973918
08127
574651
19754
942986
170526
865623
501820
kali123
605605
229273
126742
103708
997073
013057
355146
912153
987371
068178
499763
827618
297341
693946
738331
Baby1987
837529
569195
070505
042460
617397
786830
94563
814946
93513
704033
214214
164989
499158
873367
300652
80297
49665
330517
30247
562540
491447
9894
wolf1234
686532
177419
20328
888008
48524
Login!
417725
305734
265760
One1234
962775
87668
504581
15911
431486
924792
One000
432531
406747
395131
040788
979583
09583
319132
65051
509278
738727
574860
Wolf22
304227
274692
892540
623293
61880
743908
05187
350416
136961
049577
41776
master88
060918
657261
movie3210
415943
310618
20118
221936
5286
033176
654335
275715
248061
268752
345752
demo2008
49476
427295
7092
151811
225126
emma1987
493130
56525
382096
691790
049907
60865
915101
607684
11466
380105
837199
248721
034353
Password786
13958
393250
060082
483153
Dragon2013
user1234
554917
20426
821733
80367
006457
699886
576147
60410
14217
809259
555104
310189
643478
User2016
0624
769747
904310
558921
80983
052338
980507
781275
231990
778833
911075
84266
77021
588016
556897
80024
350548
297803
77105
569360
46074
711326
499180
281655
390280
420706
Doctor007
android99
352231
085833
676764
887700
251306
338987
018942
046134
464695
664840
661507
13846
797566
337887
237039
410179
816959
948541
Maryam321
312290
915134
353584
43379
13405
layla2003
218383
959200
877338
309562
637395
zdff
Secret1
399509
728123
469018
939862
165979
Richard!
092994
363957
634524
296934
072193
33936
Root
542058
290596
705562
849453
0774
492261
377113
Queen!
143682
670780
Ali!
046332
981244
613701
775060
574904
59843
572902
463991
27104
011154
94080
127237
848584
49749
845977
060093
515504
090101
886479
315282
10444
047762
8967
674476
22288
Police3210
363220
157355
650232
947518
67907
Instagram12
ultra12
313522
597157
687401
Black2008
237369
969254
272811
803033
05418
979297
039963
4092
024915
61299
357555
26460
472153
059587
377531
1953
Qwerty01
058993
290199
140844
191217
262515
592713
481041
sophia!
040601
382008
saima12
College88
533412
635074
400873
Music3210
134288
383174
game88
339119
701096
816178
385847
36477
437360
super#
5967
862081
270512
45773
036674
34720
194953
880462
873180
75978
144573
108900
030696
27769
016049
99841
752323
637956
720687
451715
87430
093907
301279
136059
0345
733755
150611
037884
269071
017006
615824
949036
21014
663146
550550
189354
404074
042988
04186
740575
805024
526636
953601
405174
033187
458942
11669
157564
830346
Maryam1999
179256
83055
209814
258874
505076
Anthony2024
962797
93303
773817
047421
136543
dubai321
019822
451297
603735
443707
319594
383559
011198
751102
097262
18284
010426
243947
0384
656689
798116
Wolf786
378037
583693
496507
707905
668173
Lahore12345
430859
z41n4b123
837650
47432
197923
605979
396902
login12
02051
971223
385825
170940
First786
163922
627594
972103
486101
746537
02429
910701
324907
739079
794772
107712
03584
244189
710314
958331
907973
466455
563673
747230
10654
37849
510928
620631
13202
082973
477851
49497
71344
360360
11732
776611
115885
410146
Harper2005
925276
77259
337282
815782
097174
004125
Nora1987
484275
956813
395637
amelia1980
789118
170905
848738
382987
664620
735295
Hina00
649088
636174
90041
1677
158697
kingpk
397661
556028
231297
059752
435050
517099
756470
909139
fire111
welcome00
642818
hundred99
110526
066616
641267
235136
135168
32760
682165
718696
465916
715495
389444
779515
673156
946220
067265
214423
757251
455961
qaf123
488070
485265
541002
189024
522027
43337
162525
403469
123871
03906
388938
603977
970948
249909
988977
249106
775962
523347
210628
006402
208384
857549
sun000
079090
302236
035849
23366
934296
11942
936122
424743
968374
star1234
86289
526669
ayesha111
431805
958441
04578
090105
163834
21147
002728
274153
174427
314314
615945
466708
742863
663168
095161
913792
913473
580206
837606
551837
796818
243001
502469
952391
85491
zsrr
151239
asdf786786
109395
546865
938410
092532
087648
13937
668822
412808
536393
48286
190205
699028
764324
83307
388586
380633
670153
451088
44107
976305
576356
226886
046871
813846
118877
787545
360481
510642
guest77
697796
263329
326051
206921
69951
Moon2003
20531
768460
573925
996578
297407
231209
moon22
288420
502975
719455
290851
karachi12
211959
665929
024519
880528
leah1996
232947
Love12345
282403
671748
402754
827893
510917
627913
518672
390401
816849
19411
197351
77287
School!
517506
Samuel1985
436854
play1987
255563
99092
046343
802373
970420
606111
018315
959442
298276
014663
Love786786
334554
12985
677435
740278
290048
372053
78498
300674
809776
991386
839575
58919
189398
438471
686136
756052
328614
803528
78330
22806
319968
84294
928422
253033
032560
488653
079717
871827
559944
720973
864413
639397
Hello1234
m4ry4m123
02317
222398
4296
824912
294756
737924
035013
681109
160743
146850
029403
469678
581108
963325
547844
181401
737231
ten#
388916
545182
380182
493207
687522
Love1983
test2002
Sophia
753170
154099
563728
024310
Stephen1
999944
177782
356510
197934
881584
Secret1991
887634
726803
389048
379423
337260
42476
078166
71526
991804
183700
570251
906433
242891
150608
058905
225544
502832
457281
917686
755315
65471
907984
Ayesha2008
812537
164208
63056
347644
088088
377839
526801
110414
216931
885038
954602
434511
578259
82103
729465
530046
0617
151211
279180
096481
367488
Zainab77
29064
010780
844668
22379
328482
sun@
Nora12
259941
250316
70784
637846
469601
395890
494230
lion1997
18760
187275
56924
8994
Gregory1
3099
539814
036410
233057
40075
72492
743787
Fahad12345
561759
793650
062062
547580
422928
775610
468600
370469
2943
290790
777029
664499
291632
957946
40397
787886
106326
574640
College2025
34097
269555
769076
652652
217921
080234
734096
573034
624305
841423
786368
999108
four786
417307
099066
418176
565708
316833
521136
690624
Sofia12
251064
082533
932096
595573
9444
874863
655215
715682
045485
59528
135025
625977
777238
2631
363737
826782
109714
985105
135498
596640
539869
326986
504889
653114
721985
45549
058080
972741
664917
99638
823724
231616
586718
Noah2023
251202
53277
Eric2002
981178
824956
188518
hamza2006
5079
54691
520740
881870
068706
526933
61523
hamza12345
27174
449559
187726
865975
545017
183887
085085
633611
366267
343475
530585
931667
014784
628980
240207
961411
195162
859903
61971
591008
251226
035981
137654
339790
350075
593285
136796
520091
513106
098087
855305
Islam007
937981
160468
527428
149457
windows77
jonathan2010
90888
663322
wolf2013
035706
181995
372702
811547
596442
537922
153549
533852
459646
403183
017963
392139
474980
46557
play3210
hina!
387167
130726
936023
425392
586300
05607
189618
963974
Ultra2022
140690
237215
954877
985347
694287
403788
seven22
592218
68152
575476
3048
493328
Morning2026
xacc
829587
794904
386397
96054
34916
868428
020009
final2013
975590
tiger1986
237732
868109
109362
967285
539803
454234
707520
355553
938949
152075
629189
006765
622655
130723
090882
802384
855162
075537
451044
61096
084128
87038
230780
Allah786786
Ultra12
343420
First2020
170817
16128
571736
214786
21448
178024
254430
520564
37520
two123456
140448
025157
191323
6687
162382
846868
Root111
927124
097075
458865
81130
817333
270705
817795
907544
935462
641091
110820
654720
296461
youtube1234
171534
500742
914826
587928
90713
10997
935946
722414
937123
27797
848386
604307
055748
Teacher69
807334
837144
Warrior69
491117
59045
139348
190080
893090
774257
502964
502029
864567
3357
593769
723206
630047
023210
364793
Hinapk
Wind2011
Riley2020
305536
275737
01827
039842
242770
2391
695101
Love2024
381920
8625
118503
871354
352583
68054
54152
535942
37982
597201
24654
289080
078210
engineer786
148115
683518
088242
014949
119086
61509
613558
hussain2003
google01
678117
556754
whatsapp123456
338195
93345
476267
444378
12264
552057
768691
849409
999581
guest1984
250520
865909
Hello111
862906
886853
534787
407517
136488
Karachi321
school#
681593
863731
896852
game69
788623
640717
769417
504152
643170
680746
085778
316228
engineer1989
177826
600050
753995
248622
099726
496386
949839
92001
215545
567248
491348
230811
23835
448613
606782
121770
Fatima786
342529
591030
331573
606474
612227
515977
737330
342485
932646
597729
771265
995379
688050
273108
077968
82369
asr123
706805
881496
Nora2015
106337
598037
182336
165792
92197
965360
420992
948167
357819
986403
119801
719092
611314
708785
492591
841885
185757
327525
593032
525800
182160
632852
25844
751520
077924
earth2013
326854
08862
Islamabad000
130064
429286
689953
826133
438482
177969
451495
6537
680262
022594
8760
493053
35119
476586
780659
784036
Ayesha3210
819467
999526
Fahad000
523314
110817
915068
382426
495770
116369
917543
18221
340153
735867
815331
186021
133881
106766
652498
320155
13720
188705
791043
904255
21581
600358
643797
Hazel!
015851
482999
767789
30541
73115
453706
577346
245773
556336
976448
79079
179047
405031
Shadow111
633622
698929
848298
502766
832480
77868
165902
star1992
330099
053141
412995
emma007
452606
403304
570812
448492
868956
233134
760584
383416
624162
381678
364925
632896
113718
78456
486563
4194
237501
928026
82159
438229
0072
917642
690866
930468
920766
005632
93982
054582
211695
082005
8946
319649
94864
014641
526724
676071
024079
836011
0084
369193
5130
755909
858396
Teacher1987
278850
598609
735988
086350
283239
807070
451726
798248
056947
816629
204853
526658
47621
615802
132473
630113
15316
694540
598785
867757
367675
821799
611193
318989
745569
544544
923384
018183
070808
655578
673332
warrior2000
25137
492822
074250
045518
814209
276386
Karachi1234
961730
538362
841027
163845
442409
229482
491986
666259
441562
621049
176759
542982
894234
640354
013706
429385
693462
202092
168960
892859
675565
627209
795036
831149
33586
298353
15134
212784
972378
868813
Hussain2003
Tiktok99
724603
794706
53963
981662
181082
708279
909832
114609
006512
907577
2169
668778
961840
9630
457864
269522
500412
118536
752092
298232
372361
562375
360734
75537
750156
jack
486871
212762
191059
256817
patrick007
328933
501930
938993
896962
567974
584111
37758
329846
722898
959354
423445
99106
113069
87178
193325
130823
42315
1907
1887
583902
google
946825
393118
wds123
871860
552728
416130
825495
381799
559625
Fatima!
6261
559196
03892
460625
148016
11368
89432
571560
821469
348601
619135
796510
195459
430320
532983
615351
190003
73878
023474
raymond!
760034
Fahad12
800899
209286
71267
395670
470195
000924
640728
206690
667139
72639
313412
0702
403315
580140
queen1980
04060
29925
9489
582670
749958
9030
Login1983
135355
702779
Riley2008
53445
385913
173921
376222
673442
871981
227216
730785
273394
946671
174053
88382
434445
792297
118701
488565
658031
409992
722964
247665
605737
380864
pass111
796785
554829
287969
479116
143066
541926
269852
admin1234
904970
900383
577093
72135
275847
815562
Four#
432025
093016
920557
030317
647581
132935
004554
Malik
423720
388124
378092
66108
663795
0931
794673
250311
294833
786434
11830
889460
565378
292886
7305
787754
941897
27153
311641
123354
590139
231296
898447
476223
76713
661232
030800
756646
071940
180994
524700
146014
quran69
289784
facebook1
771232
028567
060907
21385
975557
370194
8058
006490
314941
545336
115588
666886
620785
126313
702823
161744
550847
673959
311299
875380
118943
083259
131299
409739
Passwd1994
082544
Instagram2001
469007
929280
78743
030668
Lion2008
141416
825825
588258
759880
697697
270726
175934
27286
055704
master1996
344256
two1996
84833
anthony007
960696
639628
847649
743622
828410
student321
302137
970706
510004
190344
045386
205590
shadow1988
525745
319726
432091
85218
886193
272437
348359
66066
739794
107360
458656
088902
786742
662365
122199
090475
904541
92183
13552
367290
914595
489555
123299
lucy1
516813
136477
561088
030536
540364
621984
warrior22
602371
college77
295372
382470
941787
455928
22113
538373
426646
255640
070488
660440
5988
326260
110190
291885
001760
765457
032318
309969
922724
02380
1015
381931
048928
630597
528451
LOVE
742962
130396
000022
black111
Facebook123456
483516
331221
389356
07042
727551
467896
732611
390368
396781
907038
66773
71638
180048
376112
714956
137434
islam2023
015785
4l11
402237
381656
53172
754842
23562
941050
Adam123
Black2002
267212
220264
549989
368511
356587
kali99
32144
755139
772145
38213
510169
8724
338932
534886
125620
814176
366322
582384
21063
800239
Malik1992
0309
296923
910943
29008
307032
Music1987
566786
236005
070015
school1988
765743
25928
137511
102465
425623
224609
090541
504845
5505
389763
288112
719961
335324
usman1992
333597
Raja111
00007
249645
502887
906609
King99
911988
38738
840906
564806
432421
359634
135157
887854
47992
211552
677215
051865
815529
422202
647493
869495
46907
471834
76902
93555
591833
637593
891748
677281
006633
00497
646371
737429
607750
130306
734514
zdss
560967
770297
527615
403414
953722
766018
270017
362582
moon@
759176
870265
729113
87717
595672
thousand12345
338426
143286
990638
673244
912890
781000
LIGHT
198583
702240
193699
52948
465586
906488
86107
76475
77455
450890
150447
259864
093093
130211
800118
020141
022341
260524
314435
310602
874137
371008
535623
512677
police77
847561
404096
402930
245289
560604
628243
bhatti2010
377872
755788
960982
644941
80395
253726
416702
38801
959904
471130
468523
381524
071896
947012
07833
696916
725120
641300
299651
754578
882299
906312
576136
09170
15904
23786
341737
547767
938289
84469
768009
390170
273207
231132
22309
4515
730323
440011
829807
123079
266178
856944
512776
838464
Queen1
082390
904838
492635
646217
471625
795212
75852
529320
699589
818455
718619
860068
802912
000055
494065
32424
795322
02009
36260
853347
024893
628837
717431
232045
092378
Blue1995
806432
793639
22337
41580
469216
014597
sun111
010696
713526
129151
551749
Victoria1990
884400
Hina3210
402226
1491
099022
938905
963677
347611
825319
70665
630586
186703
344355
40950
150705
956802
188210
maryam786
655248
635679
075438
User000
0546
967571
5820
156794
466202
admin@
168432
361592
194920
685399
696267
752455
706453
847440
974534
425491
355124
418803
266288
572715
498454
313137
969320
195613
210802
758010
082632
991716
755106
724515
848914
628749
216282
430155
qxf123
75047
099836
574167
99897
902462
131318
275275
939037
Kevin12
422257
931194
383009
969243
144111
281325
998041
669064
28112
097779
Welcome2015
488598
542355
448393
ali@
Kali22
671902
88606
649891
79968
001749
911251
Islam99
323961
853259
303314
233816
230817
674542
034991
21623
386892
446182
330088
102630
167343
381315
292754
189849
261723
605517
75243
484616
137038
490468
ninja00
760991
joseph1989
944526
182501
405845
963193
147741
193710
626780
696311
376046
883311
628023
03255
660891
238865
239932
789734
989747
491975
67704
Fatima99
758692
202653
235928
music1994
880165
166859
469117
pass2015
505593
148896
784718
Omar3210
272778
833789
653378
133991
932492
587059
51884
773388
56000
345400
262746
651662
829367
731181
4365
333322
852698
005181
240812
623810
496584
997425
070378
83384
646613
College1234
226369
3528
232760
9240
9213
677270
test77
465927
1035
039237
952699
54943
707278
17815
251005
092499
579282
first2020
342848
830896
713350
906092
784047
869583
834801
SHAH
233310
84749
346654
15323
grace@
005907
293513
pass2024
23268
59997
600281
045111
460592
091289
805937
145222
960597
511214
170313
576796
Eagle!
221518
890120
83041
final69
762113
pass12345
884257
458524
44548
013453
013068
433334
263824
310046
Cool
568458
356158
90251
566676
879527
257103
448536
754303
480546
938971
800382
90580
082621
final77
game01
746108
672342
584914
961433
822998
798952
052074
391941
194623
henry!
879604
389697
465300
Play007
643247
Kevin1992
828245
444169
122232
4575
052569
Last77
004004
571604
83692
nora007
402006
490303
926233
393085
04326
159709
517242
9756
689931
533599
48405
720104
973434
457072
975953
718740
70077
665984
Pakistan111
455422
092950
637021
732831
153054
006655
416614
887821
74620
798457
243804
311208
478863
943327
243760
173063
481734
029425
92470
Google321
130625
915464
856966
83944
460537
724273
blue2003
654225
665357
356994
321475
465773
827299
190990
74725
391358
672595
90062
0939
009075
Teacher12345
929445
991122
756250
270633
875347
217250
242110
408804
790867
137170
777832
694353
814121
050820
Ali1993
40096
947991
392414
007744
913924
Linux1985
891781
350845
61019
571186
Zainab1234
129668
628375
555544
134398
890010
595452
080069
753038
270714
390478
225599
221441
092444
309001
23744
210331
071709
Islam3210
0534
hundred123456
908171
517594
336457
angelpk
409167
831655
873312
197087
836528
293832
fatima1
259237
451209
gregory2015
478676
776996
789899
860629
32963
458535
529815
460977
943921
531344
921745
06510
033957
red321
03073
855580
196394
00896
207647
831798
Samsung01
510136
069938
056639
372317
864215
372680
846197
898051
84994
094314
456016
289432
064218
596717
805376
285307
317790
182149
016929
685135
280082
157784
88375
684354
976811
95396
232496
552299
742764
Ten2020
welcome@
853314
557304
681967
078782
water@
579953
sxc123
854403
apple!
369413
158477
3103
58947
49994
81760
209231
355245
386694
35966
499345
135311
138765
053075
259006
021516
522665
514030
249898
486134
861718
zachary1988
874841
4l1123
975436
808390
592020
abigail@
814055
270393
588786
493097
15757
841665
107503
night77
8130
676247
604626
712899
805035
586938
110429
56861
091290
960839
474067
712261
8571
450065
001419
255915
487190
67585
901164
808302
913704
463529
Light2012
27069
056353
739970
970354
water123
529562
98021
701195
545754
216271
945252
252912
918962
449933
instagram@
51163
936826
161029
649352
Sevenpk
Secret1989
514855
103851
891418
982157
678579
020119
613492
886006
super1
Tiger2010
593362
82075
550869
779614
52192
Saima000
236357
079563
563486
230054
677699
391842
216909
143858
Asdf77
079596
281864
629013
Danish2018
526482
883454
075922
327910
013970
954800
325006
710479
948794
143979
425128
347732
753335
940775
291412
525767
085921
335236
627154
507408
342298
queen2002
974116
96859
254573
016445
153164
ahmed00
766337
792363
287012
0264
522577
229713
618937
872432
587741
73703
1989
671506
karachi1999
88788
9354
96159
146630
12726
833052
753500
983279
51646
Star1984
nora1
leah2018
715462
851752
705914
171424
563904
831556
578864
21406
Lily2026
270120
220792
019657
584936
peshawar123
98637
993883
228624
274263
561704
298485
325787
xscc
750299
270305
01239
236533
211332
851906
79422
google786786
908908
120186
Queen88
905289
409453
4548
436964
63021
384296
Danish99
592328
63567
208230
Apple1985
819027
3366
374693
029513
720456
231748
947628
8910
736714
073073
620840
danish1995
823900
057409
355410
422961
307109
178376
440990
078694
947903
900911
89362
320375
1485
68481
scarlett2006
385803
717475
470976
23968
37394
641630
72016
069608
6039
684695
708026
19327
861960
499422
381150
217096
307626
253022
android1234
989769
071797
224499
earth69
151855
057530
62230
246521
882310
Bhatti1984
763554
360690
thousand111
451880
300872
Apple1992
715539
Adam2022
951236
001375
664653
85435
553553
684904
419210
48391
5394
24724
088286
945428
776809
101233
262130
964623
769582
57190
47880
107041
9792
250481
669669
069146
783904
646668
251504
465729
175098
899745
949487
097438
535348
605220
584991
920403
01295
855613
664807
479567
075548
82089
854073
970794
815518
936892
546084
alexander2001
62566
821953
657393
bhattipk
659923
993839
050622
489566
630124
962093
193303
090398
android
Iphone321
adam12
145717
589996
187858
173833
hello123
142835
826826
447623
844074
804012
398398
661881
085217
586784
149270
qdr123
star123
690129
passwd2023
red12345
550836
980397
930622
372592
343948
111011
Google99
737451
382547
829279
656843
37331
180642
204765
23044
996314
585299
516252
26439
875897
246785
962731
725219
743897
121077
606408
Student00
368357
794607
471438
696322
482955
292611
596761
Red88
176154
05502
051832
698731
19292
823383
700997
216117
343519
244970
027313
960267
90447
465289
868131
094820
649165
988845
269566
642158
656909
33376
777612
Noah1980
127974
53669
161656
922075
63098
065395
459778
126533
716452
924924
0195
818851
318813
646844
12103
Ahmed!
687962
250302
151023
89712
949575
5460
374869
487124
127127
840411
573386
65695
520894
116919
684805
490325
157652
281204
508717
806124
016896
491183
337425
264726
014234
861058
902165
047509
566357
Jonathan1
711447
926728
295009
066209
Joshua!
93667
987998
game99
622479
Karachi22
login2007
Elizabeth2016
130802
6009
913077
Frank2020
502546
731753
521532
200519
516527
89901
310057
279378
557843
496001
224785
202741
06426
530838
27202
376794
884862
344168
262988
Malik#
3651
883168
890296
184712
7359
3303
student01
086823
77140
452056
097207
water123456
287067
kali786786
042691
740839
059213
728607
738826
087769
980683
170984
39284
7701
016632
228052
79142
602360
740960
957792
994917
473407
260359
0693
251911
270655
729828
454982
32872
035442
402292
879725
575971
363231
403282
6756
81116
311421
855030
311120
ryan2014
263186
042009
451132
190423
402633
144925
131538
847495
58534
870683
856460
111123
64120
karachi99
087560
798303
438328
091410
2688
927784
450604
676038
809017
85911
209759
96747
189706
762905
559174
935110
580228
245487
618783
Super77
Anna1998
256399
83286
055594
695948
010967
171127
527032
991452
05796
055220
146003
547294
Dubai000
979209
997810
hina69
603636
670076
Earth00
79555
080817
633886
675202
585970
525921
01050
617892
875479
619025
965470
479050
759352
Zainab1988
174977
109824
901659
3360
273581
241461
665654
798567
719873
087032
054956
996853
558470
183601
326678
53634
580547
463870
136653
477697
561616
150908
991991
758428
965536
Hassan123
656381
Asdf2006
12201
715792
teacher1998
250620
541860
Hamza123
Windows321
901241
487674
457578
977449
898359
012342
648912
936034
28392
461593
928235
215699
945582
920425
815925
864710
9498
82040
3867
962456
Edward1
google2003
297253
711106
575707
960971
18165
196504
191312
582274
Hamza3210
160523
477147
003124
615505
January77
569569
727474
46802
639078
923494
imran!
483945
498366
635745
576719
767074
385902
136048
14210
evelyn@
717871
samsung123
152625
513612
471064
851565
556952
012309
765039
126093
125147
308374
256674
Lily786
794970
316041
156860
156629
5151
071114
885709
076483
270690
583088
784982
219769
006358
456005
123233
468677
846879
89628
471031
04536
419738
593670
Evelyn1994
761299
322498
953700
0519
022011
808621
883212
244607
Master111
842600
353914
031009
704099
190729
531069
23590
642521
03836
59381
545765
581504
981101
34293
39263
992475
9366
Aurora1234
741015
819060
601579
309694
436722
246257
805992
521917
511742
017094
Dark99
926035
895675
448855
200233
313456
158862
916223
862235
763730
35980
285098
612359
695783
949234
738507
852907
572693
844437
607211
72289
789723
015070
852797
4431
695552
444521
53893
150535
550605
976602
9765
062876
whatsapp#
995313
16793
76895
676324
506638
786522
924473
045078
621335
588533
073601
915112
737935
323917
470261
795916
279092
200585
87192
575388
253275
259743
86471
705408
297847
138677
863456
829774
08729
243188
671231
085294
980375
340054
558668
justin2004
282623
02254
649286
9417
140800
094182
110920
269181
811976
751641
856526
483890
219472
902022
533973
816827
052030
066011
581647
063470
985490
010705
829664
427680
012749
hina@
218504
517055
682275
734492
667271
android2011
170190
465751
946891
606023
star007
230703
824252
340450
king77
665522
027456
88046
886534
207592
906675
706046
master01
669570
Islam2005
369182
849145
080872
026081
Youtube007
368225
761761
576092
57680
277277
111837
Peshawar786786
072831
Ethan2023
151299
774059
681054
879835
617969
788436
16254
023452
028215
685663
652366
100056
597014
794574
555346
86345
321189
666314
96999
612909
946264
649099
6231
999702
Omar1
73696
391996
101431
933042
289256
189464
110208
996479
071027
27419
153780
566775
418594
55601
819610
100925
215094
141922
450263
245322
Play123
250910
7380
387585
221155
520036
50883
485529
412159
711117
love2016
172997
92876
43036
dubai2003
701712
3609
angel99
430760
049412
969694
079618
43953
626615
681131
113443
102586
331958
854579
206338
507540
209495
681736
087494
207790
536118
12173
6054
985479
755645
shah2022
762201
742731
894520
600600
74130
100133
704363
551980
820347
386672
545875
28665
967153
101970
858154
457336
566313
076747
983972
358281
203269
13321
7020
426734
823306
499411
970409
986920
240119
905586
45815
48195
199936
864853
Khan1996
651321
599379
644380
98952
314578
595122
005478
505945
223531
862466
wwc123
058377
bhatti1998
Dubai1999
ahmed88
892463
400015
16065
727540
617540
793254
640442
63217
867405
150405
475695
505736
Hundred1994
382965
021527
374363
581372
957913
746823
003773
711865
344971
219241
541662
642862
218900
358325
978912
3423
046541
50778
Ali01
900768
516175
988009
196933
708928
790625
0121
072039
449196
Scarlett123
robert2009
640860
006182
034331
981112
744095
sana111
85351
andrew1
844712
900889
461131
163955
793507
760914
153439
475915
234025
347248
003245
042108
542366
05845
511599
701690
57204
610137
964645
138908
139656
431112
918610
28847
970695
242033
66906
993069
625174
522885
116644
204534
richard1994
demo99
857945
741466
150196
455466
bhatti12
51261
192588
550077
388894
626450
963138
090202
12964
010934
742830
31241
420750
083358
Gamepk
star12345
sana2013
070708
69258
554389
218372
342804
95333
040161
081587
098989
987382
914298
826430
993454
399179
157872
fire2010
367862
829323
163416
444444
958034
963776
185526
742610
631224
90167
592383
934032
468919
578160
165165
252802
Guest786
Secret007
fahad321
670989
94185
891616
090496
268345
153417
115148
288860
google000
137192
200354
153021
869407
865601
859562
084007
381161
726594
702185
180961
779053
785741
404349
january#
777216
723261
301048
42329
85645
17654
280225
490941
952666
198187
103477
710963
09548
933504
034837
514690
036014
083853
496628
January1998
715132
384670
840202
149732
65919
905157
41867
Bilal1983
8454
247720
427394
301873
705155
867438
Omar111
431464
three1
78974
149776
430276
Olivia
903265
794552
951456
329923
196625
150216
842248
984610
650606
93352
61579
906521
070105
662266
209055
Lahore1
091202
874588
673431
49231
408078
599148
642114
535304
150823
930930
81445
205799
178442
444213
914980
326029
hamza123
026521
855151
637010
940423
810425
dubai123456
591822
767371
841060
934901
708752
791956
2640
234982
Lion00
431398
007348
444884
815034
72163
allah12345
47873
173877
DUBAI
12215
822074
805673
732083
463232
150249
768845
213873
230123
719477
414073
766348
553366
375584
05334
79121
046992
secret2006
982630
412445
485056
134299
636361
star2020
339537
807972
775423
934593
524689
222585
246345
241197
095425
02548
522852
leah2016
293579
57981
admin2022
600919
210126
243749
1504
97937
263890
586058
118327
927432
Alexander786
037202
00756
47285
583913
909194
149655
648417
play1996
883839
691163
71036
hazel2008
778877
351505
794420
Grace12
748715
684673
493372
246224
701327
79681
668272
425084
127468
268191
331111
024992
345829
840257
505516
892287
973236
066187
432751
547954
shah#
482174
029315
560439
xac123
854051
399157
376431
469469
teacher123
Youtube2007
26656
946792
855965
974776
965943
635701
Eagle111
370326
021065
Morning
earth12
071599
422345
041822
100573
997513
97685
650595
190920
Patrick786
008624
674311
393547
329241
493603
351780
811756
Ultra3210
155441
672254
799205
675345
537779
850575
5064
999724
Engineer88
800789
630443
909898
113564
86835
596827
580008
31129
385858
83755
Night123456
725692
First007
284625
820380
Pass1
377058
Mia2004
691064
090693
55489
blue1981
069784
892056
619487
092213
94325
054373
964997
512149
549582
520487
Doctor00
383064
190317
148104
330550
319979
367587
375309
431970
045243
389543
296549
971685
90118
75712
083215
403436
151635
10794
918819
159720
988779
813109
82173
056364
758615
563739
020493
695915
606661
789976
500313
740377
627792
329307
15967
love2015
862334
131226
255508
004719
52325
260172
175714
39781
251196
Hassan01
26908
302225
920436
011693
401005
945109
191214
309529
480656
710721
514393
775643
274516
623953
Anna1986
68957
Teacher321
261448
983092
905960
411433
489346
69454
454927
397243
292633
202884
6345
black22
456874
login1993
032450
004070
722700
045430
334752
243540
570669
049544
452463
045716
qatar@
973731
820193
974853
466763
305558
859848
509300
Welcomepk
106590
447128
881001
274164
790878
772200
807884
582692
41790
717321
103103
922867
862048
153714
64386
719741
058168
70840
839443
543158
279367
621874
092477
023254
431365
063910
347556
703362
384626
715000
brandon007
597817
491579
503954
30709
146036
290829
745998
048444
560318
852764
358809
787094
453299
997491
91364
244178
615582
80654
975535
963853
51975
220737
patrick2026
1nd14123
739750
086570
005599
153318
361163
214082
072105
833041
632797
943173
525030
775038
347358
866723
fahad!
09870
265562
190602
53053
766359
684420
61838
997953
768746
265067
673970
728409
904761
163075
Linux99
51583
756569
799645
302720
290402
101277
68782
905674
14980
43939
516758
306867
688017
Pakistan#
671044
539825
708851
420145
352451
903606
206393
965239
285681
27671
432014
163680
Final786
988790
749375
ethan1982
425403
104588
09534
111826
524414
876491
568623
49819
315337
google1992
467324
199826
885390
944834
390324
604219
eagle2007
91882
692901
206712
116875
wolf2021
675477
809886
389136
Wind1
469777
143990
337128
758472
pass1982
574629
12971
hundr3d
608300
red1
981277
046893
854139
915849
382910
568139
160039
016720
916861
4743
708675
Login12345
782925
259787
931535
203709
529705
Ahmed99
996325
243727
538417
917664
460845
324797
560615
737407
332200
monday1992
stephen1999
ahmedpk
779647
Facebook69
899998
149127
four00
60809
324775
22988
172227
302632
323081
363550
79940
894168
Light12
432553
15680
099242
school1234
526570
418110
561935
070510
572264
082236
97405
698841
171919
436656
747043
297484
943756
148478
303743
342089
748154
064471
427636
447150
828080
011026
Mega1982
576026
92239
242924
878713
270799
21483
005071
649066
680647
740146
25725
86387
976239
615362
54019
880231
151293
Teacher123
050226
Facebook22
651046
181863
375683
071020
874687
010605
130449
820798
028281
449713
256476
695475
744821
king1981
467247
717255
718421
828597
851873
152658
604560
56616
947309
611435
290873
091123
467808
547899
071299
380281
662398
056254
048345
58079
670791
8565
577830
401203
150337
Hussain3210
229042
620587
448184
401995
226512
Pass786
970090
60676
623128
863005
081059
854953
298100
853919
764060
3399
670307
507837
431893
443652
iphone88
421124
062535
Abigail2021
910228
458788
478258
924198
107239
291111
Nora007
572440
613844
182226
096162
326964
114752
283800
807510
013871
Facebook2015
020251
826562
826045
196416
953854
510939
592086
130205
735394
954734
wind123456
689425
947617
129646
007601
327888
09940
91560
05313
52815
510301
027071
830038
58016
star99
815122
544951
755458
706442
2883
64708
87066
378829
871805
07014
780824
lucy1997
98770
5040
807466
10612
683386
566280
520751
455059
60949
972334
0570
644600
939785
66094
288354
45220
420376
773168
711579
072303
966504
008767
766172
242341
023936
218152
024178
068233
165748
Moon000
Robert1996
081565
127259
428450
97769
54810
323048
091828
ads123
376717
884906
901109
Asdf123456
834955
172920
238777
443432
974083
471273
WELCOME
04137
370249
150656
524667
910811
257224
945241
391325
927641
085976
342859
Green111
082313
Brandon1990
648549
703670
5700
477048
882882
932558
473165
030520
517759
grace1988
398101
002871
860904
883685
89453
46977
273020
776930
580657
0111
76671
888074
239646
002882
2046
555060
056518
133617
908556
668525
289509
26698
159049
674344
623106
992134
626846
450010
Tiger2025
808467
476344
576752
394614
295229
833118
533742
5838
30702
466477
584243
shadow22
48279
605484
058454
779174
021054
169158
159533
60431
342045
170523
888305
030492
565554
one786786
089639
149864
245718
432861
willow1990
232441
71197
915948
Asdf1993
41825
529034
667359
009383
356279
210902
434038
2793
148797
77315
957902
581361
519156
5502
320419
Password00
492195
Henry1234
imran1994
441287
6621
20440
949850
427812
312323
036916
84826
426756
two1998
047311
041338
222541
981794
Mega1995
875611
ultra007
046794
099044
android1
Cool123456
655259
029095
218702
899382
iphone
873257
1902
Demopk
109417
363143
064724
186868
890582
289102
3897
72429
687379
083886
151877
272624
595584
030404
526328
123013
618310
342265
76167
685432
855195
327162
79212
36106
840147
511027
418825
849926
226589
Alexander12
178211
950488
547140
adss
466125
460053
767899
5142
43750
Hazel@
04620
24696
3855
244376
63665
438317
194436
444862
622831
974380
919787
Mega69
54404
831413
67354
561451
944669
67221
93121
757449
86464
722117
34979
816112
56294
306559
063008
67599
745294
721380
868538
302170
194590
069861
570295
Windows1989
BHATTI
297693
238304
47103
Jack
271601
031735
747703
413534
567985
258060
056925
698973
W473r1
665863
66885
823075
483098
429066
994158
141823
309177
038236
024420
409464
240988
554422
Ali1985
520168
34538
480821
january
234267
189508
569327
051102
088594
669251
487553
868945
718641
386408
198803
156684
125114
600622
Tiktok786
85197
440440
420728
507562
903034
249513
302819
221177
911427
xxr123
977075
050633
806410
254023
954437
709544
174944
797467
866030
3033
995676
henry1980
503723
251273
Sophia786
45150
940984
945197
699743
606859
512457
96180
066440
74935
919171
090893
253836
975018
678909
047432
410652
461835
islamabad1
269357
546656
242132
57120
810403
250239
793793
458073
416768
663718
326623
506418
022649
155782
0006
842479
573617
473935
171699
492888
869132
342419
012991
337370
brian2005
848155
797412
965426
zds123
260139
281798
710226
008921
090948
875259
206217
020944
985919
867713
742511
79758
246290
256872
214962
957924
273966
88704
010725
779317
Welcome786786
799733
606826
079156
529980
883102
373494
721479
031026
396209
389862
ayesha786786
783189
763719
026257
23695
692417
8661
468875
201740
871585
055616
24934
05677
937750
199386
172150
553454
628320
307450
507298
889438
070302
cool2013
305767
305415
884499
780857
005687
097427
200794
79030
055132
18060
670065
895939
wolf1
328834
570845
848881
84147
310323
953513
618156
490391
399696
315238
59423
76174
704814
940445
985600
090708
wolf77
088044
107393
601711
217789
769307
744260
016753
676599
071720
158774
305833
400246
145959
67228
493108
Samsung1982
656788
91742
05383
7764
949388
591140
844107
826078
122991
hassan#
536503
81837
989197
166122
326953
Hassan321
warrior1
629266
94647
367092
924594
212938
550572
63280
828487
164219
H1n41
799040
916080
048543
Final22
731247
770803
157971
593340
541673
29414
77070
404668
495913
959552
Teacher1234
509685
277057
986942
98105
270347
95263
843282
071205
689755
370392
559779
313984
8799
806366
686895
59493
738760
529727
861674
654346
878548
215600
364287
861751
371228
507078
067023
Jason12
5757
949344
202565
769824
04774
hello007
177353
354937
685828
260931
077759
769120
416152
188991
844261
449383
511423
39676
Apple77
784091
GUEST
11998
665291
056650
221507
48307
556622
715308
59787
704341
651651
65072
724922
anna!
859232
Ten01
685883
666710
110996
6588
245795
602305
459459
524821
735581
774367
008778
082401
025289
643830
Pakistan12345
207141
396715
714208
660627
852346
273504
993641
184261
16863
727969
295493
455092
432707
361493
372570
843612
452705
795058
710094
631015
174548
512380
990363
397001
975139
Mark786
samuel1999
movie01
747560
957737
847022
291258
131043
389400
036773
376948
571131
779306
331628
71533
654830
162580
317944
90629
212850
716265
335027
624998
395219
981420
102036
674498
270732
795817
471581
005445
170159
995819
youtube1988
41811
music99
0907
618739
959882
978549
150381
609851
143330
094831
629354
914848
768988
409420
024112
53326
287243
0305
81242
511280
366245
660319
953546
809160
151090
979473
358248
855239
290367
648087
121099
721314
291808
195019
946583
469722
215952
315898
674300
969166
633952
869165
35735
507089
031290
597883
031823
5952
831369
009141
537284
411873
738078
376090
342133
30254
968253
ultra#
105325
26397
755964
guest12345
194073
539198
396638
150645
290125
77910
086515
661595
937959
275011
93828
420200
803000
879329
3495
750574
903342
275110
436975
547085
211541
2748
950598
451385
165176
997260
552486
282117
user77
190923
84357
901032
Redpk
643654
562067
974677
ryan1234
214742
601612
50743
516087
39095
012265
203280
qwerty007
sofia2009
045089
252604
030705
127424
051777
8364
976206
hussain99
857307
935704
tiger007
686444
Demo007
79884
029337
184943
050808
90188
170596
790988
11767
886292
701547
226655
078914
954943
998349
639232
627308
747813
303633
976657
996039
886677
Three2017
265661
611270
676093
323994
442684
782122
653631
146454
782980
721908
158532
133188
228965
631455
807103
394471
953403
Zachary2007
271425
869814
24402
763323
049379
870353
781550
mia2007
414953
Tigerpk
425645
Qwerty22
077044
93380
594176
061226
28532
58604
187187
33215
206965
763147
Collegepk
948695
309639
414348
994037
654214
860453
214775
192753
483274
923670
500016
582703
qatar!
311322
460834
059664
716837
751300
690899
06762
502018
02800
832953
608069
601997
409497
772805
231275
048785
20321
683210
242979
718718
Lion1981
645722
490875
493691
355476
830885
game!
18032
43708
70252
072655
Anna1983
593549
515218
784707
894553
434489
462429
09149
839047
565576
831336
703406
steven
274219
295878
502348
934318
813263
452881
38346
284658
66493
308737
848452
632984
598345
secret007
129690
301807
Three007
101574
714428
54957
n1gh7123
591921
437855
22694
433433
136917
625724
ALI
350658
112508
051202
39319
799062
281886
823845
413886
770253
289322
ahmed123456
481019
09107
377245
821425
111661
144221
002849
558503
95319
031306
966273
345587
Ten12
8766
94500
452166
riley1234
940940
697191
601029
929709
615648
844547
339361
336886
914540
love99
936507
61166
518364
154660
945351
688501
514437
16177
216590
103125
647339
Linux2026
Qatarpk
263241
908512
969804
729553
35280
682693
631873
508596
03507
931656
702636
849530
91063
225951
10059
fatima69
00490
326733
426305
600886
140503
Dragon2018
613734
986304
71792
879263
830225
samuel123
083655
566896
853655
710061
076868
501545
00623
732930
078936
107591
956494
081818
464717
653994
124399
636273
xwff
857153
516736
Root1998
923142
649704
189574
461043
323147
011880
005665
386375
871915
223014
478115
460405
476135
258676
725923
Jonathan!
8277
53179
863863
809985
090497
011293
40635
008943
778085
63616
129536
229526
Night#
315535
750101
393602
1965
377608
107580
1001
290928
921481
569998
436953
150073
30359
124036
537867
803297
779933
482119
565004
Google1989
490204
4581
138116
085206
592251
169081
819676
947639
691713
464750
634084
7347
893354
14294
15050
86499
856119
277299
786698
23485
345213
613448
581999
181027
302115
863104
Warrior123
02646
45654
727188
530332
205733
708169
493977
520498
25445
273009
703021
326755
408606
82565
466466
603581
460262
96089
29638
177012
684387
650969
187935
908655
414656
0903
656348
906510
009614
12901
95305
508794
593395
392689
4272
82621
99596
649946
611721
311652
305547
125389
982102
479743
509388
109296
234091
914881
105930
hassan2018
420387
045727
036223
241802
601348
59612
844294
599852
653334
ten01
698907
191090
313181
894773
43134
635096
980144
57043
772409
685751
56210
030910
119636
139447
6819
88319
258555
787842
375716
889339
Fire
635404
93149
69013
097251
Guest1
618475
329802
571472
915431
898469
48090
826155
887711
089573
968352
006941
492701
12432
100221
599214
007612
387123
636207
472505
63168
368720
906257
45143
572770
401170
443069
825968
609939
8109
Kali#
754446
662002
245685
183194
221419
66283
335500
zaq1xsw2
86135
509707
470514
138644
90839
768218
164131
615560
317702
35931
987437
477268
315733
913143
224884
310390
554345
14021
190111
670329
467731
249810
193094
4836
315568
699127
960674
65191
277222
746427
090117
730246
962390
352627
29365
243397
864611
564971
514965
582175
532477
261228
621665
344124
731599
042559
441364
guest123
322762
708114
368247
203885
895840
417010
463485
Quran123456
College111
7599
678777
19082
719730
233706
673849
063426
718872
Four1997
461912
242803
666424
209022
401973
169961
529474
751498
241087
password2012
751839
201487
72506
qed123
385231
971344
994235
Layla!
247478
669262
978890
452892
521994
7605
174262
59570
Justin@
210314
45052
113124
143968
038852
810832
283745
58660
056166
988086
Whatsapp2020
641355
nora123
909293
603900
26551
41090
336787
41356
295746
23898
646305
962852
87577
538582
901846
510994
122452
469370
780967
324632
86331
star1
285670
95865
201377
5400
373659
290905
07560
684717
767690
98371
2001
229020
30828
849915
2184
117491
707102
011114
928741
420596
159082
249447
899008
148005
041789
838585
64036
547965
85701
030202
09961
863489
30037
043406
883069
599544
266816
338899
538307
54586
018029
203071
560186
820820
105391
27944
227678
182281
299662
082203
710974
170408
647009
62615
196284
354574
050705
sophia1999
316899
691515
304612
28322
256630
037664
780285
578336
362516
qsdd
376552
256806
34069
075614
720093
918181
678667
273218
249007
711029
water22
93583
hannah1996
997843
18242
786456
532125
Doctor22
588940
09709
290414
114235
35567
249414
792440
415470
050720
45192
919468
859100
94871
739508
Danish
46746
591646
028248
611512
658515
307802
814429
887678
858462
140316
cool1988
782892
419067
917752
059983
75299
engineer@
162789
101090
561242
hello1996
594880
690965
21966
00637
157344
063822
766656
318967
93072
047883
944174
Movie88
602646
726891
87493
457721
336479
453079
642807
952149
Sun
whatsapp@
013310
530057
543763
859980
073931
86968
78575
563068
003619
335093
04095
752345
860717
093203
432410
whatsapp1982
266838
Brian123
2853
Emily2009
612898
724867
611479
171202
865821
846912
417571
594165
945043
MOVIE
43988
593131
586003
971608
272734
459470
357665
395142
hello22
315854
860772
594825
597146
807246
839674
12096
310178
606650
901692
841335
807697
108482
120131
761068
815111
337095
576840
195701
443751
395175
001793
6453
413457
1755
633094
173580
063239
190619
110805
446160
191587
Emma786
85659
244728
802208
631807
156398
154308
84308
293975
343574
515845
336325
557799
596552
23492
77049
Login01
487971
596684
78225
696410
640761
564751
162602
548361
427614
College#
74956
804331
339086
559284
830929
054274
236566
101420
5550
810392
267157
972246
468028
943437
936254
998723
799535
21504
319616
999306
177111
104742
572011
817938
598213
010032
308990
058410
14175
720368
250608
725934
423159
291299
938872
463078
854876
15l4m4b4d1
494868
sdee
omar69
295031
guest1
hundred1998
201201
961444
235202
498267
704374
61516
550506
667029
59654
07973
622710
13713
118184
ali3210
justin
645183
628848
257400
910921
354959
691493
805145
270802
961059
721303
Lucy!
302885
686389
0135
043736
96586
707971
47943
159313
578567
420178
085800
681329
051469
661397
873070
909337
96726
699677
244046
210405
755854
191510
475123
844569
016665
273944
263164
813461
844470
998569
27741
doctor000
741411
103895
one2000
27986
827376
012694
420618
Sun2004
64806
649649
67200
10808
840873
443377
525096
760969
thousand123456
554037
132055
298243
850047
900185
376519
478027
Pakistan2025
321101
996424
370865
450461
375518
32158
886941
501017
625614
106942
610500
633985
974039
423533
140734
96572
323741
650386
8925
justin2016
158686
2469
47901
755271
Ayesha2004
018755
569107
doctor@
60487
819665
296901
red2023
810634
327030
908116
675631
925518
184811
89642
562001
812801
66430
902363
292468
wind77
145046
4695
347754
passwd2005
567963
762828
787490
344806
715847
71330
06790
770462
167673
Maya!
247885
Apple!
458909
713141
578149
076461
695651
431816
582615
Lahore2004
61005
781869
563783
School123456
570042
719917
481646
291841
656073
732402
434709
269676
Welcome007
46613
246477
221320
030511
908501
310684
bilal01
085745
676225
80045
Khan12
39312
2506
913869
31878
956835
738474
094127
962753
720225
dubai007
Doctor1982
853985
843469
49511
762355
894377
632049
816167
86394
298969
381436
047850
801504
037015
android12345
701987
720236
481250
03591
660803
826639
569052
85365
College01
437602
127831
play2009
730917
021109
735526
80136
28686
503140
52402
077495
443960
7314
915926
january2019
873037
808753
707443
552046
282029
422587
697180
passwd000
956846
Ethan1
739530
413347
217987
734789
786621
951962
662706
170308
869539
386067
Henry2020
298617
Tiktok786786
860376
346192
204754
342331
245674
362032
236445
503426
077462
034705
1225
532433
397881
0927
384571
627704
584639
701437
822184
782342
991265
874731
998195
69090
520146
823416
007634
820116
316866
Iphone12
698555
914320
343959
ultra123
xds123
Qatar2004
951720
532950
382899
527978
816002
987261
640343
712998
211772
3405
096437
562243
194491
079101
14714
70651
500544
634029
07889
631411
449526
Brandon123
336534
Sofia1234
845746
black007
600699
420134
256058
878834
Islamabad1981
914925
092081
997887
878526
607200
331892
178684
564388
android1983
531883
081213
952941
363990
925903
709797
257081
712349
96103
090120
397507
510510
38402
73843
87108
Doctor2012
578083
616066
754105
joseph!
552453
462891
481547
394009
120087
lucy1995
217932
allah321
29232
044880
Malik786786
090431
119020
531663
918071
7818
706948
379379
366201
738199
7572
864655
832810
991342
521510
639793
Nora123
73493
6693
563860
213807
623612
Fatima2009
Water2024
412005
227139
abigail!
Google2009
59192
800305
26817
759825
651189
476487
59752
678271
584848
011539
885269
55832
Youtube00
182325
usman3210
Ten123
102223
62559
Teacher123456
316756
426085
822393
56042
788645
197824
20139
101992
611589
975678
627297
535645
111290
34174
803869
wind#
051299
943140
Hussain1234
549615
573122
Secret1988
057827
320430
476465
997557
630322
143264
104192
244618
808665
05516
136125
1605
99155
459591
761420
735548
884213
655270
407539
540342
Light123
034430
289058
480810
596882
anna2026
533885
354035
276144
332563
294888
399784
62895
l457
613283
100672
049599
75845
302533
144441
49014
339405
569558
301994
607541
808082
131615
014696
Secret00
29554
158092
152218
348645
75117
084205
66780
David1995
934175
91427
402138
19642
1689
456291
morning321
839179
789437
6489
837672
484671
197648
279488
638022
43603
486442
81942
810667
742005
59087
304282
059268
047201
988537
065219
134145
144001
73633
505714
48258
952710
522720
517957
068277
519772
939587
624844
46774
574607
382855
680471
061303
mia!
136235
132165
946869
511709
38423
18081
65331
044913
061831
065934
819390
552189
662860
268642
999515
366498
687665
033693
699270
7422
027170
561627
075042
497849
168289
095293
94906
835593
350438
876249
552838
976140
271007
310690
hina#
230496
389147
978065
533038
80381
104335
961631
357962
927685
004037
804100
Green007
619619
1512
966922
70539
Sun@
365552
778734
406494
270808
214181
464673
050299
358611
129899
995049
670230
37590
642785
981200
433323
199188
594737
3960
richard1
198781
622787
670032
809215
546337
346126
849189
030129
727925
brian1994
120428
67417
82026
427658
282557
296230
peshawar01
511302
two22
471207
487300
Police2015
984456
675224
061358
273911
542300
416724
040018
25193
1707
132352
usman
374946
476421
597069
509322
661012
539440
363495
097482
468138
29351
621566
44016
99141
74123
334840
442893
419573
Water111
993663
350471
140338
603394
026334
2991
12355
158345
136895
84189
797687
Joshua12
173239
287309
472417
480931
809292
020592
86317
622578
0503
098021
7695
577786
eric
075427
582571
035607
063404
847418
456962
159456
188771
34958
214335
385495
519530
306218
075251
546282
534985
833272
905377
829180
461395
825033
591701
apple111
951588
37387
530321
782089
749529
793705
2871
142274
833349
5280
00462
838024
346181
442805
91903
Ninja00
481162
336677
068640
421806
197263
34657
404525
091017
129800
075020
771309
88921
3165
10458
960399
659890
290302
878339
789910
155188
857956
421762
061996
946253
265023
Fire88
700238
115170
063074
555588
941116
861223
395197
340802
night1990
874126
03325
325710
hina12345
891121
831237
072534
229988
195844
286264
954789
063701
769021
971982
631180
155914
050596
173360
728189
18263
10661
15078
97104
609752
Sun69
571494
06965
105259
770858
439659
292402
114334
254507
43582
998360
981981
three2009
119328
57344
5229
860596
971542
420354
950840
05341
468336
04984
581658
04284
936705
643775
238909
645777
Four321
Dubai88
769197
565455
963094
030105
499070
187693
069256
969221
102872
5703
336842
250323
951181
310402
60823
823086
627715
451792
386045
Baby!
934934
14126
357885
222277
559471
85309
625680
888844
107866
56728
177331
Apple1234
386342
506110
019800
050326
939378
20384
061842
300828
411004
05096
602294
034023
407682
thousand3210
592108
738936
15862
837958
last786
657811
756558
831908
815342
126269
011803
966196
464024
532774
543708
861102
806520
086944
177881
662970
0045
777865
804155
176484
8517
Admin786786
042812
155518
509256
346742
Police12345
30597
209165
275825
Maryam99
545226
670428
889746
348117
67802
846967
04081
Joseph@
365607
196328
606122
433521
272305
906378
435468
712976
659472
708587
multan2015
330528
04823
797368
289223
848837
362626
406516
593736
458766
821194
Raja!
334004
078199
040117
825165
100419
41818
lahore2023
963160
Cool1234
188122
895312
13482
778514
688171
171093
80738
402589
220484
914606
991023
766084
825484
187143
90524
929060
303072
244541
042493
xwss
162052
777062
1569
954415
038742
Usmanpk
480700
174757
290818
691581
389565
359084
579568
Ahmed2025
356532
Final#
430474
253781
306471
4611
91798
35630
609774
986194
004851
703340
whatsapp01
363242
990165
715077
174295
502777
155815
380380
866987
030814
580492
31570
230241
299618
015466
252208
3318
107019
Bilal1988
599049
021626
286770
06650
702669
585332
Tiger12345
642620
988130
94227
647757
912285
211222
38668
blue007
1851
261987
movie@
628584
019272
398915
278663
87843
081774
977350
imran1990
732556
165143
226578
94458
Blue786786
809039
xxcc
311553
541497
675994
480326
368093
862543
168157
285483
94773
082335
396286
867548
174592
239261
979341
726836
pakistan000
744601
175945
456720
50869
112948
995951
023826
534776
10871
986568
575157
333443
720786
53515
927366
472626
199903
welcome000
291199
176121
943822
53256
232122
Khan!
Red12
901472
451550
561462
626131
639177
993344
india#
684838
644435
211214
Hussain2020
321112
87318
405944
489313
047190
518452
05859
030708
892925
768372
024497
allah2005
981398
941886
257422
556567
297319
730928
285120
975799
Jacob2026
288431
349547
702108
21490
921162
17500
422851
27167
060643
557931
893673
626747
0648
491403
445687
680075
890769
897435
370205
523798
353793
622930
123145
607970
172304
964656
683243
251812
638671
morning123
379368
310820
Wind2005
509454
689997
869968
853094
649737
578347
998052
638605
408012
809204
054989
870661
0867
435072
cool1987
918511
462275
783541
605858
423731
529485
191873
1239
224048
427262
981013
344377
56980
547074
999427
994477
255970
peshawar77
78078
253209
177089
215886
user99
581339
005225
541442
821117
533104
253803
93464
534105
814099
984621
allah1
917928
659483
383944
tiktok000
248842
236841
391391
505747
005555
214830
274879
231093
044616
518012
605616
585882
398860
480161
500654
166606
474188
781594
885434
050765
242352
94479
268818
769164
12642
5736
024134
098681
173481
769010
131117
elizabeth2002
86443
044099
Evelyn2017
817223
0414
877415
699248
13650
Multan2004
387354
261041
650474
520465
176495
802461
845042
254903
894971
754193
62755
027808
82208
743314
514987
085613
873950
621489
78477
641971
255046
49217
964568
62412
660044
308891
048708
089595
8958
Fatima1984
111190
294129
338734
150623
424512
28924
Black2026
497068
533379
794365
30009
80801
48475
334675
871552
415085
607255
076406
22904
419122
491711
385308
896676
111056
618420
61026
110196
296571
924088
616682
first77
73437
310376
270688
341792
00847
704187
674036
082368
330022
65065
830445
745514
712525
00210
617683
739860
345092
735658
158576
336765
927212
270605
0613
63252
026411
241505
044781
781990
14602
Ultra1993
Last3210
337920
663003
737341
Christopher!
570790
693814
349371
72177
95046
758813
Doctor2018
412236
700040
692043
875204
00245
559163
196152
mega2015
00721
86352
310255
Thousand2002
549362
341770
904244
6552
150305
95088
170102
Jason2007
615417
151514
403271
170203
313610
475970
754765
811338
242088
050117
Qatar!
233409
744799
07476
021175
026686
077121
944460
888217
480777
165088
345488
Ayesha12345
536217
702097
078573
105534
828322
850619
261206
346302
489368
0654
892199
Willow123
683166
132000
668899
990429
264935
148665
880671
632423
697433
037653
658460
446611
865942
091293
632665
248798
Allah1997
361438
936144
382184
725307
731104
014498
359535
98924
194018
848595
90244
329714
681890
696388
passwd3210
350592
951940
college1
851598
597333
006820
513194
72744
4560
030920
594627
759374
09002
721578
062601
575839
285516
hamza786
721754
04816
539165
702119
19173
69335
873048
451330
717596
246180
229471
318384
927080
023606
03360
465685
46011
Anthony786
4dm1n
980705
845009
659549
914903
694408
428956
056067
216799
039490
5661
682638
232672
368027
905003
749540
651090
33502
543356
877360
712668
947397
79401
410102
350449
045870
318648
Matthew123
848859
24269
021791
136741
ten1994
892837
565532
user1982
568480
269665
746636
865832
942876
126885
841940
707432
586597
37737
66213
610071
249843
324313
719796
178112
58415
379610
375760
472967
801537
589006
41720
592757
650694
679327
031141
Facebook@
515559
122936
241285
667051
973412
618409
Quran1983
5208
397727
189519
344586
011462
862499
806069
2148
512688
645139
410905
Qatar69
583946
589094
180455
865403
673387
942766
308264
412874
690569
296736
251537
6033
71176
6012
07896
55209
296472
447139
56175
216018
191070
866217
221342
688182
925067
110858
940401
262427
014311
761849
621258
14861
252901
48062
761167
50477
378400
505450
777436
864699
598422
534754
018898
983928
136840
44898
469744
thomas2014
716738
149435
744282
Passwd111
398563
728497
2838
282304
483549
679382
996820
371415
002123
090695
714043
951247
037213
Hello12
black000
625504
Raymond1
403843
91301
548603
709324
302764
68411
162470
082698
511863
326414
563233
874522
951357
Welcome1994
941083
947947
913693
430397
709654
738947
164626
108603
724713
688710
Hamza69
134442
Studentpk
Teacher111
00378
623975
brandon@
262416
327833
114312
Dark12345
421476
610236
747153
989725
372240
610291
master007
730268
960927
541552
427075
1104
300058
Movie2014
149171
435292
770792
443828
26663
367268
554312
647394
152713
29596
894124
086097
Samuel2023
674894
351197
358094
252659
Zachary1234
459118
696663
503272
02576
831402
679030
eagle1987
695079
07259
842776
620906
00175
angel77
75782
308319
221012
2121
389499
326007
406351
297352
39179
381348
899195
009537
541761
319605
264242
52374
saimapk
077869
hina12
634150
907269
403084
714736
899217
990814
071390
036322
876579
397947
701382
470184
072765
397474
522434
467621
805299
26131
872377
abigail2017
831897
314545
257433
06202
868406
363836
01470
5223
086119
33180
86401
505923
790977
1211
130669
230211
337601
050325
858825
80752
Hassan!
Monday1992
298034
384890
832535
577456
145838
290196
147345
294437
883542
355861
Baby2025
150426
Hundred88
37079
42154
254276
500555
958056
156464
041404
688963
188265
480513
590645
mega1982
640530
50827
197626
339207
295680
072347
023694
76951
678007
Maryam3210
384406
216865
365783
09674
618508
525932
442486
91805
391413
328823
63329
057959
762025
408441
793056
776853
495572
756151
050523
03227
547855
312675
baby2004
874995
73318
209737
060599
emma123
Pass786786
084293
692989
729806
4944
518353
609807
600127
602745
926684
052624
lionpk
524777
721919
816893
713449
833734
206107
551078
166089
17206
142582
972697
827090
345301
944075
496562
180279
917323
Star1983
616770
240889
810579
883707
974996
025916
397089
574585
071105
825528
267036
15708
786379
914573
025685
628298
Login#
835527
150802
83335
22085
036641
336501
350460
406076
069179
289421
257554
81851
593879
143484
373142
762729
150808
156805
07273
840917
Last2008
Admin1234
omar12345
216029
251988
256718
Nicholas1234
401511
416944
055836
38297
demo2005
046497
92162
53774
693484
020801
5604
076153
69482
376959
34013
378620
501567
08428
323301
99624
039391
215820
291423
835472
923791
114202
543961
684629
018249
931084
931469
311245
302588
70623
783310
456071
504416
176077
124069
543103
945483
99589
986271
381271
240867
012892
849321
562705
451836
655589
244706
780439
651167
017160
020350
942216
183612
194964
551419
292281
298958
435270
264022
910987
131196
948596
Samuel786
348403
306768
138314
Abigail1985
islam1992
zainab!
205744
mark
417824
721523
523028
532268
597322
38066
170049
078969
fire2011
ryan2016
Danish1995
128535
708620
838948
173756
137896
644281
nicholas123
171369
090134
18571
725604
470283
882343
940720
507056
07875
638902
752367
danish1981
327415
802175
095007
58695
233431
876964
221551
102069
705474
917983
081829
065010
joseph1234
Olivia2021
156497
266640
115841
451341
301081
931810
337183
Blue1981
53655
060698
Windows007
053449
31024
720214
364584
509267
Fire2023
994565
03899
0252
989373
033550
teacher3210
578193
942029
696377
67697
729641
65408
400741
962434
878251
413127
600974
641839
424237
569261
724757
003091
550033
498663
345708
956142
879208
103675
6999
059444
179355
679239
98308
685718
10836
923736
first00
788227
170676
250423
170790
843051
148742
726198
257521
13755
24192
qxff
770066
765622
441419
1998
08561
549307
813098
Cool22
932327
862741
746185
842512
LAHORE
524579
816090
075482
941908
Sana12
687797
656491
338481
jason@
85330
900328
130402
908039
374990
207108
189794
736516
866514
849002
363176
610775
392238
039710
pakistan!
42420
70728
57183
patrick1234
631895
453651
923197
548317
5052
8982
60879
90902
318483
853633
801086
944636
082577
088143
573639
760771
157916
80122
38878
emma12
281182
312202
811118
417791
775203
157454
540111
619377
75229
382745
486310
862114
295922
927773
615373
570229
586531
37268
135729
Login2015
20790
Test77
607310
988966
344487
moon2003
168773
212212
807741
181379
484187
387728
31213
90475
220957
James2012
430716
878108
69384
701976
Andrew1999
832964
946319
093852
game1983
467995
054527
117051
771595
60837
767701
33593
499851
692395
252153
446039
210155
220055
308506
528319
646602
936265
623271
69741
011008
528286
910954
maryam2020
428560
998140
9363
22386
47313
271120
304359
71386
277585
472461
577962
454938
312246
637153
64022
4557
798930
police2023
095117
700953
466554
910976
253495
396737
light2025
769879
229009
71358
640013
558932
603097
700480
7506
Asdf88
36169
32529
09310
14287
763268
905498
103378
686653
648835
566753
710105
845625
625196
931832
235708
34573
27895
571769
939026
385682
801471
404426
401951
097702
675697
08645
628661
858583
62202
698104
39242
058190
789019
604835
188738
qwerty12345
136763
967197
queen1234
098263
368324
813626
719598
192467
890846
James2019
741675
qwe123
672617
312235
Hussain1987
165869
753753
170643
270126
276639
140954
424699
343266
924220
052547
028952
lahore12
204017
961125
236665
833866
079299
5688
051480
240779
01400
248446
409805
468435
329164
936276
Bilal12345
Green2026
509443
29820
593230
288145
453046
frank2000
932987
289861
233167
682748
341297
918720
297495
81921
419793
601766
625240
690855
230648
706365
016335
874555
378334
500049
984709
042636
244233
925496
475618
13244
274703
440671
964051
728453
62741
074866
097416
32109
8676
913594
805959
634502
Anthony2026
388344
010571
724724
452078
72198
232397
582351
045353
234773
016434
178321
519607
danish77
403722
979803
699831
120219
4563
346588
579700
15771
051821
88977
113740
974094
170820
827662
9399
090826
College00
830137
27839
410740
655347
814319
331452
93079
491678
04403
263560
563431
hamza2005
418858
086845
002035
134112
326865
Hussain99
King1234
040678
619993
2892
567930
071159
666666
58709
270149
64435
061281
499576
242748
Admin123
58072
184404
536514
325171
985974
659043
932360
931392
Music2013
34384
663476
495616
124663
089727
128205
611886
246510
40292
292831
941468
Three12345
shah2023
390665
693429
531498
36589
307010
167838
459294
910371
922614
619696
210551
200431
549417
queen2022
53452
057420
417109
110473
10031
110583
Zainab2024
N1gh71
baby1
343365
985512
704968
906477
566951
316195
279972
676258
387937
Wolf2025
898194
274791
758956
678238
44863
016214
106799
257862
348381
9177
364177
811635
893431
297726
384659
614350
Star2005
485661
177045
148973
753720
407990
162910
363297
63539
413897
Shadow@
574090
Qwerty111
892496
98469
45423
295779
607849
279741
507155
Hundred!
597564
540188
88711
069751
Sun1234
Wh4754pp1
070004
483065
685476
034529
428164
021010
337909
956197
James1999
273889
046244
960179
538351
855954
353122
Fire2022
435006
8103
475673
42644
197879
500599
22778
666193
144826
726286
545952
831501
311619
998844
881507
001089
604516
838200
230351
939356
648384
532686
558360
848166
105105
763037
5583
qdcc
099693
250514
03465
69419
443058
642312
241879
279323
271271
650705
051843
677303
116655
26243
111155
609873
081796
61929
119911
207273
21700
430980
274373
444455
849937
105754
093753
619047
511368
403051
634128
05243
689854
197142
46830
021450
351329
341583
362395
60711
322883
280489
764313
8196
131010
390896
051249
965690
24150
939752
070301
592229
799634
660198
541519
444554
368467
45577
300179
872674
348722
415646
571934
059323
409057
dubai1991
22701
118745
06573
122716
noah1989
613712
282766
993278
495451
576851
471361
631862
753522
897754
239283
Doctor2002
802901
653477
255277
572803
262911
653840
quran99
69244
750178
340252
islamabad01
541585
036685
23450
012155
183964
639947
273460
Seven12
360833
Gregory2009
647119
945164
364397
471141
064130
125400
6495
41727
Fire321
8904
342881
138710
947771
655545
024123
807565
500896
secret2015
901879
335940
104346
198638
348491
528957
177100
400455
496892
039182
393822
720654
hina1994
863269
637131
902451
867944
200475
737154
139997
168102
443421
774565
061501
875578
590777
41195
zdf123
647273
065153
1959
45717
62356
633655
952369
121990
340131
932800
940533
127050
124608
577115
361988
694914
985358
984676
14756
23443
0186
691559
790944
451935
855250
71505
231869
22820
478566
Demo!
460658
175054
Usman2020
889526
819291
093808
974325
459767
500434
465091
216579
887590
Muslim01
55048
569063
880990
772860
994719
76979
073590
834350
112486
82943
773355
019415
525998
00336
94955
1452
62699
820578
254133
53025
507815
121220
307054
586542
leah2025
146223
539418
759407
217767
776160
922394
253451
221870
196724
848353
591426
blue1995
545127
888965
173382
792451
409761
985402
020504
Raymond2011
352429
342144
569657
962500
361031
07434
8199
863401
796774
zxd123
Shadow000
544808
04641
144771
591338
957869
27811
047542
348084
Bhatti!
292380
morning786786
92596
985204
2004
00539
816233
413237
310696
Kali01
538219
969947
289993
323092
916751
219593
385154
735372
527681
103026
40705
9573
737297
076098
Aurora1998
18704
2562
984863
208219
93877
909579
770352
726154
773971
889922
464046
235257
35378
363363
993872
573760
035409
994048
806102
887898
80052
646052
410003
528231
13517
263780
203082
6156
710941
khan77
457512
824670
624140
491293
772321
521312
337865
968209
990264
82817
257983
247863
997788
486222
77196
487113
911097
866492
369116
57288
143517
Guest2016
jonathan!
965250
666677
806652
632038
Four1990
005819
747076
932976
075284
110917
love2024
04025
Emily2000
qwcc
152889
190814
088231
42133
634381
476872
192016
145948
484990
632489
031119
872608
36001
77532
Angel1234
050171
798182
538681
339394
986106
dr4g0n
305679
531641
Fahad69
731731
317658
11921
Admin1991
32816
031102
674718
188716
409871
455708
605594
785642
221782
966284
097009
269973
824593
6000
554763
43386
795377
230790
243067
233651
81872
796730
018194
295350
199265
397529
077737
320727
262856
386210
601854
155375
176385
20153
170899
753137
21203
027522
Karachi2018
117172
welcome1985
222035
249150
037499
465102
693561
553905
130611
ahmed77
573067
128183
610126
14532
6222
64533
340219
978373
633941
india786
768042
535359
281116
16373
251141
958694
103862
81200
150909
087120
508453
224389
787424
834372
187847
134574
0978
22554
356356
325611
705056
650980
555170
842611
3021
644952
239668
five2017
429264
alexander1
487311
417043
213290
291008
303589
268411
218163
012353
195635
473330
ten007
Robert1
483989
560582
43890
053658
496551
541563
2949
280720
569415
00679
277530
37016
94395
924341
882002
840653
040392
057233
058355
12054
776435
60543
511962
052261
371371
697323
389488
231605
35434
995984
125730
135487
036663
330924
776556
aurora2006
644468
031008
096008
326799
459844
Quran
785037
177430
548570
884378
459998
011660
802505
490160
825781
069003
Stephen2007
198693
342276
82187
578127
826089
911262
ultra1234
87241
008184
087527
Zachary!
049236
192687
367257
263109
554466
989857
84700
832942
373175
Mega1981
523787
624129
615406
324786
804551
Master1984
090614
470844
394944
780219
996886
80493
17388
richard1234
897347
595342
601931
6366
609598
009339
365398
942799
446567
007942
96075
745635
159412
977504
Android111
180213
94682
174779
091498
20832
909700
148841
953128
Bhattipk
843546
296186
03444
915497
000352
566511
614812
513381
197439
Android123456
925771
563981
943646
16674
ali2017
144012
360756
191774
947122
163889
829576
836957
170514
550220
789558
165770
146729
39984
159027
37611
840521
415173
010990
514712
170414
93093
506814
672210
647042
432652
991320
242693
114158
614823
808016
109868
833129
Earth2002
778107
468611
304865
420838
558734
930688
352561
Queen2001
815408
star123456
Red99
18235
Love321
422763
40551
baby2010
3324
266739
210540
377256
725417
islam1990
42700
842655
979088
matthew123
Five786786
380446
237600
842677
476850
6423
239019
943206
20769
190908
139018
700062
327932
28280
243265
facebookpk
690316
394570
416306
697895
149743
828707
918445
345730
095601
427526
448206
887667
757196
56987
176011
818697
136389
944438
053207
210034
150396
63301
708609
08155
Red2009
473506
907159
762762
443036
365717
173679
50190
368401
581867
851136
096514
859386
238513
8067
888701
556061
700568
102740
49518
392986
320859
916465
596079
943360
725945
55867
797863
794200
670406
519068
417582
144320
Zainab007
483010
366212
406208
8742
314567
lahore2011
631543
171083
455587
081862
325501
641993
194799
864105
110608
maryam123456
187165
043175
061578
25837
445049
624404
362329
908160
293623
29659
Linux!
785532
190949
362967
468710
Wolf1234
344751
381359
673684
164054
67984
877503
552574
476564
386628
015059
088154
360789
502810
187088
112035
738705
948981
469634
098164
323246
644842
46725
509938
765952
179135
842215
573045
Violet1
3843
883993
61054
044946
486464
223344
353727
732006
918665
2613
443124
677259
25627
332156
966614
141966
681637
566302
18340
472824
620521
930402
8355
60445
963347
60109
463804
007359
472384
979077
61110
30891
897028
126214
147939
498344
234245
708334
167057
040975
henry786
536283
898150
205579
453068
826683
665071
Jason1996
276584
550198
34230
501897
lion99
63679
sacc
077396
531256
591360
022000
405086
450076
157421
481679
698478
266915
716034
44233
61852
blue2022
836165
229889
173151
716639
421707
162360
490270
46368
951742
guest99
270708
139282
383295
289707
brian12
939070
104170
779702
914232
975370
quran111
297660
khan000
137907
505307
Iphone786
637780
834284
485210
493614
267344
830467
695046
000671
Dark1996
2501
07182
074162
864457
784509
153065
157553
654511
253396
267498
raja000
386771
440583
414590
55216
358435
880154
889042
031293
230208
083908
041998
Hussain007
915629
911845
053097
720841
250505
198913
725428
425656
105886
921965
903188
179465
24878
619850
699193
714857
1365
028897
193479
344421
838046
749210
489016
114730
066374
81732
914936
528242
587554
081048
142769
872289
341704
790548
824901
441199
338250
454740
856933
030599
462440
05712
572033
51555
413941
18200
035640
12474
083765
165275
519596
344982
598246
Aurora1986
586223
56196
087758
503283
76874
47187
796631
558228
175758
802681
user
7335
028149
114972
Qwerty1990
098318
820017
865590
110420
615692
925122
764566
903078
658229
451451
667436
588621
249040
037136
125961
504306
555489
089100
Last2024
556809
Fatima007
320837
038907
January
803759
991232
859782
704517
295790
551441
58492
537933
259919
70392
680427
128755
211387
407605
malik786
726726
11270
08106
Black69
798556
527054
205964
108075
245707
038709
222981
408925
512589
Lily2008
544401
310860
Ultra786
Brandon1234
254474
159786
emily007
407341
851785
759275
1563
115016
557568
Anna123
635932
490853
748176
314809
309056
963468
Queen007
34685
068453
149974
934791
42931
325985
277200
639771
680724
014223
ayesha000
2274
517825
835362
210720
903023
8745
569855
235125
815276
2310
628210
779889
42119
794849
989428
302687
India1982
195624
631422
281457
730565
746042
24122
dragon12345
799843
955405
518562
646635
752675
Pakistan1996
099660
421784
689029
472802
516505
401038
132198
mary007
095843
142626
992420
639727
286088
109472
735955
28350
191092
evelyn2017
137566
77217
Jacob!
844327
iphone01
832491
624008
097768
322597
542476
601205
717640
767943
325798
712481
187550
891033
708081
323708
music2019
009405
177584
120120
731401
379467
953766
348535
Password2003
681989
002420
751894
870573
271293
32788
707113
ISLAMABAD
maryam1988
758065
265100
651299
James1991
796290
007656
10346
346951
033363
156310
043318
127710
game1997
51401
849288
4914
668063
950950
764225
747769
707267
642334
846164
794211
Allah2020
five2015
735889
287199
090696
49700
hassan12345
381909
745602
717717
992299
392051
719928
Login
529309
296340
731775
781396
124905
883784
224653
629178
677567
Sophia@
60284
750112
891902
453145
23513
342309
97951
149578
50197
104148
423775
917191
160666
526878
116820
Ahmed321
85694
muslim1
940522
854964
9741
921151
232023
134178
150599
187770
060885
030896
Earth1990
072721
passwd!
91770
862015
041712
461956
626538
159225
0106
391589
661001
423984
361152
477796
31052
32438
531234
5892
Muslim@
565884
823438
743688
722832
446413
22456
681065
653147
318615
594869
367807
805651
android2006
48433
706112
868186
158807
223586
092466
044286
Karachi007
076120
185548
754864
38654
530904
126082
403403
546777
28994
40089
780626
162965
834416
626681
055671
708180
684343
699413
998954
Lahore1989
088880
peshawar321
261800
457050
4701
Saima99
312928
352011
756701
528253
209132
260656
557733
667755
136884
135410
334389
test#
447293
403997
2358
147686
068332
826672
688457
683705
879637
887106
475178
Admin2003
926343
351560
832326
950246
197406
894421
464266
863896
843667
247500
370458
36386
245443
23555
917532
559955
482031
Angel2019
64862
576653
932448
98882
301268
551727
79002
042086
258808
143429
642697
040920
285758
05110
978692
724064
099968
515372
147246
691746
007546
321024
153362
55909
265672
580954
964447
Quran77
69818
065164
Danish3210
491854
967714
381337
3882
88312
662222
013090
97160
462143
947892
38143
659197
Sofia2000
249073
960718
387750
797357
593846
328922
269511
night
903001
237050
692747
864292
202246
633853
732248
048455
482680
605440
519508
quran786
2415
223674
Hina01
404206
853820
663047
passwd1234
675620
171479
College1998
223333
638066
406362
63959
Iphone1234
948464
555830
551331
608905
720016
055363
292930
921206
986370
781902
005973
665126
1223
7188
563343
danish111
73528
Tiger#
561418
114554
724966
204171
87423
074393
962148
039006
801141
565213
671693
809842
336941
73402
613976
86520
18116
009834
472934
463914
kevin2026
Justin1980
255981
324852
033462
926079
Wind2019
956164
812196
Zainab786786
174416
Harper2018
032241
659461
747098
509586
386837
372218
830456
540408
704055
751036
429253
235686
43197
743094
820974
patrick
1728
821722
Moon99
399146
986634
372647
16184
095502
10535
901945
eric786
396803
936980
776105
014003
521818
blue00
086251
447634
11403
086207
12418
254936
020581
674883
479336
351428
421685
651750
832645
amelia007
34727
Richard2005
346104
ayesha12
507045
400070
819775
799491
818213
031570
544137
642763
835054
231957
970156
440715
509245
883465
Queen786
141812
837881
737022
063492
190454
296747
870210
379742
934010
388927
122001
865469
490226
883410
131111
62832
603537
159544
171985
732270
204270
322718
150326
315106
031273
731555
fahad12345
202620
153197
063371
570768
08848
428043
859397
730620
151569
591657
77007
87570
337458
421498
500280
348348
Raja1997
754985
010835
590524
633974
552211
andrew2001
71064
Peshawar#
george1234
854326
551694
352264
942084
230299
94255
623304
675246
4992
Lahore@
fire01
833657
445170
220814
777777
407000
usman786786
532378
08974
303270
903298
57379
640090
Asdf1986
77574
baby3210
632159
915530
427537
971311
7200
168080
327151
934560
348777
413083
108262
196603
424831
984951
93786
347765
565521
351230
382646
570273
965877
585926
779625
845658
353870
284680
18305
495693
713196
406615
025795
611281
88158
712195
Aurora1997
809435
86191
424380
590964
545248
523292
241604
230340
college2008
449636
283195
940214
238766
092037
68033
465982
473396
708829
Maya2025
403568
708796
846208
046585
462506
627253
147048
95956
517033
592856
5421
988207
zachary1999
813395
309782
684783
097053
916421
739640
388454
923230
5253
108691
352594
604978
764335
763477
Evelyn1996
Omar
506891
463177
487938
788381
830973
802307
63595
72905
151987
152878
32193
872872
070444
Pakistan1234
520773
209011
020361
454520
866536
370238
06286
377168
678084
794046
904156
49567
180807
751586
664686
Quran1981
589050
979671
091093
290517
047619
251096
453552
police01
781330
42833
911207
970024
6108
684365
043758
24717
709753
891660
900537
357170
20468
470624
75432
657635
148500
144760
755832
044297
861476
070596
640409
92799
638627
557095
777678
918159
406769
hellopk
758252
167420
464519
413710
hannah786
170852
448591
539902
765446
436909
955845
342122
120351
321299
788579
400422
767382
017270
359997
430342
57596
75404
117700
Multan2003
160831
610643
990869
Qwerty786786
049588
grace1234
one786
061336
59437
866558
642950
57897
190320
hundred1994
46466
320452
925243
3948
70035
57561
153835
571714
591239
0109
303644
257268
359964
657371
460240
227128
43932
656513
994818
93191
482779
508519
211871
015400
365541
338591
560747
facebook2002
516978
194095
384450
karachi123
783266
813021
707399
266893
864391
304326
Danish2004
840213
057024
21644
843326
324984
043362
405251
208307
625911
857142
141746
229416
635195
460867
Welcome12
663333
876029
76559
81606
muslim2016
748220
470833
833613
840037
980980
013629
5961
168762
732281
ahmed2011
691394
495033
513436
99309
725747
463925
908941
382404
Ninja22
59241
three1995
root1
025608
111430
203137
290400
104434
413776
247786
4713
841753
blue786
802967
551210
571538
225885
edward2000
098868
998888
929863
Bilal88
296879
982036
41587
First!
729817
074602
14273
956901
Baby99
622490
3168
169290
985248
24941
79268
320122
734217
496199
109791
482218
091762
135388
659175
214071
225720
818279
245542
396704
hussain321
709181
047476
65009
878966
300267
Hassan99
135586
16667
205139
822976
234531
224356
111375
914969
766975
580745
110999
79499
255849
270320
227073
9585
515273
659252
844657
546469
308033
110108
107294
310611
ultra1
442915
247247
391545
623832
732380
24206
980474
742643
Moon786
360976
Victoria1980
233618
793958
04977
295823
45675
521928
194040
882145
742082
653092
Patrick2002
9330
936133
011143
174614
199276
745833
710611
993509
680240
644006
66766
2259
Baby321
279389
988955
870463
488202
576576
677138
826507
285472
850960
88298
255178
831127
831490
MALIK
Thousandpk
497651
625768
010197
775412
Frank2025
986909
baby2021
982311
85974
Shadow77
934329
072006
76447
351021
952787
613690
Multan2026
004906
956648
72828
833063
688468
014916
615912
171996
27090
957363
473264
049203
097372
996358
623095
434258
375903
875831
tiktok786786
wws123
1059
921822
Thousand
528308
795663
485793
Samuel@
54775
587092
105369
885368
753764
774851
552387
060929
098472
629607
065560
924605
261030
464662
6123
504625
751322
87017
85253
89110
126665
659758
437437
778173
760826
790394
422796
798413
439296
035948
Islamabad01
music22
984555
243958
160655
Thousand#
963941
299156
108955
41881
946561
067078
456775
48370
650463
10024
903496
975150
938201
11445
289267
483659
250296
679613
995896
290345
840169
883905
347721
456302
403557
874203
39809
660077
688248
012056
950774
712932
101937
872531
012430
89369
902517
103686
196240
470954
691262
259105
844382
7590
386089
536822
608179
004015
129976
419287
426767
279015
027214
792253
768482
Wind2024
596134
885137
raymond2001
229779
380963
423016
07651
091872
60389
823746
51387
782067
699556
650452
719422
34034
921591
326447
793760
046233
370920
171325
030888
878306
70952
762608
111001
918346
134420
298562
889691
821227
992893
466400
35770
384901
998514
66850
881793
666798
650177
099374
earth22
396539
337271
41440
886919
359359
557480
656502
209033
145574
380567
917136
0n3
16478
432982
488576
314479
953370
624228
267751
989208
307714
186010
289949
Red01
530783
475684
077066
748726
990484
899096
464948
925881
210925
273350
zeee
199133
251296
78519
124124
285461
730840
6162
26922
916025
321783
270270
047102
985985
867834
616990
983895
088396
232342
943910
806674
321585
636394
954547
962412
242220
947364
282964
811250
35273
855349
070752
46410
286704
859375
Ten3210
038456
333773
625955
084238
black#
388751
fahad1991
10801
639562
409838
password!
067804
michael1987
28812
Raja12345
962841
233772
011202
018821
733623
306911
481844
101244
95949
594924
685872
Grace123
312488
840191
953909
245828
183084
734030
642499
336017
965591
752301
monday123456
Police2011
830797
188650
Play3210
56084
90160
683485
634821
140899
855569
230439
722480
958771
112464
151910
966581
wolf22
780087
408903
70280
421377
044385
092158
786269
shadow007
404899
524986
85057
202796
17843
Henry2014
306581
55321
655765
365981
627066
976338
STAR
162921
851180
Guest000
00420
089089
544489
188870
907852
516494
006622
1572
39795
671605
997865
930633
622798
066341
514217
411257
Ryan2025
40929
163339
015763
8853
016709
729278
91098
028611
Allah3210
064141
6771
114224
20356
269346
077407
074382
233321
507771
12292
45080
415052
037246
479655
415888
567611
Guest01
32221
03304
542245
374539
060247
571340
148632
341836
40509
623447
546854
919325
zwss
kevin786
923890
093731
390577
110847
066066
480865
930006
24983
984907
033660
967791
0738
372812
569723
988416
60536
159753
033154
four123
197835
355619
838640
687720
027610
seee
221232
673948
258159
558162
315964
190795
Facebook2004
342430
968044
hundred01
171435
184932
371525
612128
770847
86058
752279
893871
542553
196746
443498
90237
60025
653653
486112
56273
628705
283877
731467
794937
765105
614108
126929
308044
003751
923780
380919
78820
615175
426283
89061
266123
harper1985
405900
141372
432542
Test2011
584903
451121
863324
856779
573078
431871
Alexander2007
311872
817388
66122
752851
53907
019085
569734
Ultra1992
Youtube2025
497893
71260
07448
590909
95249
017248
366531
959827
844481
908622
633919
894487
465608
50162
414634
Maryam1234
12362
027786
7629
283987
273229
Adam1991
165990
Tiktok000
637296
686290
313918
899921
045694
712712
Eagle2024
Hundred#
644820
367708
458304
Bilal123
821623
423808
211017
951786
666138
0921
495968
783123
777810
55804
051194
792099
188749
392117
962896
763774
76097
5133
86044
336864
828608
queen22
950532
613635
cool1983
348051
434676
10969
828256
755744
940830
27272
829840
310640
62461
wdff
597993
665192
952281
67480
59647
768306
joshua
802824
908688
507826
60683
035926
677127
400510
22841
590194
25438
777095
839498
78834
857021
436535
Hassan1987
039336
215435
110505
218317
725208
629134
673816
851455
73255
956208
822767
258951
hina88
942722
64554
904233
097911
ahmed2025
844217
black69
476322
530541
183348
Ten786786
658427
560758
36505
415492
248996
978604
Earth786786
850663
14798
132110
455664
267905
Sun786
10738
626505
162646
876568
144628
872993
297396
742489
964821
blue#
728717
818323
944614
503437
270380
652091
543675
985094
646228
55363
118591
590007
005522
567094
661804
Fire99
683276
849750
318230
151250
731269
566214
earth1234
945406
205370
211200
47383
788854
240317
hassan786786
593648
265848
14427
violet!
017468
936408
018623
315887
487685
090423
896577
670890
411576
393283
361383
Facebook2014
29379
218944
615439
447645
158609
020306
406967
326557
830753
285989
359524
174526
333267
389202
271202
486662
974160
126192
831919
206954
833107
838860
Admin99
653279
641674
173932
5775
613305
983532
77672
277959
754248
050952
Mega
170926
303380
36876
342496
450087
171023
094787
584188
602140
Peshawar2020
83916
723580
7068
183513
101816
154726
399289
379170
436447
33894
071196
316723
79163
877063
66948
shah123
411026
741400
Sun88
410234
480524
615450
141262
787215
10976
Qatar1980
611798
522236
498949
660297
659912
pass99
Youtube000
519684
403755
125642
710589
198154
467643
148027
062073
236258
250415
276177
496023
375815
686741
435809
638352
640893
606738
461923
434115
648065
352110
335082
henry1986
064438
044869
842864
576961
80486
62545
562199
324830
820006
64043
994290
345521
750497
310911
653961
623480
023287
130218
71680
311011
318131
476399
039149
810337
800844
5277
Islamabad2016
4065
924539
333212
300520
091949
Shah3210
890494
933086
121781
815375
111738
143759
722568
980023
214973
572330
Imran#
665478
91329
148819
34790
474705
993135
2535
892441
204633
203577
136785
984247
443905
508068
32781
991430
430606
119218
850795
154572
520245
637769
09492
915937
354112
170016
435897
77014
503745
836297
708884
642103
49336
180939
369633
794948
631367
290126
861685
charlotte2006
553168
493669
03675
387497
221166
17234
49245
Imran69
664389
491689
458062
091234
shah2019
101519
166936
900009
013816
357698
364914
xas123
109186
777425
293700
061545
1854
Multan!
886721
82145
871090
527912
Samuel!
713889
15470
890890
454696
06895
487619
881331
555258
998448
86758
matthew2007
472472
599742
149611
386023
672705
13566
988988
070565
906862
Bilal
787633
4005
999790
272470
499323
27846
154121
407429
801240
492987
124102
King321
437723
976316
288475
370876
433257
238172
79786
190894
war123
479545
08841
926431
75313
436249
947485
869055
Light
077539
sxff
994466
832337
974578
167123
128469
924121
842446
031768
483241
916399
728156
431299
677204
750794
437349
936815
865007
135542
913671
481954
001452
Quran786
069586
189167
Allah88
469876
muslim2003
4758
Layla1983
615758
982069
019481
472428
200398
472208
8823
zsff
433235
504647
669889
863060
519926
748836
742060
028820
521576
819555
568073
75033
325446
200673
710435
869913
Earth
751707
426657
636031
532829
213246
Star007
641003
666182
24591
267399
40845
500324
305569
60641
610467
86982
489005
060291
googlepk
522775
890021
348007
880011
620950
038214
009933
207240
778646
750816
118481
849420
030283
408793
richard12
49084
813483
80717
76202
tiger
658966
043230
896456
Super123456
773575
pakistan1234
06083
098065
377300
865106
669636
68453
768537
931337
099088
979913
665346
378565
842930
Patrick12
836990
94220
436634
651761
hamza1999
India007
078254
16072
82278
90209
930941
916443
026323
12194
347809
88256
913341
546425
467423
027291
240647
721996
982729
tiktok
342749
xsee
139766
313247
8820
559053
944581
744238
472285
086031
358996
681494
319176
869143
2199
peshawar111
26873
fatima
084513
kevin1989
699809
561000
90111
Thomas!
153120
672441
266728
779900
118085
422191
244695
879153
guest1983
693924
866393
745811
462319
885522
65947
58702
168839
168630
314875
130845
916905
059675
998074
616913
025586
606848
Doctor786786
817289
848012
106370
930798
051502
shadow69
028523
505395
024024
764016
543290
67396
585838
781165
748121
32725
621830
65478
799095
42231
5556
Saima786786
311773
656469
dubai@
45157
511126
willow1981
321068
742302
851950
898876
415778
770880
329439
080586
850509
898205
230305
838772
431079
931106
98721
870804
074492
539913
victoria12
065472
634601
295977
game1234
wess
1269
691251
801207
808478
23751
695772
104423
759990
709643
943459
870144
840840
279037
129096
696168
76664
73521
105292
422048
548878
20104
80066
748088
294184
251223
660407
632181
023045
692230
27804
470569
56868
912329
746251
493790
662519
802956
983202
783354
499246
350295
324665
926255
315821
539726
481008
013244
829796
097229
259710
884961
987349
88676
whatsapp2010
0057
878207
980628
4887
377553
203775
Game3210
740003
409211
878559
342232
074646
835384
440814
7653
8859
engineer3210
786709
youtube786786
128403
902913
887040
013134
942854
006380
Victoria!
23940
481349
83678
870980
761002
084370
287947
279444
273735
college2019
694782
539352
271238
100804
three2000
118096
099440
926970
348766
Edward1990
508750
676973
738276
218636
286649
467115
01463
128062
000187
647471
803671
938960
927652
811679
114884
472043
782320
135102
290817
595529
Scarlett12
510609
712635
997623
170819
203797
269863
Earth123456
225940
291280
23387
353892
569206
297572
918313
512325
417923
Five123456
220418
96950
531949
526581
419133
461274
499224
zachary!
30996
140162
125862
672683
516945
664642
14910
81592
533181
Multan12345
693594
1344
308671
817784
Islamabad2022
09499
918874
279455
291027
609224
961455
541607
090823
Mega2007
095139
531839
700458
811063
832348
7533
Ethan007
Amelia2024
428109
242253
918368
493229
60921
573254
904904
329483
689535
303534
484880
33068
Amelia007
756349
636372
87339
753115
494252
220407
222090
253891
Game12345
636339
828212
12782
913891
84028
582978
01288
325039
15876
734855
433510
44408
307164
820281
475739
709291
834064
668701
52199
291643
954426
895301
528682
717849
756481
336226
090102
090914
090126
165880
138160
patrick1998
773465
233926
7872
Last786786
User2006
30940
382844
325248
818950
970255
34244
803099
694837
885874
Sun99
683540
002618
190208
175120
729322
689403
96495
4479
379511
teacher1994
03437
135399
659725
212278
013343
214500
37100
84665
08309
526306
Wind1234
982278
835890
026158
74172
734272
991474
24500
524018
373351
992728
5937
583341
679173
3999
92512
697609
589105
349613
815628
963798
459107
591404
899679
60718
013585
983961
684926
69790
154044
530343
970772
805266
658559
720049
892078
487080
707927
746955
Black786
306922
600402
571692
462308
178464
81557
116501
955944
644908
715055
90748
876788
31346
024904
159874
585849
212729
535799
474199
791373
007436
763389
318758
661474
265232
723701
834592
448954
557271
434467
961510
Scarlett2013
594055
798028
990242
87073
547701
480040
196801
977669
288508
611985
Cool1995
308495
9450
247071
319066
414909
Shah1234
958408
895092
600237
mia@
558063
899767
503800
928840
malik2021
912923
Doctor1234
019140
223157
609785
033902
097988
285241
3969
72051
800338
240383
089683
31976
048895
010703
393668
090244
29239
angel321
757471
006160
898095
710424
36029
936672
qatar01
996281
149567
675180
462550
33264
150702
867108
143176
820369
593120
599412
968891
146916
985237
4734
226644
college123
409695
186483
492217
758164
638495
717167
715649
303358
74508
0708
488048
461857
335808
Angel321
296505
201828
93331
india786786
224642
45395
406593
804298
284823
861388
337766
150106
water69
693627
376343
045639
leah
Movie77
762927
636075
654489
240306
791560
094413
565961
394636
327338
4947
hussain2019
447447
619278
964524
019943
955911
122166
Victoria12
919798
Student2009
24976
demo
734756
216007
198935
609213
720500
165429
130399
084634
844503
joseph1981
127908
449570
279312
44296
117315
373681
262614
58975
440319
030590
782034
581273
414029
517154
52871
01379
909359
564102
youtube
119372
922328
333289
1602
511192
100782
478500
532290
534952
059180
190511
275990
265936
89299
914529
085140
8271
120164
26068
050202
68278
789932
28770
165594
286275
256443
951775
626527
451902
514250
Fatima2013
173327
505582
836319
048873
498509
92302
465036
060049
552134
132264
Khan1995
616253
13412
764346
168751
95116
646569
2589
742137
350691
130262
416823
801449
xdss
778789
017292
393294
512930
113795
12397
056529
973709
65618
Monday22
420057
981618
64169
729454
653543
10388
941248
emily2003
263351
067133
729146
081763
77245
Amelia12
95984
samsung22
679899
788051
119603
5160
747109
225401
034342
313577
morning1234
579480
angel69
218306
168333
761145
040568
00707
751608
030602
514910
989450
708807
314886
191620
960322
203610
29155
810876
798226
last77
277607
820589
720599
178882
0213
Youtube!
754336
720291
753555
486486
402435
Student007
932063
76160
27475
877954
661892
Henry@
367884
944372
536437
earth111
419595
384725
207251
161381
2504
68943
156783
176902
245938
588181
Hassan2004
913495
250096
294261
805288
037290
974446
861883
170599
535414
73808
292006
Wolf!
35539
592350
432223
015356
142615
James007
833921
Jonathan2007
404041
457237
067826
525327
159643
711788
Ayesha#
91420
229911
716936
998239
236049
68187
mary2012
India00
857989
871695
939224
429198
2736
095194
895257
34881
982795
44037
088869
928873
5379
375507
951764
00511
584155
20160
42217
iphone1998
821403
5103
899965
626516
97468
394405
190199
7836
109494
356708
425073
65730
Movie1997
42749
563893
83650
879714
844888
145519
939532
470096
812889
501710
870474
926783
294822
109428
213103
6045
81480
81795
05152
595320
726583
634942
391127
845856
29071
899712
590799
657294
205502
593021
663927
315062
131604
65275
048884
736758
385033
414601
038379
490347
435336
991331
616264
530552
791901
210518
242209
anna1987
408023
476300
352737
One22
6912
2790
696157
806190
841973
208164
803385
300355
778239
806685
40523
34608
750640
472923
043384
34902
244816
365805
383889
090629
45360
216777
hannah007
315425
45332
132220
652245
3492
881771
366905
67648
663542
52409
174108
868593
464090
702416
560428
917708
209550
49623
667887
567655
031090
509597
770407
099407
2418
984181
802857
324280
435600
481712
wind00
09282
187055
3567
55300
baby#
799667
103950
273130
089672
067837
195360
81410
41405
064944
demo#
691108
719136
926244
bhatti1981
572825
312048
richard123
892100
Thousand77
039875
128392
847539
856537
130617
777656
725439
307725
58898
011682
775566
970805
175340
680922
050842
905718
4011
191169
812229
235378
241626
803022
955812
341715
811811
083545
427559
599907
04424
503448
911009
94066
844030
Four2020
763675
545457
147576
920546
831380
444774
979946
424028
967450
815903
600193
094501
148709
340549
780076
2355
598290
851125
14763
8544
725593
743358
521895
7233
196592
Wind2020
642147
564641
839949
06580
247852
819236
581438
940159
268180
942293
937552
569833
86142
869011
092202
257191
870914
899987
553047
School00
435160
800657
504108
573595
918918
233761
047685
doctor1991
moon111
94843
70049
820457
710160
294096
582681
051017
327701
286011
851367
916432
96831
6765
907885
8682
34860
880374
27951
769483
117161
1002
150755
SANA
xdee
892320
565367
748165
271590
Christopher@
228921
076879
180125
91203
821524
398662
642477
422081
778316
924583
678832
339372
974193
912241
004312
049687
060412
011495
866569
952325
910558
128579
025938
84742
059840
941149
Night786786
00644
752147
312554
211102
361691
629739
433312
24661
385429
129624
996369
027401
test99
056936
813285
Matthew2019
191120
938267
matthew12
397276
547778
523666
126687
196955
010305
Super00
893343
86282
703043
495308
Karachi1999
881562
758032
97412
991980
467951
115258
624789
robert!
761805
edward1980
451979
946913
403381
455917
matthew2003
85190
611963
577357
023705
018502
811481
saima000
031691
786764
942579
767404
215325
Three@
045199
863841
wxs123
32466
092312
qwerty01
685498
lahore007
Admin111
9144
380754
996105
432179
56763
270842
953249
violet1994
841390
049159
771397
845526
492921
777007
138083
571054
534094
499587
108548
647999
030796
442200
514800
sunpk
328119
207284
422433
120824
687258
561770
97013
403425
792880
740388
419716
391193
378114
758219
650793
709885
jack1234
783695
749573
868362
738188
340967
481228
15624
383988
283558
970211
080399
water01
Master321
85771
120912
813769
165231
65912
3018
Quran2016
82376
022473
coolpk
088165
461549
051208
9786
05887
65247
452298
861410
397815
237006
758758
001463
592438
Andrew786
173096
595298
48937
771342
694760
249216
349294
030734
6480
866261
031199
black2020
lahore
471119
757317
455279
341264
058344
381447
965052
856922
671451
61859
131217
882277
130768
499939
223608
209341
125950
082082
962214
67683
389961
Baby00
961488
800008
986480
Samsung#
118525
931546
459976
429055
477664
17150
827475
106502
044902
487564
497783
057497
461802
438966
897721
703527
781110
689227
173943
996072
545325
268785
832370
72723
92820
123123
ten22
698291
110426
456566
692714
698445
88214
Dark1234
924242
226842
474056
506825
703769
157729
615725
72688
64673
76524
039138
166188
235301
300091
030108
610269
Qwerty00
secret1
391259
8136
passwd2017
886336
243386
212619
578468
290312
065516
967978
265177
73710
133705
77700
mega1995
117821
89201
Windows2018
068475
512028
tiktokpk
143187
406670
Moon!
034276
877393
141955
78337
bilal2021
996270
301026
740707
718597
584859
458447
484033
636251
863500
897886
150304
488125
779394
055242
271172
512039
177474
937585
260249
layla1
534556
565609
284394
878977
160512
740179
298001
754435
police!
577885
067045
428857
039039
023232
999086
164461
522203
620939
507606
658339
285505
581889
085360
103884
407011
897215
382635
74886
90643
788205
571164
139062
622853
107173
Saimapk
429330
763642
Guest1985
491590
807455
509146
406252
doctor12345
285142
949806
544962
8856
825946
724834
375144
384802
59745
Game77
474078
497167
29561
990231
292820
460702
988328
850608
131120
94675
183766
711711
Youtube99
652168
403029
instagram2018
326227
leah1986
617034
339867
mega3210
13489
221639
438812
675653
Hussain22
354310
alexander12
468490
718553
904222
126984
root123
552761
959739
103620
17528
079244
287870
598191
Welcome#
121792
76230
108405
088440
097185
24332
116446
549175
Grace2015
101706
780417
170610
324445
534666
55671
842105
35329
789987
958298
405966
782408
668382
141328
448415
xse123
Muslim99
121396
745987
423478
260106
545985
602525
377564
511654
195173
login123
198704
519310
173690
873686
204952
333311
058718
65779
8313
543048
373615
307560
hina99
308187
388333
547624
171314
505802
5442
479556
950543
276947
053339
281820
212828
969419
66367
71589
979715
628485
308352
824725
170711
994356
29442
290614
733689
994136
776666
792913
418880
325303
Hamza2021
684024
Five99
788326
901307
350988
facebook000
672012
769043
697026
riley1990
913583
610588
02107
87213
415987
password1
253264
149424
805541
150123
37149
122023
401401
979451
Star
412918
005368
1773
911405
87227
240405
wacc
482009
157674
334818
289729
89117
525063
037708
115192
797104
964722
18123
757163
18536
972169
139865
409552
057728
Tenpk
802472
369974
885445
411246
658361
224510
388674
289377
hassan1234
857175
85778
095370
563827
223421
110275
196856
592746
617628
248116
988999
92722
434159
963809
zainab786786
642389
300157
535040
641036
983796
380303
634744
896489
800767
963237
whatsapp2008
Ultra69
25270
295449
61663
45619
18732
096767
616132
547470
699688
721622
09324
49658
716298
3861
765688
881540
45276
721534
070817
095788
672045
727100
master!
034925
435765
562177
430573
Lion123456
malik!
384439
160402
694936
39046
17269
478775
021186
718311
373813
722172
549351
121341
64855
86562
26523
038984
564399
364166
117304
148192
526108
788711
517891
390093
179817
62818
279235
170170
89950
190620
357874
525437
965096
914034
519431
513601
347226
david1980
860926
327734
813296
798886
283305
103697
787578
996402
24297
768240
747846
601799
397628
81613
73829
264539
786841
949916
107734
09702
244442
229383
192654
45073
678106
970288
439791
577181
7389
275253
935253
277783
6099
875402
895477
05600
071017
695607
261536
59829
907511
644534
693418
456390
664092
04830
952754
467181
251669
000550
606265
837386
867801
64498
529408
209407
371668
195569
271105
09331
072479
388520
749078
343860
22785
701349
8556
856878
933130
00476
312191
631026
794860
894058
676555
430375
089551
002684
055847
783871
553069
857274
807125
048818
ayesha321
666215
477378
185779
666501
967021
01778
885533
Water00
940247
66423
49448
712415
Root2011
293084
288387
34370
03668
281787
38983
220044
429407
16163
900405
978538
179102
680306
550176
steven2007
569470
02373
971289
59276
173965
190211
727232
Ethan1984
895917
462055
532653
569492
31605
822503
706244
992409
688435
179410
16933
178783
54355
917477
172106
675257
176297
772948
560373
736329
56770
Victoria1995
979352
84567
692098
883432
611820
477587
74606
564322
610962
241241
408639
Nicholas2013
292710
770429
245861
Red12345
496496
Fire1987
761332
384417
534589
984830
290902
214753
060456
916267
danish123
689051
686818
932547
441265
358171
601183
192797
63077
176462
101783
78344
Maya2017
865348
198572
150505
Water321
080168
Islam01
489940
483472
776028
68341
576466
729047
175989
595496
118426
363715
892694
954998
494120
961279
619531
137753
669372
706200
753687
711007
872421
328086
019063
809545
200299
147433
willow2009
08827
759286
053603
507023
870067
248512
36337
808951
660528
hassan2001
606353
765138
80227
149369
898436
697521
297462
896302
74459
1530
501963
822426
zddd
775379
488224
066946
638814
945175
977911
70630
747725
343189
525822
12775
307703
138072
797049
186813
680812
Violet!
700986
001243
249612
steven1985
614020
732600
223289
778206
556820
814649
501468
150511
42392
760661
78652
979682
988218
934054
531113
962654
923714
395945
327294
429979
97188
7152
073425
164340
884180
064152
287353
546381
warr
89551
803880
667920
398970
281600
169873
521158
919116
929995
717123
885148
723470
934076
45696
965151
977482
442926
975898
556589
947419
309364
214577
604934
433114
33320
321167
512050
209429
453200
284405
697763
65023
earth2003
55433
768163
201091
473715
46396
171296
0666
Guest@
296670
471416
069355
757383
125092
121110
63315
882101
726693
100287
840950
666644
431904
First#
71008
79534
38647
074074
872696
948079
885258
194425
movie2014
967527
365420
4755
07630
969903
077319
733128
779735
557282
691130
833525
16688
482900
912494
536030
867889
635525
Qwerty123
789954
166166
359667
659604
769439
576433
125466
hina123456
83727
931766
685740
11928
803858
366619
789294
windows2000
asdf321
507617
Dragon#
062172
david!
1127
471977
768603
650243
731709
259215
312576
019998
529133
Muslim#
119878
437206
283437
890549
366894
444917
89026
07168
872927
785686
014245
160644
411301
184041
140305
930820
749166
150183
356257
413072
036883
360118
915167
819753
196427
208252
75551
374616
854205
192148
511929
551595
851202
710919
43925
83930
qatar1995
Harper2026
157399
297385
96943
018337
401126
634249
041921
337656
330671
308968
596420
291093
825737
0543
love123456
116468
299024
699919
913902
814385
220594
981167
462847
755227
169928
kali111
506902
morning000
072798
616649
090662
539319
519662
89075
493218
798358
447392
701470
480601
65037
22589
996204
373362
176671
918093
418913
446677
860266
590403
290820
549274
616781
6828
37835
679448
229031
947221
84504
310599
866041
998701
001958
794464
782485
794684
851356
717970
qee123
609565
iphone786
022748
568183
440616
19355
12236
956252
663410
844899
301851
214104
294195
287056
329956
43274
097405
849816
Facebook786
188969
137610
seven000
86128
023265
red2006
939994
455818
044110
Frank2006
601513
985160
810249
Ali@
252318
971025
048950
86219
55685
244673
351758
105853
06062
230868
09660
680845
608927
045771
59297
89327
2571
57694
171611
899855
589985
598433
637241
807411
Harper!
033649
306097
343508
192478
53214
026136
Green2008
25746
394834
310552
447590
347853
313258
487861
566225
518276
51478
266189
508948
124773
195393
869990
950015
220605
550737
23905
57162
562925
161964
692593
979176
529199
458260
438284
school2018
114510
455532
86856
Islamabad007
552959
19803
701657
797335
6597
948937
2208
542399
306053
396264
909029
Raja2010
9570
38010
871189
319990
Teacher22
00504
731643
635921
Qatar2020
709203
861828
290117
260150
Tiktok77
251779
28840
9969
805805
20265
156431
970816
802637
650518
14735
43918
229735
932569
Three2000
126566
234762
876458
020614
113399
258698
843854
71001
134915
791791
09611
910096
Grace
972774
365475
562430
470327
319088
513865
266387
661540
309903
1110
879758
90622
Shadow786
527318
57232
787468
341495
971993
528748
281963
malik#
655930
729938
jacob1
687984
736945
659780
249524
771881
250822
143440
85925
32676
540397
258885
391292
Monday1983
505615
648824
90468
884521
Willow2018
125488
154506
408881
958353
king1234
868527
748957
666941
477312
77581
56105
197780
185823
376805
477543
10094
55748
636988
322542
010912
477642
857362
942447
98133
441705
900592
368973
876689
912087
701701
578974
977691
326194
541871
759198
164318
097966
283107
451506
150226
211199
4350
286440
95382
915651
116666
359469
745360
997942
35525
873125
146146
466543
277431
Islamabad12
062359
043835
Blue@
090214
726792
929368
492811
450307
952490
585145
104731
2305
862774
292644
900790
65401
361790
63420
918412
871167
621522
758703
80703
48671
64232
000396
764247
047608
527659
683419
417879
Muslim12
01134
996193
053548
71323
713713
869935
205216
757614
317460
Morning000
556204
449823
6303
496463
679602
780582
passwd2026
41664
02611
484638
67655
872003
820391
1027
010105
858781
Linux1999
167739
18466
310902
58303
evelyn!
539693
21854
882937
250613
02513
223938
46060
522643
258687
558987
031317
107250
686829
435259
460086
966152
202048
75831
018260
029832
811052
133694
774697
590128
614548
017512
708719
07378
206305
834141
332409
71211
526339
293073
809787
emma1234
576884
331232
665555
411070
616528
036597
835758
228569
149809
450450
167849
607035
501094
927509
776050
008096
316976
61404
636449
050567
799513
Three321
717332
1623
988141
981607
500115
019503
753445
061149
295713
zedd
963050
183744
831963
218724
874566
040821
90678
880429
79044
468556
661210
230405
941138
555973
220231
521554
735856
52535
429715
xaee
440869
604505
915057
689788
752862
Password786786
41251
172634
thomas2003
131813
6153
Ali22
247819
135432
771562
456478
239426
zec123
198121
49322
415767
youtube#
352187
89691
691141
876634
046145
4572
36407
228382
623370
Fivepk
sae123
788909
COOL
953491
215336
878537
050420
57169
nora1993
Android1234
712591
23709
Violet
256619
77854
588896
243771
360052
493812
644270
516989
624514
229196
897688
379654
59066
mia12
748693
375188
581306
844800
52570
431937
77329
443740
teacher1234
950818
90587
38101
Zainab2026
290311
262405
496837
522038
53291
52178
180477
842380
406846
740091
389290
553311
88802
846956
586916
933482
175846
340626
956175
251199
205777
212135
178794
682715
554213
169213
946396
128689
808412
598675
Karachi1
201113
230747
63812
980826
650628
597630
491304
548449
movie00
188837
256861
70147
145552
812075
294272
534941
0209
590271
743699
Morning786
004356
game77
569525
064845
012650
237567
17346
xeee
Harper1994
028930
885962
990440
810975
698170
556611
555181
119988
303105
6855
269940
036795
904915
123035
174493
825979
378081
729080
502183
989098
887447
87724
104214
ninja786786
zsc123
17647
Fahad3210
star2005
37933
danish786
474947
070686
959178
grace1986
437250
518474
62153
46193
269995
609169
043274
312950
24493
177078
elizabeth2013
108350
530200
472725
875985
170923
957198
672177
470998
149699
apple2026
09058
42007
101200
067793
351318
31808
890681
179619
31094
92477
479875
862983
peshawar786786
935231
95641
400961
506396
338910
846252
532246
FATIMA
378774
Password321
92771
87731
974941
603988
286363
352979
admin2026
947210
439472
308473
849519
657162
4398
512369
654467
472978
774862
023023
013563
141889
679855
929599
5934
831094
194942
03017
525547
Passwd786786
28560
192555
976965
190784
098813
042592
033825
012584
837870
07210
084216
299123
934065
622259
892023
854942
Ultra
784377
248435
251262
355993
762476
thousand88
382943
213675
471482
636746
509773
895807
47635
527076
Wolf321
944207
five00
2298
92778
362835
117337
925925
54530
906719
442541
qatar88
028776
872564
915200
23541
0203
7449
758395
741532
346610
118140
057552
471548
971553
625581
830764
410256
408485
994455
761112
695684
795025
270809
16352
97440
963116
905245
411851
544478
514481
9042
076340
658086
688941
837782
164945
573287
040084
265155
852951
749991
908930
623645
562056
y0u7ub3
231858
islamabad2012
185867
343772
155298
726066
015389
299365
362098
174669
301719
582439
628452
370150
077033
90230
553003
ayesha88
962478
508816
813758
93030
zwd123
866118
eagle2000
police000
843744
439285
321541
61495
963710
53459
Allah2024
857109
939906
233541
332508
69671
614801
08666
925991
851488
711722
463144
683287
219329
632588
229086
2637
1593
613833
386364
772013
925287
888184
783013
07385
95781
21077
506429
5256
150199
Hassan@
147169
9294
849761
247984
887722
624360
scarlett1
49301
902935
089177
569283
661452
561583
705320
41923
92659
117865
190326
536976
252934
421542
301301
818598
Khan123456
112112
158466
300597
168553
54222
807906
150411
651431
Robert007
390786
dark2023
Two1994
095447
41468
782012
608212
80402
726660
153516
073106
542630
431739
659747
50043
942865
609345
319264
402281
906147
805277
575399
29204
830390
038203
857780
568975
066000
858891
864897
933119
489027
582835
469029
439274
396627
734591
88935
10934
256355
mia1999
110399
499686
251339
05957
896863
865095
192863
754512
383471
674817
566192
92134
260898
553894
591778
14154
432674
Usman786
819797
525305
102685
joshua!
739926
542267
342617
812064
771199
342001
051014
533489
Dubai1
367202
913979
869418
1329
676951
243441
03549
878482
811943
515669
563915
585266
913187
308704
Ahmed786786
82523
9864
905916
movie123456
14616
397056
dragon!
210001
805255
Violet2019
649869
iphone321
44443
81746
88368
941567
859045
063558
Gregory@
458381
2110
064009
664675
779559
Wind3210
927421
india123
818543
03528
733810
347237
089870
Raja1980
668481
091026
912846
659219
257015
302434
569844
178431
656766
162492
07301
279048
814902
090905
994752
441001
276595
406571
719202
245641
69587
559009
00833
344520
798699
960388
740256
843876
087021
565972
273955
988614
075262
010817
87626
516879
824208
752081
978197
375166
441309
827805
008987
716045
8127
Usman1234
497123
483362
871299
380589
304040
085151
227348
175439
636900
Doctor12345
327569
620983
255827
134057
708015
Sophia007
993212
344839
123387
102773
956560
01337
018469
433741
Jacob
Thousand1999
626164
040139
66584
049445
379357
268972
patrick123
75607
886996
834966
477279
216227
900295
blue3210
281424
maryam!
611523
940104
895587
022165
857769
Game1984
928895
404338
710578
99617
143550
114928
424105
529122
030905
33782
668294
Shadow2022
6843
hannah2025
593505
543279
910998
008261
63623
334081
039468
868230
501127
126852
086724
092301
589028
linux1982
300366
054241
128051
846758
485760
271667
341572
128711
three!
747285
820985
783618
277904
805904
9096
3204
421344
467016
776534
447876
697356
793298
394306
210614
875908
643665
692208
410289
763466
81571
262867
393646
788700
344916
718135
125191
134805
979462
password#
293183
540870
27993
864039
hello12345
76300
310244
91161
103928
042361
921668
407935
92806
377322
271102
084326
910261
319473
10171
224202
528429
Nicholas1999
369721
734250
142417
170709
427548
562023
730070
701250
movie12345
646437
22330
323884
419430
313731
373505
923164
112596
111114
5448
301037
0115
813824
085030
Hussain#
227513
movie99
056232
338635
597762
797093
148060
88648
893299
993377
123684
841830
054318
264561
973610
689414
692912
81634
wolf99
439142
371679
245135
767316
56777
954404
942953
W1nd0w51
355784
487872
779944
29498
336732
418979
179201
982135
645172
05481
015906
978747
89873
Jason2020
Windows123456
269797
024585
497717
Omar1995
803495
594836
327723
698269
353067
998965
81389
Allah
644347
Islam786
Teacher007
066055
250811
230494
092147
1479
988900
448426
990374
first123
205040
dragon2013
611842
119295
Muslim77
279983
839872
748528
090714
682726
253946
146069
814869
584496
cool69
337381
61390
595023
Hazel
04529
05523
462121
Zainab111
045738
489775
201509
853589
777073
560846
890978
251460
539660
057464
183843
72401
336831
65849
227546
010681
684013
724119
049973
26600
250140
73241
382393
110088
687313
509927
604208
309012
qatar2026
625449
270217
283789
31283
019008
331386
jacob1234
992794
344531
973148
131351
426822
332431
098230
327844
920601
85890
79310
658328
296659
395934
215556
188298
810502
066044
pakistan88
3348
one1984
293007
310299
251026
816299
963017
371261
16744
887282
Omar1989
8502
536701
023188
989615
6888
884928
664785
231000
ten1980
920491
563497
44919
579051
678205
888448
570911
044935
579073
270626
055418
490545
937508
835241
595364
xdrr
070911
871563
664763
084799
950147
979330
57708
287166
34160
975722
Muslim786
021197
388421
190564
715297
081873
796092
139359
4008
94444
187253
849871
fatima123
HUSSAIN
306196
android1991
251217
290433
572000
387530
dragon111
18641
316712
6747
364859
563321
741422
840400
751927
427185
404360
778327
625053
489390
132572
961950
968099
24962
Fire12
Teacher3210
703549
811228
Linux2004
hussain2004
594891
920018
584133
617859
634700
419683
980661
595463
990550
286231
muslim123456
52724
903881
208318
973049
charlotte@
Seven786786
Night007
640178
691812
48496
96663
457369
985193
606870
536228
744293
278861
295141
459184
623656
916707
057640
624866
797225
710336
093577
609642
743589
728860
932635
f1v3123
731973
85358
402424
928092
032098
999229
999119
Iphone
757141
952006
377850
421146
820743
289883
383273
425799
124630
213323
890912
958320
961609
063162
771089
03871
381997
78533
870496
facebook1234
592779
92295
Engineer111
579799
046860
65583
025443
573914
713779
747252
077330
12817
291962
274615
747065
381480
562122
501633
059004
428670
479512
Hina2004
651156
034210
434379
975106
595430
59563
269764
anthony1
847209
final123456
186428
336468
283063
465487
9303
174383
654016
411532
046618
759330
567765
913011
82397
292017
761937
010805
three2010
661958
517385
238997
39704
137577
628111
76370
903122
247445
57036
460493
2187
68691
267828
038346
290617
466675
696806
049148
85428
281842
hello123456
083611
617826
93765
Shadow12
585937
master69
705144
611567
919985
110011
948134
117029
162987
590381
834977
43701
Asdf1
83860
Dragon1987
799370
80577
334499
052811
248897
664972
050094
422455
296406
490743
43505
977988
844635
852929
918676
810073
853292
855800
167882
220066
172359
131005
2616
232474
Demo3210
316217
278102
435226
883927
253418
624569
78043
924847
3126
219340
847660
71897
14574
443938
943976
728288
185361
699215
762674
928719
527538
413512
160435
243342
829906
ultra99
40754
671473
Islam1
092026
882497
695816
xar123
957286
4554
852291
Windows01
980584
006171
1164
662508
528825
746152
241417
073007
201729
129998
322432
953623
14462
936848
44877
383702
205755
548636
96194
172744
241758
5385
645447
775115
7758
cool22
09240
491414
zer123
34041
723613
990561
087395
762861
718201
434907
047916
04893
737583
132605
469513
806201
290723
089056
police22
73038
449350
328515
654170
5742
Warrior123456
Hussain88
77441
068409
078012
921074
881254
48580
061402
507584
184448
184602
R0071
23261
652740
896643
485441
343904
61894
359403
938531
91609
589391
921756
712558
192104
273042
422752
91007
912626
Sana@
900779
109956
511093
440649
781264
636812
872410
012463
298375
113256
232452
53718
Zainab786
801724
325655
108878
092675
193248
shadow2015
920909
412687
karachi1989
084810
229691
213378
245355
000099
Game01
160171
69237
260909
2958
51093
568799
231044
827794
461769
290705
307736
450780
Elizabeth786
648241
222761
480414
218878
991243
289289
640640
sed123
490094
653499
5991
10234
047355
928554
761134
581405
390951
401863
194777
392513
962005
141229
871134
406659
334037
860827
815078
142263
544632
200365
807301
518903
964128
686147
923241
527571
673266
673486
65359
380347
524502
Tiger99
188474
malik88
159016
444059
071753
511907
339020
11627
demopk
267861
087274
410894
015048
087923
923692
552167
864303
35105
39431
937794
99932
Adam2021
615978
976910
893904
635514
brian2012
077308
260403
571615
88144
415261
871266
846802
577500
07910
847803
Cool88
052316
687027
846318
107965
956681
992805
Demo2026
557106
456170
535755
826320
599874
403095
778283
3198
145607
087307
075768
571835
866426
807367
27328
763741
140712
John2015
489401
356950
030371
836847
500445
610324
329263
259985
24584
552277
145376
270399
87185
236709
187209
503228
988075
274945
96481
james2021
995016
630630
034408
432201
031933
674531
893189
317471
258610
519277
231005
play!
433015
05054
781528
795476
Secret22
454674
PAKISTAN
936991
161161
513722
856394
190720
519893
594781
991760
563002
engineer123456
48692
068618
612172
772981
982058
247060
211134
637901
696124
849376
0942
057981
707751
577236
34356
542487
29855
115742
826881
299277
156035
599698
260304
40733
383526
823834
089617
266948
970057
33040
345917
233728
gregory786
440660
909491
262361
18550
122441
623161
660649
256179
352462
403062
503987
606034
asdf3210
897160
299255
062304
654951
230109
556655
351571
530354
286627
820314
37534
43162
Wolf1996
Love!
50120
Love69
913847
516021
174746
444994
950763
565037
407154
150601
516054
99848
500995
940467
611655
ahmed!
371448
08498
malik2020
55419
789921
496969
157839
730411
474496
01309
377047
086933
135927
073238
6324
133496
708367
272162
407198
656260
32851
501105
029480
741752
450472
801911
214159
955438
626857
sofia2020
Islamabad1988
119119
775621
317339
785213
262383
638693
516956
046783
76503
626978
534721
011561
790020
350218
530453
253077
965657
00161
864468
68383
989395
492844
904167
Brandon2014
960806
716903
713295
Last123
808192
926915
869286
066825
512138
558316
992057
482625
76132
838706
790933
349624
92379
130496
Ninja2007
895620
154517
955185
990605
Angel1
226523
826100
683221
055660
374275
72415
804463
625944
568854
339262
114675
256212
856493
727287
Leah2008
851554
lion
9435
Black007
840301
instagram12
319836
youtube2025
708312
875512
98364
165297
Ayesha!
925331
542817
684497
184624
498553
229834
129503
300333
layla12
chloe2025
050490
214478
816266
403348
aurora007
543796
Facebook88
9432
614746
084150
149325
944130
920128
396550
71659
03115
391006
937343
303666
Lahore007
112706
484385
samsung2005
804276
3225
107635
914705
672419
55958
465377
180246
704066
7548
984203
883135
ZAINAB
694001
997436
9327
125235
006061
40040
080773
981739
75915
321684
200090
22897
Android786786
329406
654929
08911
003498
151690
378719
370634
937156
41307
723107
404712
492789
root2008
28742
310920
385264
Angel007
673024
574530
254331
605990
601128
44786
01253
Malik2001
522016
Fatima321
193413
126071
59682
india1997
5010
507551
518529
990946
297198
031299
422015
011627
340692
620774
light12
nora
Eagle2007
957396
818477
09989
215347
21119
Demo2008
219362
997282
917741
516010
157278
Hassan#
290999
304249
Harper12
929126
wwe123
hazel
618992
sun
58051
374770
767294
459140
10297
392557
85036
957374
742951
046156
268114
Usman321
66913
40908
142494
205183
1437
354321
806421
971146
17311
297308
Linux1987
414568
927960
652663
667557
47369
97664
560076
439428
Game12
796697
654907
192115
khan99
798754
494439
694639
489115
16842
267025
767041
035860
950026
Muslim123456
705980
karachi2005
090808
529265
73731
392128
161414
112651
811734
Bilal22
moon1981
170489
68971
91847
Omar2023
954360
sofia1234
055385
301290
713812
556413
265188
811382
922284
846813
291159
Adam786
29813
593428
594517
692164
861168
252362
142637
02877
153186
21532
83230
Dark2000
68922
383977
266255
024838
654126
298419
789470
541992
70070
lahore2022
395527
504328
482361
981343
008569
12509
146256
49238
475090
876359
467346
309188
947606
1767
46991
505659
827189
577632
837100
541057
872355
203918
270620
080509
624602
735086
079486
305349
024761
129591
616726
395835
Leah!
459613
63945
angel2009
55727
64323
7077
552365
78085
804958
494670
015004
621434
333476
653730
684332
070455
Hamza77
509806
606177
749287
340505
36190
274285
011220
975315
397067
680372
251208
347622
768438
455158
506649
310308
61467
375067
0141
443212
181533
016346
504185
apple2011
39837
139755
amelia1996
whatsapp786786
524942
312059
378521
000451
507628
099308
29288
46284
544082
849068
237721
755975
999658
384549
041459
80878
497948
Test786786
416207
amelia123
169829
984511
050617
756976
746493
965756
Ninja2006
904596
464552
980078
502392
41398
620323
293018
761365
847550
187099
897072
041734
474837
309518
638583
232628
574156
51751
001595
310970
963380
761750
557117
405823
803550
226963
484374
24948
671484
93562
91392
830940
294789
726539
92043
523468
090992
First3210
72702
664191
090310
088506
202972
150896
569954
9516
346291
001012
945505
752994
317955
679063
361735
220308
690635
459162
xxee
HAMZA
apple007
maryam1
49595
592867
773729
214522
428648
42868
010493
031196
885643
766260
072501
87808
72982
112442
115709
150128
6807
960113
735361
399465
37373
40159
797071
541332
304007
26810
775478
133386
100826
247874
953095
210837
andrew1990
175450
602118
449218
709269
081444
454542
769989
170608
260887
475992
834669
759319
779196
488873
86772
104709
152229
937607
297418
783211
327382
037939
275836
748451
080542
433609
06566
5589
269049
922515
usman2000
234487
3105
138545
987954
537427
342034
503371
youtube786
617958
933328
335016
school2009
399201
410245
565774
75110
442981
333487
221859
320903
655149
Hello12345
971476
326656
Doctor
576972
011123
18158
002145
695376
441914
8751
97314
353243
716331
230590
30905
694804
836495
784586
mega123
295955
459954
103191
028644
8997
18417
301917
565807
803704
79800
576664
594242
164604
150923
560065
146212
089584
689623
217866
666237
064240
237996
921261
370975
Music#
685619
77448
285032
230920
363517
872806
307901
150469
151789
742159
204468
48321
49588
337931
097515
438042
83433
534050
605176
31647
86240
495253
925936
582626
91238
770132
837430
695013
049643
635250
851609
250690
908380
648439
931260
050793
094391
857230
619894
579084
Passwordpk
128227
98777
25522
927630
081246
591217
379632
085041
118899
706233
760265
352077
543004
737715
503503
661991
868681
3171
544984
035893
816519
413424
83132
057244
49147
711986
633479
985996
342584
450175
785048
467984
39606
38717
23646
60725
723085
747692
053845
219406
21903
968836
845548
017369
532664
586707
782650
892276
122826
798006
508024
059455
434082
752312
811789
724889
376156
0333
571417
834482
264231
danishpk
177386
916333
b4by
333685
904442
582560
625691
088770
622974
11291
omar786
479710
michael2024
837914
154715
911735
4311
398893
396924
084260
366652
zxrr
064658
Kali3210
250525
015499
958661
989274
387387
832414
03689
86261
38024
111320
multan786
435127
581295
wsdd
002563
964073
575542
525371
979836
139788
108339
48874
843348
922229
1041
313687
553839
439395
690041
xxc123
03815
2586
903419
211293
28441
287848
548845
536338
800602
498113
151195
355850
90762
422785
364045
317592
301224
687346
329428
472263
963875
997238
89404
816057
440924
testpk
101211
458183
196845
683001
109978
58835
806179
641696
232749
281952
62440
151899
089023
190267
211431
857263
402765
854920
92967
504702
017347
830555
star2026
568304
78624
383020
5118
334620
103587
738386
863951
503151
986381
81704
515306
391897
Danish01
83888
464123
421025
98791
796312
972587
843337
fahad1995
651387
684255
166760
45787
634447
341044
35763
Final
154451
267267
907335
708444
malik22
53795
627330
691570
243309
071247
444334
607706
729036
802120
680856
368313
490721
681769
123596
youtubepk
22176
770374
035563
578512
297297
082115
157949
044891
590073
046959
255145
265694
310190
011132
301609
641157
four321
morning22
274956
600875
976041
247907
1119
495473
2898
092631
739123
988438
1302
660770
238370
Khan2004
50561
blue@
360921
51065
031944
818400
939818
Malik@
690360
626912
787611
002002
892529
93646
612513
red@
804496
691999
849156
414920
1458
413798
203291
787336
230408
528836
38325
231880
985743
733788
31724
537196
863753
36281
970145
836858
502282
Hello007
214929
981387
126456
210117
170496
324005
724174
146234
371646
171248
26796
first111
107646
023782
626593
356136
260843
water!
844613
675499
926420
1857
601381
083710
Samsung2022
375881
624525
eagle123
832304
185504
17605
402611
615901
17549
821392
290169
641883
664301
21595
431453
973016
090343
622391
490820
611226
853930
india321
06048
018007
690910
558899
02065
671110
shadow2021
619553
Quran99
900438
435435
7047
905113
942095
Music88
316459
90699
015686
627099
070312
danish
186087
006545
7674
787182
947265
100177
155859
804617
716353
230605
82670
19677
608014
284559
662409
337854
047894
273834
904409
266013
546392
4329
53333
tiktok!
44191
279807
873224
811030
712866
416713
68565
262900
850124
62426
171952
181445
623524
181797
474958
589347
317966
757427
297176
371096
hussain00
250459
Wolf01
guest2016
337964
mary2013
097218
957473
80990
733040
993201
82194
533456
247126
664400
611501
800316
954393
Qatar007
712107
32459
207185
150370
596321
335610
12460
905036
368588
W0lf1
87472
561902
701613
645051
50491
287584
455631
maryam111
demo01
624074
403260
621918
010920
632731
766425
748979
432960
354409
109637
820138
662123
644204
095315
Islam1234
425216
953062
703725
009603
989868
624063
66549
656777
073194
177243
958397
612986
970431
71694
387508
848496
SEVEN
110623
Blue123
111067
397892
954228
39900
40761
quran2024
537636
422466
446479
120439
265276
76244
781066
817751
825385
933240
first2023
113630
376882
811866
119779
929500
986623
194843
3381
88627
112750
044176
473253
76678
886776
266079
823922
671770
861036
805684
711436
033506
149853
065252
854623
411653
211321
8784
826716
19852
931029
145893
049005
359216
910041
Ten77
252516
775577
856614
775357
06622
31710
37891
110880
509179
178123
190793
872960
20391
3042
877096
203368
623029
402380
0585
744051
679723
045364
999691
627110
0423
348073
585717
63434
645656
210814
858638
470129
707333
04039
368951
880055
946330
701723
603108
473836
169191
339625
449295
256883
760111
30716
338525
291863
051271
047740
486684
031207
42889
18193
426492
841258
054230
004136
290511
1083
957407
India1997
76146
sun1987
276529
319286
121264
541904
495231
143297
312697
01869
11221
3729
110330
742797
745558
015114
258742
109593
486244
222123
331848
167794
576125
516362
327668
61803
509663
Abigail1234
811514
221375
Iphone!
259182
191190
248633
bilal321
7062
581636
340439
065615
051513
390489
416075
524909
Bilal111
869902
257312
9300
034661
ali1989
129833
689304
Demo77
Richard123
391347
662244
22547
21455
370018
350669
026840
858528
682330
hundred2019
674597
31850
victoria!
599533
880132
165187
129140
324753
858550
180653
7320
719026
085855
721787
996908
16408
364298
967098
271026
google99
147818
Shah123456
52878
300421
415547
828432
605352
048532
679998
441430
754182
48398
20783
68712
642268
498718
806872
087362
263703
812878
878757
273317
945659
444048
151701
876238
927157
009823
832788
2306
110499
753258
2019
050072
055055
705210
324137
010408
707487
191477
Dubai00
722931
711282
922658
985765
609202
992684
49056
Shadow2023
567743
023760
531894
374726
777139
953073
55391
30142
986777
248908
914914
Doctor1993
42945
40978
036707
364771
602261
668789
45059
412368
999339
475409
868714
170311
916278
275924
imran1984
911955
051226
13307
175703
244013
508475
509553
0331
708257
269390
270941
218053
18361
84434
283646
130614
049247
271227
766667
481096
758835
900031
197285
74473
001617
Riley1
67669
010758
798270
090611
962742
486618
429462
95662
626571
460394
076450
330275
859925
745701
795047
191642
21980
740487
53473
437404
315183
19061
706607
30002
4629
821843
80962
126005
115335
400301
05691
Monday2011
778855
454091
zachary007
2715
765072
378444
186571
840807
251284
521697
156233
682209
649231
2997
xxe123
821326
720280
004642
694463
289916
514525
440781
036454
601304
163174
790845
281171
139227
619289
423467
578457
99827
114873
322256
175593
534402
919446
797951
117810
438251
310695
HINA
426877
011429
615747
048158
QWERTY
154198
Apple000
459745
6615
670131
51394
588038
962280
qer123
133276
315843
19341
337788
08512
122573
617452
504317
810711
703901
802450
062843
019679
685927
467599
486431
455763
065824
053735
Zainab1985
413006
383900
674179
905993
107481
660737
070102
191096
946781
494791
mary12
928664
123695
599489
369204
234883
23877
266167
936243
115005
133628
754402
354585
954294
149842
217624
284570
92484
050693
991397
081433
461450
67557
907005
461868
692571
17010
398794
7632
019261
928631
705529
38031
05803
147521
19887
568227
658625
872762
555731
588687
Linux123456
705804
101024
Gregory2011
355531
750618
803946
412181
449317
16401
837826
174900
803396
994741
799381
013596
779955
859023
247687
Instagram2003
301543
728629
344388
751201
656722
672386
703582
500005
82922
130893
706343
007139
771100
971003
529155
431156
633105
907863
711689
192269
30898
454014
020449
024057
cool1982
739673
070417
290752
649055
641641
256982
66675
972840
656832
Pakistan88
3483
One786786
andrew1994
Queen111
446028
247335
299915
263648
366476
590986
628474
84952
876645
4977
Test
133485
214379
965404
191117
566269
402336
66297
679228
593747
526416
468160
311296
55188
159159
873642
644633
404415
239085
998129
944537
390544
832843
45927
5721
436755
54467
Mega00
547591
62118
716628
669130
641597
335148
406703
12649
489060
brian1980
866371
020394
87269
502953
water1981
551529
842501
317515
500874
lion321
337304
408617
192071
633226
719521
Sun1987
212179
87633
166595
515625
45864
839982
681956
409068
698126
00217
252494
247016
164659
iphone1999
959563
559207
440286
rootpk
020988
118646
367334
850454
78057
112145
24003
924616
794255
459272
681549
Ultra00
534039
217217
66521
683067
598334
091773
266343
022143
097460
45304
168201
080256
667513
teacher1983
354673
59857
013475
ultra69
551408
1809
899250
298529
Password2000
482383
85960
545468
429814
604582
601502
067595
481613
735878
795289
19096
864380
598257
880264
091894
351692
030699
099275
755997
769054
earth
165110
0822
851675
057178
Baby2001
591019
305921
00854
103664
38661
600688
03080
99211
matthew2025
523138
388773
210820
58352
640288
Water2026
496056
503569
792605
988163
400411
030993
579414
935319
6360
283811
350493
183436
479303
161722
366630
97748
353474
332376
78869
155837
38381
977570
029128
383845
514239
731357
58723
085668
478401
201443
449625
72128
735196
67389
25424
648857
084282
603603
367532
663861
649858
634711
938729
red88
Sana1234
677061
301488
10598
224950
18186
845757
320672
444598
45661
698148
371107
407847
570218
827024
674146
559614
088495
380402
953139
925837
463903
351626
017897
11508
494087
Fatima12345
688666
657558
946000
89166
575091
534930
395659
370216
030793
456258
744755
387035
153208
723140
63266
044495
Facebook12345
699325
093632
653433
170493
830610
399091
741048
296076
865612
429033
916498
812460
944515
422708
067298
015433
669460
781022
238656
370777
411202
8934
391226
229515
504207
388795
382734
773806
980045
407352
499103
94402
410421
641146
693649
sxd123
244959
438691
22568
3096
713581
872212
521422
698995
66591
701822
072149
095458
142439
65310
380809
979594
Kevin1
294107
631752
8739
17185
936155
788480
472197
red111
160292
594561
775522
995247
65499
39417
571219
226908
238194
133089
8289
455642
56791
92932
173008
349569
874324
445005
Abigail123
201256
277156
228316
295240
235675
911889
125653
948222
20545
703692
838937
lion22
089298
januarypk
258269
330594
Final99
442948
938630
869825
407363
water321
538714
525140
669449
895081
76069
305404
lahore786
435314
850520
958683
168410
753984
187077
322377
88830
google2018
124179
Adminpk
81186
774510
983323
0633
8763
038632
709335
waff
superpk
393492
4131
315128
93814
496826
495682
four3210
039985
712459
522368
379885
730389
86702
710864
064394
Islam2023
803803
943294
761222
069069
829433
869781
460823
296164
9129
22099
Apple123456
863258
630377
511291
025344
Facebook2003
526361
13839
53424
258379
angel2017
042746
198231
90363
16751
164901
101915
Raja786786
708345
893211
30877
849651
736373
069982
927520
955075
384285
79513
6129
107162
81095
034936
226633
897798
0529
026851
305030
225049
8076
300212
409178
540144
959112
894883
309122
25893
284592
787534
344025
208208
736604
325677
764830
739915
823614
404954
720258
347952
459668
473044
209000
034045
715946
wind007
540023
003410
28756
965679
283294
934263
Multan1988
131290
74053
karachi12345
878240
zainab1982
mega1234
425502
144034
285230
28224
master123
802197
337700
940038
808808
846571
light2002
851928
99820
365024
533654
526746
995038
016456
884752
916652
05782
189541
483230
764577
488983
3561
Lahore2024
668052
797500
5187
12838
580701
379918
060742
434533
279785
Apple786
99687
947540
628144
Lion1997
743864
764698
839619
600248
780527
631378
270990
300234
052184
Baby2007
183161
299409
338822
776138
397254
707212
052349
95291
415206
069091
090970
604483
085382
355443
520333
admin1991
050499
225621
693616
425095
034573
737957
071104
36883
883498
Olivia786
350196
393536
622127
qatar111
139172
295768
148445
61383
533115
56021
32487
878790
Tiger!
Hamza786786
920931
955504
185185
426063
304546
797918
714219
874764
472582
228547
036762
316943
277629
313907
59052
656931
Hassan22
425788
5ch00l
Khan77
969628
902539
365068
632401
052855
818026
917609
122265
639584
422477
18270
398134
12075
711458
655446
360327
861300
915365
518045
991958
690723
350801
037444
01785
980155
500390
student12345
343662
575509
140008
745107
023562
91980
Linux01
Raja77
905806
08134
152779
11634
24801
172051
931898
427053
ten
156013
Pass1987
502084
255420
956131
558965
tiger2000
460559
Omar786
531916
71757
045232
641289
405933
105743
348876
133243
440561
five2026
288035
105820
396418
038929
945956
037103
014366
722260
59773
653587
217052
909249
61138
08806
93604
190883
facebook2007
663509
088638
007997
229229
906004
971916
767514
638176
Dr4g0n1
652575
47936
39620
57442
504141
214863
039787
936870
284790
152306
guest3210
590436
878427
314710
783717
151217
38437
092587
241318
653191
862246
142351
95529
120296
835824
76377
026092
620158
082291
14938
9222
665577
14448
542179
036487
373604
630410
333806
84728
126159
525239
471647
29589
556325
600556
983411
044011
871431
128744
islamabad786786
834086
Ali00
155155
952127
School1998
234575
077165
043846
7212
11585
950686
Wind88
77952
81697
205337
991100
761464
361878
Lily123
868219
338514
182688
710886
499312
857758
058223
668184
916388
142857
597047
281050
697906
554884
437338
199210
368599
cool007
089430
604923
54117
502150
982047
6909
448690
2445
538164
371393
881397
737671
665775
336336
829851
990704
677006
Youtube1234
723063
839388
427504
Bilal786
067430
89103
095205
299805
41769
937882
15988
73724
11095
314094
315986
286396
946737
133760
777689
935396
170126
721446
129217
254056
918940
256036
840466
66864
233860
672364
169895
662354
three123
115643
593241
072314
428989
hassan1987
294866
554642
210364
260348
999141
999966
Leah007
36820
371910
493680
381403
980287
930545
927443
386595
62055
912780
733777
170379
354398
170211
733293
814550
12299
227051
649440
835351
515911
489885
595001
passwd00
801020
Facebook000
23247
452738
120516
80332
070120
992244
11536
213466
696069
087351
726165
308836
629827
83846
375969
248743
553212
982300
147224
526075
530805
766326
725703
391886
880253
777953
470382
588192
369050
23121
25340
797324
44688
5697
219439
494098
069190
478247
949025
209715
845581
072985
026752
86653
ninja1986
310799
Two00
459206
603889
743490
769340
989461
588720
051106
718388
398574
910767
439494
145277
929951
38115
536272
822030
825583
026829
435776
56133
411719
26075
470767
426052
697917
941644
711964
759110
530167
464915
47173
735944
575311
033121
327184
558866
210947
284911
samuel2011
554488
946066
753731
260260
34825
284460
557986
100980
696432
Michael2013
89852
774323
586014
53984
32480
ultra
372163
919820
893409
549208
744062
696399
709665
51632
375749
660814
025784
095876
maya2012
24822
014564
mega321
892661
460295
691427
4584
637736
239569
480898
272404
284174
231123
039611
320276
597575
808214
150905
Usman007
678436
654874
213972
193259
994928
922812
070923
095348
541541
710556
476256
3537
856801
865370
764544
168861
257180
652916
957770
2811
039721
479402
389598
967472
457259
913132
016885
809182
808929
575289
846296
418099
190069
Mark1985
739629
063316
759143
619652
020691
022022
5049
51520
MUSLIM
427889
31836
949982
82635
828377
943162
510741
4509
35168
204028
685410
whatsapp!
506682
25557
025740
0372
733150
491084
454575
597707
495462
449966
28693
31304
968132
807719
276155
451242
207900
424578
019217
225280
69706
638110
light1983
538494
901560
517110
255068
762597
961169
red123456
080267
563167
629255
21189
123431
034749
614273
570141
581163
805618
111126
469084
731885
094952
025388
988944
4923
753027
802582
95795
Love2012
121946
987899
247269
Qwerty123456
327536
968539
Maryampk
403854
736395
83615
385627
07826
155617
180004
982201
111353
04375
36659
042581
382613
819929
108526
280797
440473
992277
358831
43967
760012
295570
667480
861190
3558
896885
980672
972994
002024
Allah12
934505
743721
02506
220385
96600
757438
336798
259688
207207
085008
062755
143165
555368
alipk
king1997
398585
60802
736087
576070
063173
427702
555962
33628
000605
14658
51814
72933
917235
736571
703109
770649
340428
Green1986
150796
942821
681516
848771
932888
1770
Ethan12
29036
285175
574706
335566
170193
651618
429682
799139
737484
726231
115929
516923
824417
611083
170225
960058
0302
23569
103334
5520
moon1234
210815
225060
537108
31549
129613
150593
346566
501270
478874
78393
6945
799777
116996
668349
811690
17164
961257
970486
Ninja2011
421828
032835
857967
450989
tiktok3210
759473
9021
Olivia123
test123
872025
richard@
496177
260073
612260
075416
805189
285406
welcome2019
780208
714197
836693
727298
034100
179113
Mia123
365662
94367
02450
478170
012573
0987
35266
239866
ultra321
158730
engineerpk
378125
968627
088407
482658
146465
243782
Shadow1234
87080
954030
492877
youtube12345
643269
833371
21315
98903
273174
585651
015928
52339
30933
202686
40425
042977
SUN
201036
405691
3864
889768
596893
099847
Fire1999
17325
858341
377135
506616
100771
132143
636933
814781
74858
552827
122419
40866
154627
399300
68824
516351
832260
1909
94766
117942
231090
Three786
728893
Gregory!
075515
798677
688776
009845
247588
40943
706222
874445
210903
183733
896599
363187
55244
09093
354167
73248
180158
200992
392095
Karachi69
575597
Warrior1
831776
182941
Blue1
827717
953326
14238
75824
472879
806058
537493
09485
34769
110374
movie1234
72520
024332
86002
180268
206327
Hazel1988
227502
525789
317449
560098
911218
855437
431101
mark1
56476
robert12
907071
059356
821249
045540
183326
232287
91952
676203
306262
051172
382338
101739
04886
seven77
357467
124894
037389
eagle2024
366839
919358
72037
hassan2020
145937
743776
254221
instagram007
458370
110811
602250
Facebook1993
730664
271190
LINUX
Daniel123
charlotte786
Tiger3210
89033
531476
773718
048477
887744
335005
647823
19586
780021
074635
198396
400818
186098
Allah#
141779
608245
313214
647625
424270
847055
430793
56504
6606
340329
225830
300432
348161
171123
48055
058003
053064
855712
062161
440451
159115
186681
624195
774983
913253
175791
308253
189893
noah123
695486
admin123456
51464
772035
729718
830302
935264
076428
fatima2007
650507
ali1988
517979
017105
975062
319484
021274
17220
4320
116039
Thomas123
799359
722711
hamza12
219142
129404
722887
25473
Khan2009
198825
058058
17598
184382
329604
13076
789162
256377
245080
96607
460801
16058
44884
763290
252538
305470
876887
813670
941875
root3210
875116
991188
079673
671891
496353
67998
107525
351252
539583
42084
952930
591492
349019
336127
scarlett@
364056
648010
44912
920293
576114
ahmed22
271546
288134
456940
833712
72450
Sana1995
510356
Engineer2003
343398
472186
085943
487245
59871
110869
142472
135949
982993
744612
686477
530948
quran77
741433
524711
820688
549087
658724
489104
748297
256322
login
892760
858627
19593
694617
918500
539484
954129
564762
607882
771793
282260
Instagram2009
04088
202873
green2026
367994
400499
436095
146597
235906
563178
474023
311190
55888
069674
665049
edward2022
429165
783926
sophia1990
332893
768966
971696
Queen2022
491920
815023
353991
134332
780450
562155
070711
281072
062777
945186
773960
060830
77154
373263
067518
805508
560978
047971
570284
054835
two00
05306
450824
296373
13342
994224
Violet1991
052206
183381
045210
581064
792022
321640
Play786
1464
186758
959211
27160
215160
63518
100166
Student1995
670615
hussain69
385143
39557
660132
Alexander1996
29225
058531
1620
193490
322080
alexander2013
admin22
775720
250790
7074
386639
529243
510290
161953
199606
599093
041690
060665
173668
962115
183656
Danish786
442563
08078
011748
830060
64064
473077
069619
evelyn1
341385
459987
269577
Hina88
546755
889218
Allah111
love2019
024728
990176
750893
825605
01624
10437
nicholas@
96026
354629
935616
688919
847110
944427
346621
700139
621588
541970
280995
Jack2016
22491
78610
733491
248072
492305
901098
046475
24227
271150
187682
736978
539209
Hello123
185405
078155
693957
93933
770704
925023
41230
914122
592933
shadow1981
832084
5451
975667
14105
957990
326821
815606
259171
658845
66787
150517
391655
541794
304656
2102
628925
660099
108295
493295
735790
772057
788887
174966
013959
340637
318901
235169
65030
959310
269324
963413
039908
r3d123
850564
407715
110708
460570
382822
1524
258181
235070
719004
224741
476993
746614
25669
491040
182050
Cool1987
420871
098956
586135
335852
07084
886963
karachi2018
351582
865260
941765
575201
723998
621148
777711
christopher007
05642
272987
840763
058784
Ten1994
24787
692923
139612
727177
554972
308935
059037
061985
054978
360173
892232
955669
37254
546722
53641
81165
948750
170555
807323
488697
128920
223465
497728
828905
751542
912428
61656
490424
193754
74305
119383
279136
430991
536668
9306
072028
163812
806817
721809
661111
536195
059631
896445
320804
200046
32697
95039
28126
karachi007
281369
Ninja2025
999064
666787
123442
72947
412929
12705
32312
992266
185086
386100
158367
028347
430133
739739
117898
032494
857648
25970
524304
595936
348040
835230
775236
574552
628188
18214
083391
511445
39025
624239
686488
425942
446347
750431
88053
730598
022253
510059
885203
499092
144243
341198
887260
773432
Fahad77
181896
815991
825693
527274
998030
018546
088858
410597
10815
222222
445500
20244
055297
871222
827871
845669
874016
wind111
321596
88445
458205
914078
809820
459635
382954
790680
lion1984
321354
64540
884675
382195
550341
Password1983
451748
48132
914507
google@
0918
030657
755161
788282
987932
324511
781682
57134
201971
105248
932481
577522
508937
845955
55307
32417
89593
00049
038104
271722
882750
791912
lion000
858286
User99
3300
800448
five12
314380
470294
Ethan!
962357
407209
015950
83608
92260
7098
822107
614218
254815
710688
Malik2018
902836
570801
254760
70903
745976
431167
277618
26649
592262
924209
433411
Ali1234
471955
zss123
665159
025817
334400
290697
155848
006974
196966
62678
067342
225687
836770
Anthony12
google321
Passwd22
723789
384472
India786786
507485
422576
464200
191389
409563
049071
055484
730653
362109
487993
199254
780241
29358
peshawar@
572858
Admin2021
root12
930391
842281
666105
202983
176231
Apple111
162448
161392
262482
925397
468171
56966
815617
788304
107327
password2000
737748
079981
755689
033275
136730
775753
892782
100639
874269
211046
814825
348447
509608
78169
888811
391798
808379
54341
193039
6513
password@
00672
408716
Hussain2026
873708
867372
518551
warrior#
550781
600952
360888
810172
254826
134871
324500
335379
071687
843777
908809
163053
70217
705628
030308
Love88
Thousand123
729366
176528
361548
435281
25396
335346
124322
748341
233090
389191
48216
213928
742016
799986
918247
ayesha1999
213862
509234
844910
322102
961664
437844
371547
942513
431222
01442
game007
87220
949201
315513
572649
106876
44870
029777
829939
244112
124927
January000
928708
986535
892914
234641
228360
Charlotte2001
986997
252648
758054
469689
264187
554191
271005
755425
131923
877657
074239
157267
610830
856856
292292
020416
315953
068651
116578
369435
479787
284328
612843
352385
725318
727991
134409
759187
130502
781638
130305
758923
564201
Nora1996
King2019
681802
978736
Water77
78785
192434
15218
874082
917070
black00
477191
962126
1301
880979
master2022
064174
6369
72583
346500
001122
59409
moon1980
187319
33292
868736
350031
230186
590469
391534
863929
559735
437646
4293
07763
050754
Anna!
Usman2005
174845
070543
897611
103730
912021
616539
358644
739343
146025
127578
382811
628562
442156
679745
623689
325468
774587
519189
615032
069025
52773
813747
Super#
310399
519387
214016
346544
053515
37289
428967
270793
030414
874676
14364
188100
133925
0744
13062
010164
375551
EARTH
183623
620059
346984
144672
599643
444389
852060
230126
470723
588489
37940
069993
522819
38227
706970
991210
848936
284999
43211
P4551
raja1999
23583
45892
090408
195877
194832
Mega007
72079
039050
879109
510686
Earth1234
063206
587246
070990
299442
662772
056210
903980
532444
042878
136686
hundred321
428659
826386
822558
854304
907951
254496
705089
99946
099528
663982
430848
400367
285263
310805
323950
954921
862444
355080
535722
627572
399630
angel12345
103807
563420
350482
500643
55069
467005
676852
17829
186373
56952
679822
37814
63196
light123
483527
619454
768878
979869
050215
703538
32060
785312
959706
649594
403326
017919
41972
818169
075053
893365
259809
847924
44079
592163
648802
pass007
373197
290213
96446
329879
169543
gregory1994
749771
25795
616330
719488
968825
858319
374594
934450
66927
594638
105688
415690
895279
827651
978571
272008
486882
831534
130393
889097
732336
673398
804067
462176
877459
420519
621896
23660
761079
78666
edward2019
505538
3696
751553
288981
980386
245168
61187
532367
54747
584364
825990
150117
915684
Bhatti3210
516285
169224
630751
045287
802329
311168
597300
032230
179278
104005
98609
927355
999042
246125
Android2005
19068
029634
106480
84714
290593
265705
430408
55622
055902
444510
525261
657349
245883
user2006
lucy!
204248
584826
020537
560868
190805
960377
747868
750849
380039
185427
alexander2026
34076
342991
68677
523754
042647
692769
three786
429704
077990
56287
010428
140613
986040
392755
327096
993311
040238
323345
086779
741840
050644
59402
634458
387574
400290
206910
57414
028226
143781
049819
081686
music1234
228855
Michael1234
455873
316657
358358
170995
913209
287210
920920
596948
520509
393558
043659
557337
158389
Test1981
609554
14441
662332
738529
489698
37765
420717
668503
851642
595925
Maryam786786
337535
523578
399938
713064
098967
620675
934945
579029
891099
620389
482933
Islamabadpk
743732
634535
122353
811965
987822
788348
132462
4617
186263
677182
442519
069135
400004
952292
hamza321
630619
652971
160490
819302
254012
640299
564916
918731
12957
779460
063052
99183
819137
4578
172425
39074
cool1999
838618
738023
316283
024783
097130
003971
664015
013376
769087
11571
871409
02261
614614
mega1992
noah1
838277
290598
00259
038566
546106
1461
16569
330253
Mary@
516197
57113
059191
463067
peshawar99
791395
ssss
08351
75166
Bhatti1
442816
183755
178233
qatar1992
003553
199001
302665
Riley@
351175
53851
Engineer
65709
708290
891528
399982
476916
152801
486816
035464
735119
659615
421894
449900
45269
628914
770539
848397
529045
311333
300916
Dark2025
869308
061864
344861
166837
37660
734316
756998
949619
626637
866547
941963
158444
317427
212355
423522
425953
99449
469623
667293
304447
812350
644457
78813
565686
2466
karachi1
081477
280060
448503
084821
93002
105072
763334
180895
293656
929390
232771
498542
870232
719884
305976
437536
975337
4890
password69
255354
759924
332816
744810
897171
470811
531168
546711
705650
516549
Leah1995
347600
807158
320265
270426
306944
779240
531146
47068
667876
qwerty@
272228
202785
476333
681241
029502
752004
485298
577269
887810
456280
107382
043186
chloe1
009482
958991
Wind321
196141
518386
496815
33404
68208
Imran12345
665467
87402
80871
457765
211011
Fire1989
809875
811558
218713
658658
532906
558239
099704
971168
182127
994587
113245
426547
246400
114345
495638
184888
Mary1996
elizabeth1993
240471
876601
250390
101497
160941
919732
177573
231202
islamabad#
875369
Raja99
740311
453024
219428
898172
162701
562672
96845
gregory1988
514085
772211
968022
545710
230596
96061
India@
492074
4518
484539
83209
02975
041954
074415
682968
030305
509168
664378
457941
332981
368115
063877
577984
085118
525723
258434
551309
185614
66598
74578
182776
083182
006028
773487
472604
599423
samsung#
62062
066396
155100
284526
228426
801273
898722
88179
User321
ethan2008
64841
915794
26320
475519
50715
765083
942062
189090
252956
152086
632236
pass1985
194546
992607
071742
579931
983103
029161
639661
144331
148203
39851
iphone2011
376167
002211
Lion2015
869517
03983
156673
234344
414128
724471
Passwd786
88522
656667
142934
Maryam22
25886
236962
india1982
lily1
273262
554444
332497
595771
197230
304348
700260
704550
59934
466004
920568
669042
795256
287144
915013
83391
4911
43736
033682
013728
4086
79226
857615
814583
085547
1419
487531
078562
667722
396979
70336
631697
494934
089815
197483
charlotte007
755293
502095
879659
188045
834295
100485
566533
608454
004158
830995
947705
016918
11872
774796
College69
43358
392370
377278
50610
676698
271161
277079
44464
121143
36568
7374
674168
158818
65296
295185
553443
170775
299860
538846
850751
794794
147851
538065
025223
1584
32886
947595
74655
26775
574464
312136
100760
117139
0216
206756
852302
073535
163702
743138
903232
Qwertypk
01568
777546
4323
75579
64988
600897
862895
490534
46788
323719
497431
Shah123
640794
960410
338679
469964
838101
144661
087879
437822
190420
627528
128656
1656
487597
66479
611391
567875
harper1234
043098
231190
040095
010393
25109
956956
764236
741114
083270
147873
649605
477510
709533
7587
Quran#
847814
770473
633325
george123
516076
209858
322850
457930
310607
608938
800536
204842
4662
523435
155716
190414
maryam1982
430815
652531
018634
578325
qatar1997
356213
islam00
139425
199067
446303
846604
918192
987723
670241
530662
42343
153296
466059
114818
756338
883630
685553
274714
479985
738980
464343
532807
2796
054065
494824
Baby12
college1996
898887
724449
24927
64218
027918
14224
39410
413369
524161
264847
607013
635448
145189
83454
748000
44198
813857
windows!
Guest123456
718586
01043
381227
938355
155573
115159
352990
959860
Light000
602668
787303
029326
230823
545831
729916
659945
4416
073480
717893
914287
264704
024629
398123
987943
84896
nicholas1
facebook786786
karachi3210
910151
wind000
699259
441980
289619
76608
69552
862180
Zachary2011
144089
776314
655512
377465
156156
864842
134530
026598
axe123
58863
700656
232188
851719
67361
878636
504779
247203
252043
164450
940687
232694
232837
83496
080641
329560
598136
949135
011451
3597
740322
270787
824362
314072
860805
841863
841874
90706
815056
171028
2610
615604
515196
421487
884334
956274
104841
316349
380985
011924
739046
82831
682418
453277
423577
Maryam@
797819
071610
494703
690591
194733
459789
19698
638616
273988
root007
85575
824274
980606
632247
445258
187330
461384
177408
31598
967351
918753
09506
235587
468633
576048
215831
009185
274428
last01
471471
mul74n
760727
54537
455191
666435
012947
59094
982322
927707
lion2021
Scarlett2002
71274
476828
570427
218405
120538
521455
688149
layla
055088
748066
334697
muslim!
417736
122617
150095
382294
939961
371085
071005
918148
011869
369017
884609
273075
314534
586773
883762
031114
304722
091193
533797
819951
hazel2003
264099
644314
630652
553949
317614
779757
bhatti2009
259589
170517
929665
436865
61726
133958
Windows#
983521
625361
256498
087340
335049
995665
513480
870309
394746
652927
52003
Qatar786
162118
460438
364419
60914
303996
660990
003443
014333
192632
519695
958595
155452
india007
117722
311126
068717
384846
333982
75271
847132
272833
562837
201399
709610
751135
842457
52913
150790
407737
075119
203632
675191
743677
95389
8229
4266
724933
319055
google3210
672243
664048
Facebook12
558437
043648
485309
04249
050993
076472
537383
608377
524172
xeff
120879
84630
525646
403337
769780
191011
275429
dub41123
68593
96803
75376
736120
391149
754644
270930
014817
7581
424226
288651
178904
27209
343706
177265
99414
455103
951390
game786786
579293
036267
210999
740762
Lahore!
835516
942997
460361
379665
175648
069839
438559
290631
618519
323323
687005
hundred123
539286
389213
537999
16457
031878
395824
750717
130834
977625
555654
97783
623733
176264
399113
466565
205623
956725
02821
085536
913715
854777
065813
210606
360305
281017
316481
55426
810865
qscc
663432
165957
474210
user007
07868
841280
698742
139458
69377
866052
60655
58009
302335
44534
070390
Black2003
58849
772662
367763
283338
061248
083941
316613
steven2025
43050
692428
640310
604153
889350
229053
840554
221892
51100
249260
712041
831787
952402
730961
312532
water1234
833558
390390
60207
714538
35287
746988
Muslim1990
android88
229372
52423
49175
chloe
828949
659439
34951
95270
389719
503679
55776
allah12
Whatsapp1992
026191
173822
973038
145794
474089
566610
Blue2012
797885
510719
44254
222783
965976
Test1993
207746
574453
1101
671825
549923
586201
246279
53767
228019
929819
469381
842303
091208
260821
713097
801009
977328
084458
921602
210717
439450
903749
283954
981574
Game@
546139
956549
480986
221881
479380
905762
985589
067243
1899
875523
567798
507331
350724
43372
facebook2004
323477
885742
73416
Lion@
633996
45402
1134
14847
573903
709918
425293
9210
836484
564333
Eagle1988
113850
679690
385374
349503
051290
715693
131223
397903
801427
68537
462990
008855
adam1993
795157
323862
300663
seven1991
131395
854348
755931
730169
admin321
28784
93296
033033
005995
2808
Jack@
718036
113487
380930
989175
Anna786
1737
810799
431200
588544
561572
964964
384021
191199
justin123
843007
wind1994
509465
335830
Raymond2010
789151
204105
891396
910635
Onepk
397298
hundred111
943107
463749
Star786
38766
810469
931744
855635
657382
081367
817377
723437
Four1992
31010
940126
809853
275913
410531
783981
Student321
2346
fahad123
886512
152350
831193
763081
852071
Final1995
765061
631323
726396
08687
alexander007
051700
578908
433972
27643
616671
954899
380490
604736
158037
15162
11144
027038
890868
827530
748407
moviepk
50673
764665
Admin77
4692
470910
66255
794035
897006
peshawar2011
89187
608685
386265
023320
260997
566544
623150
595760
448976
806696
946726
634909
475013
131769
467907
333564
647372
258764
755117
23296
946946
729091
105358
seven1985
231099
57106
Movie111
243034
647636
498223
287639
336820
416911
308814
998866
143011
717068
503008
514536
50092
070823
210870
red007
872916
209099
686345
558041
311916
220286
thomas2024
harper007
73752
898425
444686
91931
287100
599170
4539
365915
241637
092543
280137
763631
254309
93310
995544
806498
868549
075295
412698
999251
44653
Star12345
453662
Super1981
543026
290246
686642
402853
60739
602569
173085
Student1234
231176
210859
login3210
red2022
221749
358072
491282
587631
219681
Hassan77
013750
736747
309419
929929
423500
25830
25718
3678
403964
576763
6036
033528
512314
711854
947089
785565
11186
884642
241219
888778
998118
864226
42910
212157
242363
552112
560263
353595
291011
161007
330242
300454
916872
989802
296285
145112
95872
215567
310396
677094
020262
225808
923901
72100
949531
007865
697004
743765
028017
273614
Test2009
683694
843227
green69
665181
lucy2010
80388
275231
824945
089408
340736
266475
33138
bhatti88
888063
830401
497607
960707
90552
44121
670912
725186
0605
870364
105017
285373
201410
061974
210298
837705
361394
670395
917895
570856
28497
963292
174240
293689
Fahad786
197208
588797
792583
16023
670494
462880
136224
957935
509311
60480
242946
767030
59850
215050
475497
62727
391314
818961
763752
747263
853424
644248
605429
393778
208769
963259
99736
hina2017
072820
253957
Night
Michael
358974
862224
23639
568909
526526
646888
778415
78967
406032
46032
389455
290202
002200
720511
952105
655281
702526
707498
563046
064790
526845
739013
171011
606617
767965
27776
656051
03213
960685
38409
013431
109329
863071
704891
210738
128667
885049
05670
030102
90741
58821
190443
083798
856229
286539
451814
139810
039776
563090
966317
886732
223696
270290
333817
247742
eric1992
372097
190630
855173
465366
Anthony2017
870430
Warrior@
985435
Final1234
Fire1986
066682
281512
317768
933966
68873
444422
King1981
622204
738518
010329
774213
078980
001001
234850
Ryan1981
292963
310899
536998
840477
382459
688303
02296
342738
college3210
096613
947529
secret@
262845
673464
121649
1287
90321
615571
213554
150926
70812
806729
931128
650903
Play1997
962940
744425
917576
236632
269291
949421
880594
348634
77602
965778
803077
150193
348194
087516
651024
837595
279730
768405
895598
180059
13349
120967
demo1
School2014
063250
644325
066737
135707
49714
320617
219571
7455
73836
317053
923802
090726
036498
135718
91546
610709
377091
340516
068156
322410
670285
411059
638253
983026
520784
41475
053680
751806
517418
qatar#
023133
893585
939213
580074
954140
49392
1703
47334
257565
ten2020
743050
527923
787171
069872
81501
735339
190417
793100
658900
17542
45451
Mega123
710215
076241
791417
935352
020922
Justin786
829103
161051
939708
929753
489588
109208
282942
717398
816046
hundred69
372427
869638
250217
419606
011407
126401
214445
771452
180367
430419
35532
054329
07462
730334
736252
181984
2436
490600
86821
620048
904398
844525
249271
511544
bhatti000
236489
449075
Lion786786
015411
Tiger2023
431827
bilal123
945021
584947
610808
144254
91091
seven
726935
912384
658262
386221
599632
425370
29400
475288
733238
940819
743215
923109
811470
552673
52269
125169
572209
2247
515988
74802
42245
713361
663113
369083
135245
4149
63553
091729
268158
637835
ninja@
317251
639683
1905
1068
486475
049093
213543
544258
Lion99
297715
713394
794376
280148
256080
59962
569888
144529
432872
india77
723041
194337
881386
360547
909018
389774
624371
159137
644182
749001
784795
030596
Black12
489621
892144
284361
113190
084733
762751
162877
082808
487267
014377
944548
621929
Windows@
521037
64141
141273
942194
623227
009680
05530
358380
668448
873378
645612
514921
130626
79093
271062
qatar2012
865227
236995
005885
642202
726858
998899
352044
399916
656084
30198
900647
293601
382173
975766
314039
728321
steven1234
047234
357588
Guest1234
342551
791065
176033
161777
882607
062150
69937
243584
instagram1982
984445
876128
182600
681747
451616
463441
498190
187154
036355
225445
509652
2151
055275
656898
270993
03220
11375
230696
195712
512644
Green#
838893
559438
218801
first88
171831
565147
841049
291117
705661
899162
011330
619872
035497
557425
9666
961653
4614
337447
42259
35826
011891
682539
856845
1005
149138
902583
892727
542762
317548
637263
016951
096096
456841
117843
652707
559878
750354
719862
Kevin1993
390060
imran2015
3081
888415
527505
00791
661639
832425
312015
41979
82705
596189
754853
800371
6768
26936
436436
566159
497057
495869
281776
6849
73192
546931
93107
189640
170588
822349
139777
Seven1989
190893
369930
174020
853809
711205
746130
027874
225357
064669
594550
284119
144793
738320
User00
057299
858693
988471
261503
Anthony2012
1218
36400
917158
274120
205150
7194
jacob2006
449856
535436
iphone12345
90685
David2025
46571
39522
150920
410729
449867
753830
779790
Islam2021
Henry786
76776
236929
455829
552596
266112
825022
079431
Super786786
451759
387068
330946
346775
718806
689821
385462
367356
714450
629706
536382
709852
425997
707949
065296
828982
Seven2001
725901
77413
716749
100100
11599
495660
1875
27006
Teacher2010
79527
03493
bilal12345
349866
7428
747186
15358
260326
978725
136664
13734
025564
584419
955746
956769
linux111
115302
73962
058883
654852
524458
589116
147950
817410
60767
520377
458227
491777
239734
615120
169477
maryam1999
653950
290605
072259
501314
368423
148775
058938
964887
426800
607365
348678
527131
488895
440341
885192
167475
471504
Hina786
836902
400169
750871
254210
725670
islamabad111
79247
746295
083402
723250
97832
hamza1998
746570
214566
passwd@
056716
469161
044759
897633
466136
898040
728750
486915
557590
81151
039523
213642
920216
96474
303941
Dark123456
773883
858176
281622
190202
078144
8340
254353
187649
378851
952611
810755
020933
854865
758978
947166
329747
010911
09849
639705
482152
229504
146047
184019
629805
189596
220935
53928
230426
6024
903155
7293
050061
469733
86527
548625
068728
753533
shah@
1845
064086
user2022
Wind007
pakistan786786
214885
285648
798842
671627
cool321
310414
856438
289531
844360
09884
162162
536250
33768
075757
627495
Demo12
315370
monday1234
801559
360008
118987
791593
653741
465410
416196
954041
swcc
799194
670879
941171
572429
138380
852555
018403
dragon
40544
070914
258577
577643
154836
762982
Queen2010
662761
084898
098527
02359
963919
802032
13608
karachi01
875644
000957
826375
126753
918478
513546
206580
881903
763422
514756
217041
386078
62881
login1986
461164
777381
501589
00819
410982
847231
0765
007304
Anna12
056430
344135
247797
156871
532356
482603
471427
452221
Android1994
786489
606595
881738
810260
27146
245410
964139
7494
078771
143374
990891
292083
669515
213697
320089
517990
852456
617067
896511
103015
2322
253924
Morning2013
29309
462286
first3210
372581
421795
72170
267740
740102
097196
Islamabad2025
165440
300971
941435
25235
148159
385066
468424
726319
28329
961543
Amelia
460636
773091
61453
47803
Willow@
226149
441463
433059
12383
714285
whatsapp2006
652421
504911
091927
140789
170320
663124
090393
447843
412093
063954
646470
324071
eagle99
880319
272371
772288
Facebook1999
176451
632126
217756
168025
872630
Admin22
332530
663201
253121
62020
346533
548394
58639
735911
519849
829565
813054
730015
137599
013860
681725
983851
Peshawar77
471592
502634
475838
071676
224994
7998
192962
792649
232991
650540
743831
62524
300630
954745
624756
132506
73311
556490
333839
Demo12345
love786
274065
442607
14483
308407
78596
758560
622413
18354
332332
941952
51863
849134
647856
583253
333663
860574
152031
924099
436403
105083
030250
0318
7854
340857
30303
12831
14588
175527
Samsung321
258401
66451
102212
383394
445313
monday2000
027995
412390
800129
474441
98161
764984
973753
058443
447469
411631
845493
Dragon00
765523
Willow!
017732
82229
680669
926475
ten1998
369248
852852
wolf3210
129283
337634
99855
711040
shah2024
Black1
703230
236302
7161
307758
821942
311220
076769
560340
68040
927454
977372
091117
dark1
305129
915783
320771
130482
041184
748077
525382
51702
200948
253165
241978
908666
75677
895059
9774
92547
25046
974556
312499
052767
790735
551166
Four1987
00182
150986
41202
556446
Victoria2010
982564
003278
070983
208725
723030
718938
737176
958452
405603
009559
095337
638231
Shah2013
248457
803737
210199
473154
116171
291390
199375
774268
355949
riley2025
68579
490017
454377
181104
987833
51226
155925
192126
060445
670868
91616
197868
726506
636042
470448
764731
454223
475101
989307
islamabad2016
625988
520410
37058
801482
351241
606771
412643
484979
63035
339702
507463
203830
765281
56994
690404
744865
140580
660638
301554
538670
133133
637285
225665
434577
728277
874907
59318
062205
549659
211008
582593
951049
534325
708631
857494
600303
557150
650078
982333
269137
Instagram12345
909843
875358
104929
929192
Two69
328680
97482
305591
888525
cool77
09373
040876
773443
767261
564707
047927
139040
506253
105237
208505
308462
201872
094402
989087
66836
011299
Student2018
77889
670714
349393
704726
86737
1044
mary1985
367279
263472
951500
479963
381062
Wind00
597421
789800
f4h4d
095799
537306
431035
005236
943547
22120
526900
878614
095667
627814
125818
046772
865128
Shah2009
3309
529518
816332
238964
143242
023199
99022
996633
488367
366575
095326
97615
165759
226094
833701
349525
258940
1788
4860
310233
Hannah786
455323
232034
Lahore786786
096943
818906
864985
037609
351219
188353
931557
874170
0525
847077
905619
711700
sophia2011
135619
318582
911790
842633
380435
54964
858572
381832
802692
82411
992365
680955
054010
959255
690140
558800
253682
854381
wind12345
501116
963644
098373
Amelia1
157036
431475
484781
674333
094149
153868
145882
978021
004433
620752
353628
654709
paul2021
857087
131021
312466
700766
334048
48083
838002
289762
Hello!
076582
001474
029810
16394
first2003
5325
789140
062887
069553
743006
125070
374242
446842
884147
552662
585541
418011
694716
467764
265496
433752
2952
44779
173129
858418
199331
545996
285945
812526
648450
39018
383790
657613
088649
android69
071379
131736
841896
097603
four1234
baby
50421
237160
Three01
583704
42056
048796
899613
213191
367048
263098
iphone12
635151
087472
063668
086922
7011
797005
353342
445643
454003
73934
950510
950323
65828
928752
283668
453464
118789
905949
469491
570185
103543
623216
953282
187968
Hussain1998
84203
78246
231023
251009
83321
810095
Youtube2004
467786
269984
817080
096822
7521
51800
56091
380842
147202
279213
first99
476740
115313
452144
732809
393734
09597
zainab2015
150520
994785
443223
87087
470888
932272
74662
245740
root88
806630
480227
687753
026972
40019
129778
12803
886567
Henry1985
442453
765226
769318
396220
324181
263131
819588
fatima2005
352440
370711
907610
005302
423137
548955
195327
972532
Google1992
517847
Game69
700810
Paul123
500148
901824
277486
483329
763884
757526
22967
033594
Kevin1234
716727
573430
845471
052888
269698
512611
590326
941006
661353
zainab007
141944
035244
210221
Robert!
496991
30317
856713
428901
277541
915541
952875
wolf2012
052052
052426
651343
541420
904046
557513
Thousand99
934637
509498
911999
056980
732259
761618
25417
640574
023408
043351
276199
95900
604791
941820
B4by1
38220
248831
1626
115720
597619
38962
788953
3684
474529
960432
police123
George1
169092
077077
759253
81984
988581
897149
76195
0425
893651
747967
397265
57057
856284
7923
123112
777788
957352
513645
693209
303754
702911
51184
033055
953359
604780
748814
Warrior01
648571
067353
409189
906642
818334
573188
740685
391336
130811
olivia2022
192522
717772
Cool69
755843
716716
261426
16982
Password69
816926
79723
Super99
6486
329175
943217
197593
916091
january2002
320111
861927
070696
388762
058025
final1234
419144
40432
313896
040051
142197
062590
669911
297066
671495
76804
166551
599995
920370
wind2011
445511
044143
518617
40887
088198
377036
684409
010502
636801
2510
81403
686037
788469
753742
173305
7728
250996
590480
575784
9423
725043
208758
167684
422532
853270
14777
006281
220473
053988
979924
214324
073799
725714
413490
zsee
omar1998
272591
Iphone69
390104
617529
363913
2583
88543
681296
026620
811778
220154
22834
335181
65737
564696
681714
575212
490083
0537
120736
11683
713636
112585
040326
350185
747637
289124
30366
181786
947078
070499
377520
093709
0285
497574
903562
670978
257543
196449
499774
685586
067551
Night2026
431332
976151
826122
7479
817102
870023
26278
759902
594572
721127
164153
408243
540298
821689
57092
Justin2020
296384
891495
gregory!
58128
552343
450406
Maryam786
211290
605704
042427
38304
271700
753808
269687
441089
091126
91042
663223
492767
828553
53592
858539
877536
464299
263802
551991
richard2016
967384
757504
496958
Willow2022
962423
014531
5913
71820
918896
928994
807312
815287
438262
hussain12345
056408
926167
315766
325270
172700
00413
320012
500610
567479
7500
295295
037411
988658
20993
4737
821931
529067
677611
068992
564542
05082
1095
919688
237523
578050
913363
555038
142032
205689
66535
775555
38528
880418
32368
865656
790218
153406
355608
893838
186296
600391
night007
1031
54929
243683
329637
044803
secret1991
581746
02744
368753
28749
87696
53298
498047
941919
280005
755392
793925
836088
506143
96761
087747
25501
Kevin786
086218
089540
458920
427207
839355
774433
170973
595683
924440
123277
53340
784993
68117
901296
404932
422774
181236
512534
night12345
883751
399960
678447
719818
Apple
971245
33761
288123
181753
517770
058894
872047
Two000
Pakistan1988
868857
140558
383636
324258
29176
993267
352704
shadow!
407033
cool
198726
4545
asdf786
willow786
580151
859177
990968
485573
827728
053999
206063
George1987
16366
528374
701261
583374
509421
31941
Evelyn007
117656
884279
720819
614559
947276
04809
564465
575817
727023
00315
349954
052921
50813
karachi1982
948277
291940
Lucy12
305107
703417
74396
948156
086592
628793
60368
441848
83013
604241
86177
24248
6117
FOUR
776457
091011
117612
805365
250211
351087
643192
636097
611457
804474
508431
lion12345
331474
278124
065505
989285
51408
761200
307989
301708
750189
660825
534083
130193
studentpk
234476
723965
448129
521345
18375
876326
119746
780384
59885
24563
123266
00686
544577
9597
290136
969133
746999
296032
132759
529540
551452
035321
779141
653422
251592
6933
909282
400378
865557
075955
482141
696883
841225
31787
29456
Elizabeth!
Android01
937332
408958
979605
863445
979429
Eagle12345
752103
669108
741763
054483
996622
59689
592570
539407
221133
459943
secret3210
278168
842897
32200
461076
071082
803121
Kevin1997
Bilal99
976019
354090
976723
02226
083281
316635
13510
157894
wolf2014
494263
508959
391908
483219
639166
840389
220660
079970
357610
25312
284614
515405
520102
125983
700128
51954
98119
698984
raja123456
540639
lion!
Raja2019
787908
476509
266684
71253
288453
027720
933350
779977
922108
416592
Hannah2001
104049
6927
429660
630828
479127
01078
65639
572143
050814
Sana2013
426855
830687
923428
223575
2280
592339
338041
373560
800019
250226
56721
47019
86114
0929
071023
404393
173184
885126
057904
953436
965415
011209
971102
097724
752697
83062
659626
80479
814880
515757
155089
791450
83195
253748
174394
879934
589963
998173
0780
035882
458392
534611
228613
686070
930578
826661
874456
982267
998294
843931
181962
61705
5316
957803
260315
629761
zainab111
809831
486574
39270
623260
07497
95627
Hundred2020
muslim#
350812
660869
089826
233486
engineer88
812174
506319
217800
358897
411213
991848
839773
212751
096558
070523
7356
116534
766062
2172
711733
304458
703164
596530
43547
790383
leah786
350944
571505
346148
373208
727584
537042
799260
640233
754523
203764
ninja2022
882563
837804
64561
150714
632203
07231
225016
289113
58954
275528
731654
528220
714065
700513
37205
672221
634568
08883
212036
480084
569184
1374
935011
898865
924231
22106
367411
006908
580448
shah99
091003
308594
234311
514261
029788
075559
580580
448019
306273
Police1234
653290
529375
314864
492514
243089
58968
337161
217657
115973
955251
39039
Ahmed12345
550275
525151
290092
257785
82019
797478
415536
593538
498652
033264
sana
954679
1038
530475
151844
430045
069718
103598
Queen123
808819
142131
219065
583506
413435
556875
325050
006215
150208
536459
728706
eagle111
399553
21021
342474
523842
014542
911064
992442
129723
884048
011715
Malik2019
232914
707124
50925
725461
052448
199958
28301
84224
448173
900526
469205
245498
048323
613052
Eagle786786
691944
movie2007
624481
449537
601172
061754
974182
dubai1999
599786
026917
145486
teacher00
098516
977955
039292
926937
418286
66185
College000
42693
708202
291291
Raja1999
Root88
675279
425854
828289
297473
264363
743578
303468
546975
115918
61369
446369
280412
20272
982718
677919
705716
000253
41531
295988
724416
911636
838178
394130
148181
772101
428153
Angel1990
111870
351945
25494
69104
741378
108383
409431
121517
250206
125708
975040
654401
882860
245839
126181
705122
029458
497805
Fire1234
60179
047960
122089
580866
Final2013
84637
Three1996
602866
341968
74025
06545
763862
284339
499213
832051
queen77
553971
522896
184679
072336
416735
590337
41279
320980
295306
453783
496188
184195
882761
367378
223223
136312
645458
259798
682781
858473
682374
275396
385660
388784
176220
335258
893728
366883
raja3210
117062
646899
33873
78148
534853
115511
117766
392524
582373
096734
735416
381623
Super1999
533764
28581
121682
29645
951885
881716
02233
541211
76426
644787
310908
863478
220110
3516
364991
667040
90671
67081
901934
434929
290793
507694
854766
065076
92743
82985
07623
101541
34202
012100
191211
Islamabad1234
63357
286616
318494
whatsapp22
461604
675114
299068
806927
201850
506847
258093
276738
student
179839
813472
256201
136433
471922
119460
79576
151679
993091
726055
405592
111969
420288
2253
956923
484770
378917
685707
182435
030074
tiktok12345
school007
714758
090390
238458
935649
627429
083193
939642
897820
613041
014839
770627
022242
422917
94934
738540
Iphone22
516208
023870
104566
310706
982949
92218
218482
3159
523149
78407
78036
061446
064493
062678
884235
50253
978186
6627
498080
11305
809908
055880
456247
285857
265199
571318
479974
06335
173712
341880
682440
474540
755876
611578
720313
Red321
745470
657217
276485
792462
23436
661683
959277
103224
608993
883190
477158
453453
906818
662321
823669
607178
842589
518430
Police22
813527
red12
39053
62083
maryam12
Robert
814165
181192
238249
541772
634953
590623
91371
072710
final2022
287804
774840
7290
257037
62377
black3210
861531
824318
350999
508640
548592
951984
648846
38318
Login2011
950675
310354
813582
403139
085844
789063
183810
727870
626340
seven2001
7032
369094
855789
83825
191205
607486
395032
893662
936628
63462
1980
764115
422499
Qatar1
877118
645425
490050
609411
264000
602041
Demo22
775313
738716
36232
618893
981002
51681
506044
483263
550957
244244
6864
533478
309991
779405
8631
399410
86324
724658
14140
363132
299684
343805
833976
180312
682572
447788
168520
9615
094380
1692
810458
735449
711150
595221
889196
723932
35840
03619
011649
Googlepk
College2003
615923
310314
192874
17920
965624
School1234
401632
Movie69
1761
544940
675235
171160
Ultra12345
406153
806443
644578
618607
116182
968671
092070
279301
966471
030613
39879
525668
256267
904453
37240
7095
49070
92827
614702
728530
1833
443091
1312
605528
262713
935484
423104
689722
guest22
Fahad1
959695
315832
050897
07420
002046
649022
868461
672694
Mary007
613074
953271
116776
772343
511577
608201
644105
394658
190377
Windows2006
10199
251014
xdcc
267872
06727
960784
95620
324929
468567
29134
694331
17374
355927
617078
074690
fahad00
11809
8508
186780
525877
266035
354904
115819
796521
windows1993
pass77
290320
903661
050468
85505
160028
268763
789338
47166
77896
youtube!
350779
Linux@
568733
239591
155067
099814
269467
548768
916817
442178
773300
7545
315447
182105
204358
813604
205469
502172
64743
538021
993564
Lahore1998
809600
Alexander2024
89502
906796
521719
187297
88347
184085
369644
9120
141603
233277
357005
892342
395736
523413
275000
429726
harper12
213455
963215
105578
952204
840048
581130
711898
499136
root111
Harper@
058047
787105
olivia12
noah2006
48153
579920
876799
661188
497365
11396
student2005
399641
987228
294646
023144
046167
534259
721072
684981
53501
476179
evelyn123
208824
680977
6354
898623
210210
939290
7473
292952
905047
180422
898348
28427
587818
567644
712294
251251
500456
89180
59542
048994
493405
766887
289696
156002
981211
768526
598466
940258
915739
749639
5028
554796
522522
232331
329538
184272
424798
816145
415514
634656
886182
124542
562661
10066
393349
766161
131505
431310
554268
645986
725241
347996
342199
405394
966526
252736
033165
667073
939719
186659
429561
super2013
James!
337139
163020
03185
467258
2802
493471
886105
310882
129470
892045
earth2021
653664
500797
936221
33775
879164
651475
hello@
786676
337293
27573
Joshua1996
390313
479941
250756
424688
42266
shah!
836352
82796
926717
165066
362659
Malik123456
798721
782562
48930
714604
12278
766293
228778
444631
691185
40593
605121
581856
52661
0129
512996
69055
wsr123
956439
92120
697202
411103
461197
947661
530387
673013
test12345
702922
027423
218064
samuel1985
881529
840862
473143
930732
Super69
099330
328669
293051
9534
39627
77042
206404
06755
941864
248292
168641
857164
103202
366993
978043
889944
52122
138666
404569
0558
295152
750662
2532
225918
078496
902715
528121
930061
231847
frank123
43022
330319
005808
633798
745965
437701
546546
130217
922603
268147
371778
534974
gregory
794145
396154
995445
349074
891143
855536
835087
763598
063965
135597
363110
909051
241582
368885
859749
306394
610214
zachary2025
70126
460966
608234
560285
Iphone88
73549
islamabad007
222233
792352
whatsapp2005
288926
442695
649209
67949
682143
110808
708994
3522
136499
137929
174647
603361
218922
635294
047036
203423
053669
948904
705375
996974
062656
215776
344949
046068
097812
118305
351285
91077
Grace1981
Mia@
843568
815397
491051
915816
three1234
02716
448162
10990
858957
46109
695673
488488
695937
43540
588027
042218
658405
676390
secret1234
745129
731071
274967
613591
11130
671363
087098
15715
36652
73360
483395
746581
106579
002772
455444
415734
96215
justin@
910646
426701
password2005
77819
668492
423610
530431
147928
895004
89782
685729
365574
899074
871420
Whatsapp12
7824
610951
827046
520938
62972
236654
216722
linux99
518914
776248
873697
150546
Applepk
756404
184965
Elizabeth123
374935
831061
010514
472758
957561
776006
028798
329527
87360
107569
261602
374033
634964
228723
594066
blue12345
348997
371129
xee123
746273
qerr
958342
856130
851114
484935
871013
235499
261415
248765
493240
876018
440638
Eaglepk
991287
root12345
747978
309947
040546
70441
304634
023892
975568
403073
584067
Zainab321
49315
223729
825880
27181
011286
323290
88585
072809
349745
734745
881122
46536
111309
play000
167827
48020
311058
890208
118492
Test2002
334224
067903
953997
40383
00091
Samuel2022
Windows786
532554
632280
96348
463672
262020
129910
023716
15603
716496
315810
924055
436623
hazel!
79450
161502
Blue88
463100
453057
487410
Mega99
715869
579579
310990
831226
896819
1641
Password@
127743
7476
422290
484847
475343
889394
48265
77539
074151
953447
147906
52885
68894
126995
734173
aadd
570152
549791
450362
488587
859991
689744
dragon00
50211
515053
01645
067320
frank!
Five321
824692
061875
549912
25956
16702
099572
5148
000517
193831
516318
606309
549868
815661
536646
030745
christopher2007
513117
013288
580382
737836
574695
michael007
763521
597278
231011
02086
792990
138919
376750
349844
066253
820061
536360
323642
240460
394757
03353
107855
196878
078738
467610
797995
password12345
407528
001364
894179
554906
374154
323004
06174
11914
659428
202708
687335
82894
cool01
71106
536074
785609
Wolf1995
196812
985787
661617
030052
510730
357027
972939
37709
629816
050710
13867
ahmed12
295933
allah111
Pakistan321
368698
473979
947650
904343
051876
776655
85624
Baby12345
020955
4668
237193
436414
student00
619663
488213
689161
664741
401225
3432
458579
69636
672430
609730
919501
Lily!
562870
163141
633908
934857
132913
0101
Sun77
387805
683793
384648
921943
2976
34594
363825
781792
56840
38136
Blue12
878856
raymond2024
026576
08246
741785
71183
77161
921305
612766
116743
624668
690932
543378
808676
Seven88
28896
221958
658702
4356
131205
904332
153087
873730
566456
464277
598796
431706
084557
449757
26138
744953
081147
921349
506154
axc123
208989
781341
Play1
721248
333608
458238
935814
326788
891814
752686
269621
450791
3978
890197
256839
101860
David!
500214
164802
19425
652311
450868
747780
60844
065670
803407
165660
127930
731214
891484
487421
658548
467753
9531
005060
274252
515713
43470
071002
347699
713042
612293
897369
506495
590205
989978
866701
469557
003784
934252
067848
210996
lion2022
64960
346874
119471
google2022
184305
193314
321739
570328
269115
220847
743468
180576
234036
417406
758769
653235
39935
700733
514613
084876
545006
doctor786786
302797
088539
592625
287133
585805
Youtube2009
104555
242726
782859
515163
001210
291269
053757
47551
579788
830709
061006
158653
100243
920414
07357
973159
037521
097669
208186
259160
981431
569778
123585
113179
227007
2010
445698
bhatti321
560329
Maya1
71554
317405
light00
376387
427097
491799
469128
111099
349052
850586
40334
382800
571230
9861
54761
56483
76223
175417
374814
889966
888030
qatar3210
322476
369160
268081
Police786
673189
170290
786093
71932
71729
85855
53466
171205
Fire2011
089375
13041
37954
892771
562386
608839
hassan22
651310
246829
824703
5763
28091
Hello22
363209
721435
658449
093060
594286
204380
1878
382448
6384
139524
049830
859727
935759
237094
609444
543191
645084
930292
106953
922691
311762
122111
124531
40852
160721
pakistan77
42595
788788
316294
49770
725285
9441
404701
898711
070605
wse123
299794
646745
baby2025
902275
457787
331804
098846
629552
709225
546909
147323
331441
486596
487927
fire1985
53305
104654
378807
508101
212652
269588
759517
97839
481173
088451
948717
310623
607992
40404
479644
050457
618959
8733
Light99
599390
957165
876843
85876
796455
034309
2592
200552
94661
986469
eagle#
234124
013101
464211
581141
735768
9474
672199
418891
416229
bhatti1992
04760
22197
Hannah007
566258
151712
qwerty77
748462
512567
137016
428549
Bhatti2012
730994
374143
675543
22008
280918
23240
First1990
828619
83356
184525
376376
139216
557029
883619
Passwd000
admin1999
010899
959607
ahmed2022
258236
008514
411708
742984
52969
1911
635371
209242
911493
64337
801042
485364
946748
80206
862070
137885
tiger69
024189
251105
596178
317581
6723
923978
434357
Samsung2007
661980
702944
738298
877547
127479
559724
Seven2008
53578
Mega3210
948024
377410
965030
011440
51177
87773
729674
228261
909733
850894
965899
191543
Ultra786786
522588
512820
149149
samsung
306933
048466
096701
873147
485562
0255
308759
9051
416757
062689
360723
702438
311201
926959
714395
16100
809281
69888
031097
845438
1848
687478
076087
410520
204644
70098
714329
09478
492030
925045
500269
841500
993971
752213
passwd
54516
780571
726946
084777
First2023
926376
020185
533775
122287
436557
356884
260777
613866
969507
love#
663916
553960
1266
usman786
372207
921569
653103
21238
010857
71890
742093
473011
dubai12345
79849
950653
957209
176517
95487
ali!
648538
Ahmed2003
446226
070326
376178
86898
Kali88
957847
623381
168443
288530
838992
314622
098241
15183
750827
224378
010602
green2009
427086
Frank1234
274340
95207
894828
King1997
976173
8691
912362
050393
254386
921063
583429
764896
660880
950279
301510
66115
340681
073832
974138
Usman1992
791010
13146
158763
786566
750453
912186
170390
914661
996050
Welcome2004
976492
839916
078133
362461
180235
230428
706838
624910
207691
066363
399520
96530
Paul2002
897930
495814
15337
53865
27734
103147
41055
837815
514107
002497
368434
846417
606727
230527
quran000
15225
876447
8283
520630
963006
728849
46347
bhatti@
282040
751388
846087
512897
09569
88088
750464
447744
180631
910668
066319
557788
00392
100749
594308
402501
743303
042075
770099
145585
215358
352880
299233
818785
428978
491942
46823
694606
931733
915695
69580
520190
130812
Thomas1
769549
070214
90174
442618
114620
026422
85183
2559
704616
678788
774631
25760
0180
023276
049555
557205
995522
Samuel2008
763059
532158
714032
445852
118998
520476
110231
820644
173811
912758
592207
477026
Engineer3210
554004
018986
489709
065373
729377
678150
491469
85666
716804
089650
932767
704011
january123456
076967
814022
154110
445445
518254
76790
Monday1
olivia1234
655534
User2000
272074
624096
521961
187880
162096
210226
752114
561836
738573
775654
363803
252373
098252
114719
624635
04550
744766
055990
aurora2023
iphone1234
319187
111205
042372
514558
060137
210626
hussain@
671726
482801
202499
437382
Quran1999
988031
116941
255387
278410
10563
411664
15092
606441
430485
29428
713988
Fahad22
059411
552629
751663
73451
864248
186131
211651
818807
515020
456324
040832
649121
779988
195305
691933
202147
09821
501259
432762
114092
789349
qadd
896346
785840
717563
sana000
098571
162569
226248
428351
926200
41573
999504
751982
675862
86590
020405
796532
872454
120098
Red
04333
756514
404536
489973
390698
832381
226666
838387
297759
139711
326876
535843
January12345
73689
150690
428758
245520
495539
248050
100661
16807
887139
781715
085679
648945
410564
651376
499532
013618
790823
668107
634469
786753
777161
73024
746460
8322
231594
008360
605836
028666
802890
721853
Earth123
windows111
075790
345796
11851
993047
47425
night00
04648
944097
777557
122562
86933
102718
404371
093775
707663
080883
627231
547382
420673
843832
92981
009504
621720
015235
940511
506946
Whatsapp77
679921
237831
624899
313368
1842
600171
98973
tiger2010
546788
096580
349800
999856
650529
22666
72961
06909
08435
192577
923186
510400
566005
559702
473803
99715
24290
29582
210496
784080
301444
561638
568436
583990
07532
login111
dubai99
404547
779009
378257
548438
954173
47376
243969
339009
058498
772442
877976
29484
05257
531971
96460
365310
77714
317559
619971
android123
360162
626076
3036
293711
298683
259523
401764
48769
409365
Raja1988
301785
165605
135443
055066
134739
080740
558657
378686
512490
617155
191017
205634
windows1983
565664
122551
198385
16604
moon77
islamabad69
638561
720764
764500
473660
Karachi111
956824
Jacob007
88725
441441
419749
727837
86541
338745
414612
182171
frank2009
965217
410795
391776
324731
643379
google1985
914672
230164
093962
567391
98140
284350
33635
134266
546403
685113
763202
040359
73220
ryan2013
683507
001177
376970
230905
557942
535315
42294
927025
072677
948761
634304
128249
010190
63917
505912
721501
4704
102894
309144
441540
821667
264418
515801
048136
690228
Hina321
403150
072875
871959
833206
9768
867031
564828
561044
064097
734778
752169
527736
14917
815155
542311
645205
070493
979033
072864
395406
82215
662651
085701
953040
030459
262350
66507
638847
230899
1112
288343
103499
71645
636823
250511
407286
547459
23058
16891
500577
074503
2961
052822
745404
763356
491667
765193
811932
365695
66017
475464
62447
235917
770616
031108
50540
643918
Willow786
65352
611732
802725
440374
091652
329890
4551
998151
682869
08036
Facebook77
601953
424567
393580
566082
803363
070723
570625
746097
748627
461351
548339
958155
patrick1997
870826
637725
9477
664752
51128
Qatar77
328042
648428
544346
142010
573210
727661
836869
882530
68614
469480
doctorpk
894960
10752
348249
208549
136466
009372
872894
843304
729355
407484
141614
6351
905894
513073
98595
819368
619806
Quran!
287716
190426
072996
Usman2019
088781
558349
598092
302401
030605
777447
03864
049808
948728
First
63973
94738
010720
523952
107261
901725
423049
563354
login2016
775951
661606
82474
085789
029568
secret2014
068959
227260
51996
937519
324159
846703
6711
235356
654060
388267
696740
927696
729476
wxcc
brian
866228
19166
517704
781099
690877
01435
639837
009966
068090
537713
9504
linux88
636702
922493
063327
music1996
003839
656304
89936
victoria
670967
97741
065351
College2021
070400
848672
586157
550044
999559
916256
380820
12026
225247
55552
537614
John!
782903
03024
972224
123156
859738
578578
585222
58226
401247
751179
935121
Google000
216436
758384
066935
758274
323235
332750
584518
474991
796928
88487
976382
241384
959893
73920
192819
971938
fire1234
361328
hina1996
197109
273141
656128
29141
577995
401962
Mia1994
2430
436194
112981
030620
208175
406604
King1
418396
113333
261976
711931
63175
26845
Student3210
818796
757262
290990
848815
440385
57512
164879
667304
854436
977922
963512
360338
movie#
348238
Hundred2019
646822
367620
012859
484407
604472
913286
75089
First88
04151
337898
431387
366157
012177
92834
87563
703252
41713
60438
08603
830115
669625
687489
874247
401390
15813
644039
957231
303116
154033
888976
fire000
126808
285131
Welcome77
688985
958892
763433
049632
527197
594946
914056
82572
188584
83671
First00
Game1983
379049
428835
2154
266530
882849
220363
Steven1
762806
65429
608806
474606
156178
78680
050796
513579
345675
706508
22190
778657
591998
293370
414007
282535
057519
620499
229823
Kali1986
924308
sun1996
91756
690294
869440
438933
56581
603416
047674
690239
362813
87164
Engineer1996
584507
606749
646558
826364
575124
957957
170205
433422
queen#
135608
thousand321
680625
749969
255442
043142
7596
110611
649385
825440
575982
560593
590997
Water1999
266662
lily@
519728
Sun01
67928
907709
894003
628067
00840
217294
295757
732765
666039
042053
791461
511082
hundred000
040183
975183
761783
320529
106436
177914
Water000
057101
098351
18298
802670
804727
514866
874643
246532
953821
multan2003
195987
698775
6270
657492
931073
852423
285274
412819
209902
291522
110528
Morning01
488103
732622
250030
188166
172326
928433
907104
641784
441188
365519
44471
517011
Black99
181247
712855
210711
17332
264880
545050
363605
Black
39067
520212
852819
927575
847165
9933
702515
545776
255343
36904
365299
843755
509157
637604
112860
460306
302060
Music12
573650
597520
581119
849497
272767
085624
317317
504680
528726
609862
011000
030205
495935
170808
15120
93702
337777
263934
284042
736813
506550
314919
606881
Michael2007
630674
162074
171072
752928
306031
693440
36456
703560
311124
527648
236269
016940
685971
122870
008613
979726
865447
759308
3090
654159
7983
24353
072743
674388
Three1
733986
916894
026180
915398
170830
912681
651112
099286
January2018
893321
848441
653136
579755
276870
014685
root@123
466433
843689
842644
149237
617089
663531
189123
465597
738969
22036
353683
ninja77
504999
497673
992761
877184
531410
481030
029205
075240
548460
799854
848969
631730
060170
Police88
813406
248138
115852
911944
user88
013607
355971
49987
907632
678821
08960
274901
15540
50351
409607
005027
978395
242968
153923
eagle88
670659
597135
black123456
89208
527824
0399
491436
365904
77861
552266
023353
583176
525756
040623
907643
758593
696454
270108
384428
08141
iphonepk
492173
377003
627451
243045
641740
449284
133529
840158
647141
235081
1191
982575
643280
011217
945065
038093
674014
931095
184360
126049
640926
559416
521092
047949
030635
890329
683980
569437
455499
803044
012122
032285
02793
271854
382932
938454
481635
5946
50071
430243
5418
769494
933658
673563
760254
429627
550473
60137
591151
673728
912395
329593
859914
657877
325534
881639
806806
560197
111903
988647
Black12345
991551
554202
023430
907016
student123
808280
254243
678051
781693
990462
566445
317977
539066
269060
658097
151205
664004
479072
297748
8952
709082
741059
january69
663366
82005
708543
ahmed2021
59486
30408
667282
15477
050424
739706
604098
160710
60053
724152
049566
029062
70490
157762
671594
720423
199650
400972
069971
581922
was123
917411
156717
06321
79877
57022
243639
443564
21882
850113
277310
0704
545886
859199
787160
31794
27594
784674
136873
394526
170280
067155
069168
846076
917631
15589
987338
4986
136983
24668
984797
356917
835725
400543
364474
101651
30961
585178
041899
898997
960333
985556
614427
380556
886424
321893
076164
102916
534842
012012
258665
311476
957726
793947
714472
632533
703736
002255
Instagram007
349492
418374
701118
523083
299013
628078
207548
429242
451572
056705
465355
786951
453585
351725
564146
349591
one00
427768
youtube007
606518
783442
419903
108207
459151
270435
225225
096393
727397
Black01
256311
7170
96124
290623
345389
lucy007
877690
046827
077110
67641
60774
505967
203104
878449
868659
851213
Dark88
961224
olivia2025
sun1234
113674
473308
804133
663762
236082
239756
792341
636064
115676
89005
158125
472439
742258
041393
348579
865546
92666
04732
87927
542102
726451
491513
chloe123
652234
776842
224169
420816
hina2004
Sophia2016
321244
778272
33222
668855
760760
q1w2e3
219967
226897
login00
613789
020713
333102
290488
736186
654566
063723
176616
lovepk
982817
138963
932250
Final2008
452782
667964
306163
574321
091850
605473
413358
460944
henry1982
28861
405306
62860
500929
Blue
415294
569019
561286
616407
887359
861443
095260
29505
721732
Dubai12
901439
78708
029656
955592
714186
424644
888954
815683
289047
329901
543521
044429
play123456
609928
790449
545028
matthew007
742071
577159
340747
216469
549769
104203
837793
383086
464596
648923
382041
525008
137720
268059
music2012
32767
378554
606012
279345
Muslim007
631103
186560
373461
071016
556237
381612
230516
5670
749243
327767
476531
010599
309133
Hamza786
190117
demo2024
915233
714868
618827
143352
130504
9591
103521
840455
390830
258313
538659
85092
49161
976558
8589
035508
353430
Earth2003
002475
157619
170723
681274
551188
701206
163372
997766
048125
83636
412566
210890
Lion69
943888
282315
493009
39823
18396
673035
240262
357423
877525
Hazel1234
819379
937035
941501
784289
251017
3594
896687
45906
050920
845251
607024
316602
838266
1971
Kevin123
365585
857373
270336
645942
318010
914419
welcome88
385286
18410
230263
326293
6426
35679
9075
812559
185493
755535
511918
498641
449361
46270
801603
110319
Peshawar88
724163
Justin1
05229
866657
949113
154286
92701
198077
521070
798875
504383
453222
904717
788084
081554
597267
678403
795146
085426
822404
155287
345367
160611
778481
445566
282612
486002
319143
929071
203093
844206
891979
maryam123
374231
482636
Hamza99
523105
637318
15064
630905
62573
343926
563640
524733
111177
325820
249491
801636
07161
670571
071533
747241
324544
466246
448547
061435
6078
975392
075779
941996
462066
755887
Music22
448712
260062
822173
564553
573551
327470
328867
Hamza2022
343024
859353
803990
514382
630366
66794
313643
641850
929698
161172
10542
baby@
85617
131096
190146
448932
760507
971278
038940
720566
98490
281127
Willow2024
406835
126775
598895
951918
751003
162195
752785
050919
noah
866437
8757
702889
974611
431662
888734
911559
884818
504977
421520
219637
483109
294899
255860
700491
42987
46711
995192
011583
177727
044462
457611
612414
497981
914452
508112
976415
28525
087131
329769
93275
659901
557370
966933
197054
485672
453101
397991
882090
946759
875094
242660
sana2021
979979
393195
051711
817663
89733
719653
Five2014
241769
216744
400774
501006
335291
513942
Peshawar123
635657
824186
466895
826067
353155
74753
89271
972609
school99
10325
327195
605297
asdd
58338
875974
718916
820358
237325
711260
470580
025498
754732
asdf2025
786291
9492
584661
021912
01057
922064
117183
619399
754655
630993
017490
38472
775698
Maryam2007
013981
000770
five2020
682451
295537
285527
34510
80647
3756
842006
622325
014861
066528
044022
824549
386980
858374
Christopher1980
885588
825924
721831
67970
438438
447920
819280
6111
525954
061930
539132
89894
788821
590810
888129
458502
804210
556391
685311
536767
430089
216128
091465
848727
121737
danish786786
073700
118052
429770
19012
964799
487135
833591
2514
493394
google1995
784014
974457
259721
Red2000
379313
256740
792418
981365
Ethan@
99197
622908
Four123
870606
423192
875435
352099
688765
461241
6459
238238
696795
Youtube01
370843
2013
325127
36435
587983
966130
390775
218790
4116
Lahore2011
Samsung1234
50470
822481
mia2018
298397
398541
439263
509531
580613
99981
957759
25263
631796
587290
666457
04473
922790
829037
523006
098395
02142
610599
208615
angel00
35140
974600
580338
samsung1982
828146
983719
402567
812757
793749
062095
781616
739024
568403
786027
087934
89719
130926
812141
318373
095480
617727
623788
978967
818653
678491
120208
209836
738881
649187
Master1989
860761
46340
578556
410190
674245
007337
205700
142967
385176
Muslim2016
274934
39585
086691
369688
08771
india12
Sana#
893255
075460
43645
Layla1234
183040
742533
020339
163449
760683
140437
013266
500379
903848
481899
003179
ninja321
992629
091520
82012
047443
378598
994378
7755
110711
002090
Nicholas1994
17808
867427
178717
48881
baby2001
998602
839740
Stephen!
800910
834515
034232
441595
291401
055539
428406
030711
011014
411950
Welcome3210
95802
Ninja#
687082
233343
154352
74095
337821
654764
65541
928521
096668
21546
964733
270326
Imran1987
041657
000968
626813
340241
32032
957605
513238
test007
077979
324049
339174
118228
206448
031383
151965
714230
442728
273570
374077
503250
31150
071962
158378
681538
Victoria2003
708191
093401
Apple12345
402347
390995
851972
96936
8118
george1
pakistan
315249
93793
343057
368819
981926
6186
141757
21476
194315
551518
048048
00434
056562
258225
Kali1987
120571
602107
547921
316954
134640
17668
710952
97923
27055
170654
141669
201179
047124
749793
750035
5895
301191
43589
56686
adam2020
Samsung22
47656
63427
87206
271755
ayesha123456
12894
216458
220836
128799
142714
184349
783134
069795
661298
63525
418154
447579
759297
92918
247489
63028
870793
131109
517605
484308
Pass12345
922438
672353
944570
360184
33565
627187
648252
997634
imran2021
698885
69321
635547
730697
291610
356906
107976
2553
Three00
835835
004191
459195
626043
258368
219527
217140
01183
354354
212322
467522
95060
438361
2409
khan2025
337689
788667
933922
181434
522973
94430
134090
779163
noah786
614130
327965
216568
081356
755722
975007
495209
715231
317273
682495
768955
860134
420629
407869
469425
987019
539231
360514
374220
240240
207075
701756
33201
033946
773421
Android007
ssdd
460768
269731
991408
429539
noah007
768559
201762
570955
065725
jacob1991
2235
400532
520234
56518
223069
496012
914375
397397
Richard2016
322751
83202
994367
536107
535524
031757
Lily1991
663575
656139
013420
390214
002134
24689
664983
165374
30016
718212
989560
320991
177364
217734
Peshawar2009
930699
681659
049951
614295
Justin2022
2703
275858
800074
7353
118195
raymond12
682770
2718
496133
074470
759528
39543
54005
978472
639958
502293
119768
113971
59262
85043
569624
Facebook2002
696938
038489
838123
294349
525294
937046
464530
222321
096030
083787
613107
779031
105985
835923
807081
717992
397694
637252
6015
295273
753918
207438
365354
880451
349228
705903
708818
471053
028974
852808
724031
red2018
829444
379115
473220
764093
751784
365651
063129
919534
dubai1980
Shah99
hannah
190508
Play22
954481
822800
063503
711414
116974
241010
49399
909062
270196
726748
111133
043065
643302
561033
702372
509025
629310
69825
ssrr
082775
183007
Mark123
jack2025
380644
456159
327976
377201
410960
267476
836715
92960
975326
0876
393965
384351
384769
Instagram@
150620
912076
212894
931876
anthony2013
558778
40257
561308
591943
590744
560021
android2019
47145
87437
182996
428934
818015
378873
914727
223256
439945
213180
Login1984
18634
832117
fire1986
wsc123
695332
318736
045441
086482
944273
Joseph1982
210105
baby1991
Student#
09436
300113
132407
43085
881375
080828
866910
372119
6321
root1987
quran786786
111562
353738
163548
589864
964326
800591
60697
375782
715583
729784
001837
334257
788865
533720
400136
186901
796499
118888
589336
233299
776952
737132
788502
587048
840598
418990
856603
859529
monday69
507144
56448
789591
813087
659736
125180
190542
qae123
70560
703956
557634
963864
710116
837562
07399
811800
248589
867130
305481
98889
11438
620532
63728
920304
437965
xaf123
828234
893442
486288
067892
84035
148049
391919
853457
992123
999713
269225
Emily007
Sophia2010
002222
346632
46606
063569
secret1998
87703
558635
838805
255948
359975
14336
560230
4038
534006
719125
usman1
997370
087714
97132
95193
9780
19712
960520
31703
125378
6822
engineer12345
829158
040777
14896
178189
Engineer!
361108
090024
emily12
dark12
239338
445533
156420
776974
644798
343673
922526
511687
07028
534798
39207
567105
032802
541310
979286
325325
701140
176275
337667
65436
476553
052437
361779
66171
3744
50337
60669
james1
516098
223894
9540
454586
599577
414799
180785
582890
Adam12
25753
914254
75425
147477
70189
374902
612557
81046
218680
425898
86268
359909
920348
233398
809754
894861
235004
170621
664158
324522
32935
930644
404921
26831
189772
daniel1
659450
482075
763917
96243
82656
964909
21168
547338
26803
481998
1102
770693
Omar007
452793
348898
509784
806608
357093
050941
551397
260469
61551
890417
148346
529232
one77
743919
979385
754072
135685
329494
044253
853974
69972
77469
700678
787050
Usman2003
912516
099418
788810
976833
486277
94353
519640
659263
fatima#
631818
051997
944009
873158
Movie1234
490655
995940
964876
951555
530893
154946
617012
780406
782661
941523
95228
679866
767140
play22
502304
721743
4848
303699
870760
295735
mary786
99071
629387
78120
748638
419617
049929
389312
382866
739178
544511
85106
29113
84077
24444
One69
732820
230197
530882
61201
036938
193358
44856
095678
334026
92246
58345
512193
30576
837375
702339
662431
Two77
266695
222728
44058
832700
9192
401775
239778
792187
338415
322179
676346
221903
041041
722029
323488
23128
two000
636922
660275
Instagram1984
Chloe1992
144738
446435
618112
129118
05264
810139
404877
77098
351076
Samsung123456
125972
332838
102355
375694
664070
901956
140591
399223
School2006
Guest2010
958287
jack12
142373
159940
371800
993784
39480
176737
091020
16681
354552
150084
566929
256597
870859
311971
MONDAY
0471
366058
3732
705837
091300
591954
142208
186714
Light2026
971828
171117
424325
994257
440242
179377
36624
370491
058245
914749
770913
hassan99
448624
54572
780307
Raja123456
479886
412599
445599
210402
root1998
001067
483692
077088
837716
398596
january12
128381
681703
501369
227535
462033
840895
301246
651827
199452
230604
339768
117645
547393
919622
232859
615307
204985
306020
714439
740531
52465
954151
73948
Malik123
wxe123
178057
30723
751718
892848
835417
008085
Quran2026
988823
128315
594902
664466
013893
657965
226237
984291
844008
223212
959035
678557
545292
888151
941028
673827
571527
776622
237622
952765
538197
3282
45913
286979
3106
784311
Wind!
57519
230538
937783
33355
2352
560384
788601
313511
248215
053592
samsung77
887887
726550
083688
013519
419353
828696
Nora1234
81515
795333
117238
604186
714626
303930
934923
314677
150723
690888
Demo1988
544698
717222
Ten99
878262
362769
332453
828795
467291
572616
349921
782694
08421
975634
61775
468017
34426
mega1986
089419
929357
27727
616605
Hundred2006
89320
467159
731379
3795
102806
578930
070920
859001
975810
Amelia!
430804
20237
010202
107778
67242
475167
152108
388036
933218
454597
bilal77
995170
73129
229900
915761
999999
825253
768724
936166
Sofia1
722755
Light2009
209913
454190
Youtube1996
110302
81053
648142
382272
380875
813912
264275
49686
565345
280434
091008
465718
588522
74872
eric12
Ten1234
923527
44695
079277
093984
477598
234630
Jonathan2025
944713
QURAN
700150
53942
291819
871640
917521
243562
2265
720390
765248
86422
057387
067782
045573
470646
971377
864116
969353
master321
083303
729498
381007
pakistan1984
710391
231205
724460
588390
939565
470085
Usman1985
410553
067870
57890
982597
198440
931623
803605
316393
Water88
240955
113267
502854
Fahad1988
612821
53781
8472
5970
606254
615956
586388
0105
231088
215182
32613
882585
81291
537757
849233
37044
Danish77
60354
739332
813417
18655
923648
548801
884488
253429
4761
84693
955581
091597
037587
030932
429363
687357
0319
212883
014025
727518
459019
38493
436172
317713
000462
544709
027489
201245
625130
426327
stephen1995
031449
559647
353650
136708
424303
621313
48125
Student786
5070
15407
664444
772717
89607
365827
Tiktok1999
3675
524348
136928
605033
46592
demo22
832546
759572
966185
ultrapk
232617
954107
asdf99
01848
228272
61047
instagram1996
60228
273768
717442
68313
050717
535920
606155
380908
897666
891517
095414
101046
709236
14091
396649
036201
892430
777909
25942
294008
807499
446325
454707
305360
32088
034463
M4ry4m1
647614
932195
809446
1213
237699
635272
165220
935385
793397
820336
583847
014652
559922
559317
578798
Earth01
513535
108163
805794
36617
881353
585233
Saima@
8025
hamza2001
879010
644567
498586
023496
033704
91581
013552
250404
778195
191081
hamza1
0840
520080
Four12
729311
562859
311729
Guest3210
339592
046508
0110
071819
475002
359040
fire
72345
277750
21392
hina123
306130
875952
057607
753643
890714
956912
249920
128425
16905
383328
379456
5766
5547
245696
569316
924990
Pakistan99
575377
772310
two
212454
550616
scarlett1992
riley123
854425
250320
Queen77
one1987
560142
94276
42434
858770
281468
615593
988746
Anthony1
107338
455598
243111
997733
070719
517264
365090
938674
909326
061589
538087
605825
violet2026
210823
259226
804969
130314
588995
376816
893882
741961
568172
mary1988
asdf1
fatima00
245553
046607
553872
597256
522346
199947
616946
638539
960344
230890
230317
159478
28623
248083
06993
667656
Steven1996
503514
585959
269148
528495
342639
youtube2004
716243
217393
959002
255992
308880
722535
086174
05880
46375
346357
125433
4023
090190
096998
41874
6987
Love786
play#
4173
434841
258203
524271
14882
200772
279004
576818
067716
310662
337986
647031
079607
562144
488422
61733
906708
582923
46886
99316
fahad3210
230593
249117
918456
589688
731995
073777
937189
039743
545369
1425
14161
doctor007
879813
477224
616044
488235
24871
748902
76356
132385
Music2019
451649
302599
329362
177606
481404
290554
386243
267135
606969
3993
405867
072897
834427
846725
042757
207163
admin1
564674
221199
817553
478082
531927
466510
646272
16345
54845
382778
375793
133265
Elizabeth2007
492019
22204
76769
157190
551859
2751
319407
257411
778536
203544
099341
2337
016192
598983
7794
910305
807752
926761
moon786786
262680
313313
645315
845592
835274
168817
Dubai1982
068805
033803
Danish123
657228
291566
622688
357049
208142
489852
045749
270114
118580
53417
152141
68810
532499
471999
570064
107668
74200
90300
608553
260711
29218
766150
402743
768867
943701
557667
540551
022979
110693
46116
697279
passwd786
Demo2024
663685
347171
131026
456115
849244
447986
test1990
242473
226193
210441
956120
42469
685256
186164
182292
396440
12404
989329
296021
531773
356455
076142
026697
912010
17199
897292
512248
75754
George2022
188067
522489
835032
824384
217371
657943
763785
326942
729905
5496
175010
38444
73094
User
005544
hamza1234
956032
998316
952138
524810
454784
37107
659406
298903
119504
536932
bilal007
947672
95809
292556
980419
341440
030526
Bhatti1981
425381
play1984
One!
abigail2012
436645
589677
030437
859276
90258
423489
030877
189805
003718
005192
915156
977768
Sun786786
537141
39081
147983
794695
Lion!
758626
767459
839531
login2014
125246
100969
614999
Malik01
39802
203170
362901
498245
624415
7275
College321
189442
501138
538725
123530
62097
945901
489500
65590
075999
539385
383724
21728
005753
Super01
615989
704022
hello1980
662948
903617
099165
834900
Warrior000
289773
965987
52416
753621
155804
Red#
Multan1983
825088
042724
856328
Whatsapp1995
Joshua1995
288255
194722
314611
hassan!
164692
869363
227315
654665
950004
35553
488147
884411
35427
87367
984995
810821
620708
018051
092983
doctor#
463595
Hussain2005
1446
429451
849849
132066
570713
147752
linux01
46102
686807
193402
820490
561891
401071
687687
43393
375639
757977
543510
897512
384373
504900
158246
879791
36981
476663
806795
455697
270721
48447
090608
892166
146652
882596
261107
passwd22
706013
379104
638396
318021
120505
759671
630168
474639
4815
733931
623084
931381
952424
589655
425810
669977
148951
671539
335786
230461
273713
765699
556556
402732
f4h4d123
660374
046002
673475
764434
608795
540540
177529
196988
423258
890857
051887
566203
583561
969606
786940
willow2016
663454
04165
974490
097108
833756
506121
270193
086669
224147
81354
167266
9708
249095
459481
98399
129184
110044
315326
teacher22
398013
062425
639089
093291
415932
881133
528605
58527
275946
499730
Fatima2011
10507
074063
856174
474793
573166
one99
901835
745910
546887
332079
616000
742709
234839
346885
406648
937651
214731
19285
paul1994
80374
090193
49840
983664
127798
933075
862928
917829
40516
733667
Ninja786786
525074
Hello2024
51982
833327
30443
336710
62391
689018
000264
889812
Instagram2019
842237
83377
869803
724185
30324
133353
261459
655039
715385
547360
073062
86226
465443
0919
zainab000
100529
394900
381491
223982
705771
104918
080476
447040
321882
816552
201355
622050
73654
957220
447227
314083
54453
39228
485122
84441
343750
342573
74046
Engineer77
357071
176550
final2011
174801
747054
589479
734833
879593
525888
826408
730939
553234
717937
178475
742269
48013
141405
327558
508233
24633
298089
908633
142736
pass2007
961114
572671
3372
01099
68978
318527
211005
277068
097823
736890
193204
579315
071621
274604
42252
323796
856790
159863
505032
362340
632753
45752
735207
794640
430056
292974
616352
299519
53837
468281
878229
498234
664631
57785
979110
718047
747307
88354
781242
282667
054923
010340
075625
944317
762817
755205
419199
982883
541475
491601
327283
478016
767283
71295
219384
867284
763092
661243
270617
M00n1
97678
Three1234
766964
207460
925749
328790
71904
508805
941259
200574
209935
810238
588049
sana1234
132033
415899
78176
007381
400675
imran99
09156
568326
533236
349184
469315
239349
Fahad!
437107
646932
699402
496760
demo123456
688193
323257
007227
546524
712162
8871
703714
079387
Paul2013
039116
135058
496408
72842
814407
019316
874115
75530
092411
442849
447524
701921
77483
010690
846582
887249
ahmed123
Engineer321
576642
130405
malik111
9558
Five69
887953
93058
745877
master786786
170199
387860
557766
74536
333432
khan
924726
082159
622512
82726
065131
40831
044121
671616
264121
1644
862521
89285
225533
090920
876315
781055
Multan2015
945967
133793
821986
212608
739134
939334
847187
990825
108911
774543
289839
069498
510202
Daniel1998
380996
61124
984071
271810
127325
00994
610104
845207
117788
122639
052789
904772
Love2019
613679
848782
891385
601986
074448
06783
985391
818675
12152
198253
612799
399905
950928
227491
375353
morning69
25564
363528
857879
India2008
300641
130383
084546
53228
0629
290108
73066
049192
713856
944394
thousand!
191466
822239
644402
allah2020
161623
PASSWD
244574
two111
591250
26705
464013
553256
548977
890153
079772
935770
669735
393866
303149
981321
010905
487366
367983
825429
768636
742445
125917
441661
20069
197659
749397
839014
598532
649913
724900
935363
803517
india2008
926442
8151
299343
939301
373527
06811
810117
michael1997
Moon2016
554257
379566
570592
05565
555412
817762
93457
482284
47271
qxee
582857
blackpk
929841
969232
774532
464838
40145
41062
196405
948090
186494
311202
292347
696729
356224
945274
37156
410124
539506
370887
201575
021318
Ayesha1
528297
546557
879252
320749
742995
471383
291456
L4571
281490
056573
king22
823119
400719
205029
766469
448008
Morning1
08190
286352
549340
62111
527791
1098
920612
202752
817124
024981
043879
946704
935858
462451
500500
05495
898733
79072
85001
211486
797709
594451
155122
322696
409948
626835
Dub411
20615
855184
768075
992112
854029
314644
427020
260117
611105
167750
271491
428472
327690
738782
555511
12180
last1234
67235
700018
704209
99379
190652
brandon786
252340
391028
764786
093951
259039
daniel2026
471284
ahmed2008
170247
988383
733359
026653
058685
Wolf2018
75180
617848
376893
117854
22302
imranpk
634326
974952
614339
808093
135817
902594
83713
145233
628969
437668
661650
29701
773619
069278
317130
271414
264033
750222
297077
978901
473990
492382
690063
756734
998778
070653
293678
284207
82257
956604
937706
735823
794057
705188
829928
821458
933438
734734
253759
537240
356609
308913
974963
Fire77
526383
441870
176473
290565
785136
193193
0703
Dragon1980
801460
34335
760562
215655
325369
090376
03423
304975
13636
223707
85750
819247
562452
110715
358886
914353
165330
984984
354244
799337
730532
390522
694738
616099
216403
537273
82285
87031
824868
769791
971806
105589
021857
29253
906224
082467
800866
19929
581559
65674
595848
1449
520003
212509
685960
401082
41755
615835
256828
794662
722502
584265
525844
846923
589149
539088
293381
173635
539363
guest123456
378818
movie1997
77280
Steven123
704748
695244
raja786786
adcc
071225
529881
628496
416251
275891
620026
55314
multan12
700590
255112
007513
619938
355905
03969
fire22
100617
477818
667788
kevin1
314446
Login321
617771
058817
086394
023672
074008
198594
860739
839883
264946
Cool2013
Zainab1980
409849
800646
52276
01141
743479
349448
852434
154781
787446
673101
816486
580536
556314
318934
492052
862532
66808
240394
Mega1
090323
04704
986227
778778
passwd01
water2003
298892
69139
30492
635976
064064
44450
624624
45255
86989
029106
424050
375991
297363
414018
643544
457985
155628
015125
644391
Sana22
48531
182666
689810
567006
513502
15799
668305
08400
856592
74683
Star88
017688
216612
416405
213796
Sofia2025
3615
379709
550814
38619
090805
471878
094292
52346
562936
495429
993256
561110
503767
075097
328460
346115
932074
5487
802087
220858
075350
002838
349096
234828
524403
369380
134596
146399
609400
060104
578633
072413
76412
594132
258335
720720
Moon007
507870
8226
959519
530794
Admin01
288706
606705
170826
224862
464233
055693
Bhatti12345
3840
100078
2912
215039
40803
670956
464365
Teacher88
122320
213829
root
852148
929379
587730
419419
wind88
325941
255816
43666
005720
856900
172062
847858
955493
343816
124960
Light786786
11109
895048
046046
7563
924275
055077
885665
027764
603020
20090
027269
601117
976283
078837
942238
9429
921195
586432
010142
509069
379247
kevin007
light!
160501
999537
100122
804914
051568
722183
145354
025113
Passwd88
862422
026928
348018
470547
620367
530178
052008
830357
299904
998492
149930
269720
945516
asdf123456
113586
95445
773311
048763
677820
801097
034155
837903
073095
456434
61698
370282
365409
11151
048741
110299
965371
875391
973104
419177
seven#
Two01
385517
616583
069762
051964
211190
844778
191631
424490
005621
7167
588874
179366
40348
745140
430254
060379
221309
8874
905058
747428
441738
416790
270083
601535
444103
warrior12
603086
384241
494483
009229
hannah1234
91777
797038
264253
453772
423423
4899
131252
668811
87346
imran77
792275
632709
554609
757174
266904
Qwerty@
282513
743369
611248
372944
694199
752059
413864
867603
993113
004422
831820
271403
Google12345
Saima2001
347215
565246
401753
090702
92309
504229
566115
537603
199518
956241
012199
328295
730378
852874
452540
929236
170357
255530
259501
545787
36540
920887
062249
790999
326249
568282
142142
736549
761893
059103
801834
733722
682704
649033
472868
687808
896181
240009
five3210
81543
qxr123
132022
584100
maya1987
247346
15l4m4b4d
Four!
479083
635085
711887
baby000
26194
Shah2024
084469
226314
261283
184250
662871
91532
441584
036278
1003
628628
946638
154418
06881
776072
132253
305382
849112
723349
000044
883179
343409
72107
939345
175318
46585
88396
845889
057574
music1985
853006
861256
634865
361768
091205
Police2010
026147
186505
003960
314930
037422
368137
337843
89964
883223
93387
1410
121242
964843
739948
asf123
5463
181621
709148
Earth2012
679756
87745
150699
481877
186923
122595
662574
408232
919600
182534
Christopher2007
95557
853226
787787
758120
833987
290826
475486
292336
05446
267223
651211
817476
doctor2012
643555
807213
750981
30667
826584
018832
458293
796356
283932
259963
075669
009724
ethan007
524645
910569
287188
1674
277167
464486
51121
642840
007810
127149
818972
365200
548471
404448
89334
428615
50141
208791
031559
509575
572561
735834
413468
859210
910679
199980
863027
223663
791846
132891
320441
058960
905509
041756
150557
241340
525580
617738
270614
044231
0852
418847
219813
698357
26425
494538
423764
689898
960476
84378
955427
221672
king@
557315
cool@
Bhatti1992
425469
630003
07469
735009
932041
18984
41860
132715
43477
418220
295504
584870
658636
694133
074536
531795
280379
686378
159434
265870
230714
630454
032912
964238
037268
114851
422147
110143
607343
485133
9099
seven2023
741609
537449
983653
morningpk
738397
08505
539792
Hannah1998
854040
67137
266101
589699
607662
583638
134156
128700
928598
592768
Google69
605693
995863
love111
215413
264077
621599
197296
940060
529221
660561
707410
27888
098835
408782
852379
943998
823141
162294
peshawar12
maryampk
600930
724306
33726
900581
052404
786049
824065
Doctor1984
Morning2004
793914
314600
036575
012034
725054
023034
818312
000176
668712
424369
091564
057596
778811
665269
201949
702284
416273
050196
861652
258005
597003
600292
Hina12345
534116
376310
277937
391644
959057
281006
Earth12345
423390
197571
079640
water111
508200
065197
brandon2008
4155
358028
71687
170753
004367
violet2013
422378
044418
933878
272096
facebook69
362373
088363
472318
057849
0217
298870
256289
409893
974358
063745
857637
629068
460856
214874
270611
270699
205854
hussain01
143462
King88
79709
464079
953150
336358
029931
636284
824230
147807
819104
539836
707256
644919
491909
99057
582362
016104
102839
830665
571076
032769
741708
220770
Paul1989
068222
413567
100375
708697
437052
592152
109901
784949
146971
751146
60095
749650
473638
085481
Windows1991
003058
92064
jonathan1998
359183
473759
309507
832975
9273
681450
234696
766689
554059
765325
098010
343431
544555
952237
265210
199166
Ryan!
youtube12
665335
882211
690019
806157
Cool77
947562
959508
689733
49273
746856
412346
538032
313676
37198
green2011
502128
927806
44338
944020
424149
093456
202576
773784
769769
512941
041415
850905
074426
19971
626395
223498
339515
02779
705694
979484
618123
906664
901648
603933
323202
566291
mega#
777667
70161
051403
221463
465740
574200
881199
974336
27356
487003
987690
welcome2007
362604
703351
639848
647867
792781
296351
071555
723679
618013
158884
Hello1994
153538
778470
401676
945472
Root1987
mega786786
945219
284218
08477
3819
848474
493966
three000
063085
422675
843117
598202
604032
qsd123
800327
683397
554477
ONE
earth2002
389268
217316
559856
Kali786786
437162
603922
088132
895444
150996
School1994
615131
141680
310079
358402
90307
365860
055770
550649
586025
56959
362615
35224
176099
972455
489995
115324
136554
210990
Dark00
aass
448228
309584
267916
Master#
119240
365035
979858
192599
03010
709841
838310
895455
468292
591371
868934
green3210
262757
34062
538648
739772
252219
043197
110407
975645
874654
702680
336380
604604
695156
630520
85981
Fatima1995
648703
783519
093533
20482
075383
987602
888789
690558
868879
230945
552233
28084
952435
795586
78883
552332
670692
Malik77
986128
495341
801130
82866
336721
463309
979517
516516
194865
634832
647878
90818
878273
800833
73759
774686
586465
022671
594396
165154
955141
171875
758571
696014
131285
483879
04949
School77
108658
059730
883399
069157
847143
33271
7806
000495
571439
798083
111243
606375
187220
630575
522401
945076
Doctor@
21343
768471
934681
810744
93254
791219
566599
570691
250414
858077
043329
768592
920359
102762
916916
782518
409002
Hassan2006
331243
88690
Lahore99
313401
03101
471801
36995
553729
750145
15792
302324
444026
111980
556468
328108
452430
857560
49777
526713
074844
736615
685982
635129
867526
782078
471339
Login123456
546172
020427
159819
aar123
riley12
801383
584045
412324
169279
1062
117040
111193
996996
Mary2015
111463
49385
157377
167772
482790
504867
810326
shadowpk
awd123
475112
612491
892309
492481
056034
230514
515317
625900
Bilal3210
566247
603845
331408
006391
409750
354948
099781
459030
493702
388487
439637
India3210
929269
232903
845834
180741
071632
164967
271106
387640
007590
27762
859089
089188
072017
02625
1194
032142
329043
waf123
02436
040997
54334
999548
229218
626802
579227
939312
maryam3210
228283
440495
Five000
109516
zachary786
674091
111120
842787
898458
two2023
186956
Wind1994
426888
100342
758087
467665
Karachi786
289014
422818
225907
671968
160534
013222
862037
904288
067408
734305
93674
740619
52185
Leah1991
592790
461945
Cool786786
004983
692450
370755
849431
690998
Richard12
8463
810194
638374
645337
807378
598928
99134
413314
888712
292864
889867
882783
956483
509212
633171
863764
553333
130284
646580
January!
936419
emma1995
200882
432773
943415
00532
116006
259897
915827
m4ry4m
password2022
962555
778096
125873
279719
648274
579557
376420
033979
132990
394262
Hina786786
003212
477257
163328
48762
786005
Shadow2021
26530
44093
733700
222354
315205
336237
626461
094347
812966
187715
092367
50547
596112
576862
january3210
Shah2015
015675
030808
450505
228690
shah1987
898766
725263
394460
433906
017776
191411
139304
52696
547096
79632
910107
82803
ten123456
098857
773751
017226
facebook007
191020
487905
fire2009
047905
doctor3210
140096
864193
723833
82509
102267
091002
839476
270215
720478
82264
807829
040810
791604
52227
995786
927102
190740
550770
644369
689601
447436
140151
775676
135674
825154
196713
086493
75740
130526
408529
292391
469304
239987
016093
John1992
499356
Saima88
90867
442497
404580
704286
074756
258445
85064
password77
740036
846307
904299
761838
155430
Hello000
351131
470712
486200
084161
764159
wolf2018
934373
270292
911933
29274
612348
132660
336369
368258
730356
secret99
806223
66269
840686
Hussain786786
728673
18802
230214
Maryam12345
289146
4593
440594
298782
036817
364089
57967
88662
361053
430661
371503
302610
430452
656282
432905
553113
788997
353386
Nicholas!
917697
845504
723690
150317
896027
045672
05215
365101
854161
391512
512578
677754
25508
72877
864941
942392
90027
141933
37975
527758
637087
330572
349349
250708
554499
18207
212421
11529
928532
520806
51240
935473
127853
114433
038951
school00
328812
015642
828740
090013
220187
472340
763939
089463
452155
447205
254144
579733
882420
363693
994532
444488
332299
0177
460669
544071
andrew
527582
501908
851422
335104
451924
f471m4
87549
464057
255431
716419
562595
545039
102366
10178
086955
89222
260392
76034
821920
850498
723943
715517
310464
star2008
056056
426129
747131
263945
059235
928829
152955
218361
295405
370612
258962
806663
615461
847748
764720
585981
735933
316580
486717
605869
227799
262625
79688
132242
518815
098483
660583
172139
424545
2334
681153
408309
502788
462220
142527
applepk
477774
Richard@
90384
146938
58296
070125
894597
836682
653169
8094
983994
611864
728805
068398
04298
1827
862103
052679
618585
809050
766711
063712
Google786786
384340
77175
578039
622985
903166
335313
102784
582098
821997
44814
430617
343651
7143
2805
hamza3210
828784
475222
86086
797016
578919
235763
188661
631983
Lahore1234
996941
312664
753610
031647
591382
Login22
049720
240152
482097
166375
833393
62636
wdss
96096
960960
056628
3153
384395
571637
149204
50288
989153
971586
202774
273856
087868
565642
f1v3
830434
010205
478214
545281
788568
895103
083512
801735
73500
314633
884191
483714
whatsapp2000
926981
711062
Bilal1990
636636
152449
640134
50134
044517
613481
214665
139689
379027
693528
583957
501512
13804
98532
060236
460735
322652
860365
887117
308330
848188
899118
165539
215941
Nicholas123
763950
facebook1992
735603
553542
756943
599016
044957
574222
885940
470987
play77
553597
88753
620642
54901
967681
Iphone1998
623051
two1994
678623
235862
647779
338569
560648
21399
489456
747989
017083
691702
472670
605968
591261
712327
618541
693275
440110
leah123
048917
34783
952732
904277
590865
250734
38234
376607
831083
841742
514195
760474
584287
07196
418638
464376
747032
02660
anna1984
248754
271214
292446
20335
80920
023969
280071
97643
865964
4803
449878
438537
280203
753599
18130
020999
629420
930743
507848
454410
shadow000
770176
732182
565444
three77
f1r3
360712
646646
227304
warrior@
260414
277728
James1983
297924
Multan69
066781
357951
king#
05089
862785
498179
623359
030817
34993
110602
141086
189816
28294
028743
546997
855679
733843
420970
953183
902781
331056
235785
916245
371822
582945
452375
451682
034650
297451
603328
758021
010087
357753
432322
979198
pakistan2004
844965
154176
89740
071071
884631
748924
802351
335709
216326
637505
9858
020515
790636
Wolf1
327712
487146
767085
Tiger88
146982
687291
648263
666754
896929
375056
922317
917279
350823
992871
510829
809897
838453
311487
092246
63224
91196
100958
652982
678194
18137
nicholas2002
857747
464794
566346
207482
274923
643874
204039
951027
Muslim2009
017743
041382
389796
74354
560956
310720
080014
252747
12068
680273
625790
31248
869066
577280
563057
678172
41671
231935
818136
48755
81935
164384
60242
382261
9009
477411
047014
629431
61985
391875
610819
473352
200255
765259
879219
244420
28714
385418
1986
067463
25305
385198
054428
768196
311520
649550
99288
669834
157487
229603
319319
355707
888602
468985
299189
167255
723657
610159
425414
325281
mega2008
606089
862125
0282
591745
07938
419232
374429
29302
65520
096745
83181
202664
996831
749694
152207
837969
442090
ayesha2004
562496
611380
534028
122496
803638
110990
Lion321
Hassan12
338019
Welcome2002
406175
725791
190157
google12
Ali69
526768
042174
677776
268334
646327
985226
467698
227766
478555
260029
804903
763829
44394
23884
061655
055924
0675
52430
44002
890989
509696
Qwerty!
749815
431640
908138
441859
806850
419804
761673
705331
64904
02723
686752
118921
794926
179014
781121
004730
585002
072116
562903
47117
051062
69748
296307
david1992
128931
086680
493427
896533
74158
152559
012617
757240
08764
238744
Root007
966493
566720
8964
danish2006
267696
677897
713966
781044
01708
104038
744887
389785
006523
Raja
831765
201542
897314
501941
96201
930435
986953
421597
147840
907808
592999
31122
Zainab#
376464
zsr123
811041
847671
hannah2006
111102
833910
allah01
190302
034694
952061
491524
404052
575300
884477
802494
166397
6048
93870
034287
786313
636548
3777
003905
889405
01743
875083
289586
591602
474001
623414
98553
49420
742313
251526
896500
459239
026774
261151
39613
541013
744458
810370
4dm1n123
940379
166155
659010
77119
785125
Black1982
727573
816244
948739
755304
583352
37121
564586
023925
93408
110890
771375
086460
385352
894685
817432
701305
710457
071148
069531
764709
994642
623623
492965
67270
672188
45598
921107
233596
205601
25277
205381
440000
579623
64911
292072
041767
61460
323532
630333
105732
353903
sana2018
524623
31045
583462
967175
50526
705683
666776
997821
475079
090255
samsung007
99806
169070
920392
54642
659505
510026
1109
23030
84735
763125
728090
205557
456676
773828
linux786786
145508
404767
762784
804199
154253
386782
912208
149545
338030
706563
9834
021483
508607
795465
447282
303721
539561
India1998
January2022
485243
412555
Test111
Charlotte1997
713515
163229
302973
india1995
118074
719576
576444
344773
326282
981409
479699
46277
309408
christopher2013
68257
490446
331683
638242
723096
580624
974215
265804
768900
179971
041811
954019
243287
895642
049764
Zainab1982
411510
927168
785818
968847
072391
922735
4779
945131
723712
357368
78372
231550
173778
961334
dragon22
44527
707960
84966
976954
081169
Iphone000
25998
036091
392711
939521
437272
806564
273273
119075
490776
598499
password3210
36855
606672
77301
869077
576235
172656
8619
161469
hussain2026
280104
972576
Sofia1994
428923
982344
182787
792132
327426
700403
48622
482515
858704
04907
045595
611413
489159
160127
517935
428087
107943
284801
51772
385396
173030
941204
542795
42553
16093
982894
072160
293645
576015
651596
948651
532741
717266
250789
700051
21833
306449
106117
950158
93548
ninja#
686433
369754
236291
98420
899206
195107
Fire@
524953
054901
608707
714901
642059
73906
495957
24619
098615
499290
Three2009
5376
535711
39697
396759
16660
717926
071102
641465
664697
219582
shah111
6375
608091
017930
662882
278322
685564
Shah12
815419
30429
686191
203313
204875
922449
389004
34930
Leah1986
351417
549329
310796
108020
350009
260425
331045
029711
Zainab2009
849552
4257
929423
379005
82684
087978
85211
545666
618970
334356
359161
816618
12243
778360
922361
001342
445302
027115
068904
177639
504548
668283
389367
236324
zas123
72674
930270
625064
635316
230717
033990
Karachi00
71463
997986
641564
904475
102575
187990
150139
84385
639441
841313
090519
Edward2004
861091
Karachi!
sofia007
237776
703703
Stephen786
560637
403216
317086
warrior3210
passwordpk
211673
190396
793287
857120
862609
709687
03997
Paul!
239041
318956
34125
196460
shah786
099132
470756
343387
990726
230720
936067
860673
794728
943019
499015
949641
0018
754677
831721
934967
318857
72219
61194
849508
990253
684277
735229
629365
554334
055110
213653
637560
48783
209308
050917
410674
864798
716606
759605
139557
31689
414436
318054
397584
Facebook1992
271843
672078
424842
783112
858363
642928
700623
567380
Kevin2020
958166
dark123
978076
867856
701008
909634
987547
13762
7398
023859
875226
185306
722678
274208
037026
552640
234377
431607
024167
479754
806960
39403
212124
403656
278762
college1991
53186
616506
976844
197516
040755
edward786
173272
686884
Shah111
678337
553344
529001
blue1234
436612
286891
169565
88228
641487
880968
933097
735328
658790
163603
526185
298705
257741
931909
383966
664037
kali@
317757
190190
612678
055572
121550
60893
172810
809413
940599
722128
21322
049038
845636
190796
751355
920117
20132
527296
103961
409508
3543
26586
69734
321255
675576
722810
970376
577005
137731
734569
068816
35126
749925
022968
289597
146245
253605
387431
661870
68089
7452
13986
67893
256641
873983
69811
973621
578369
338701
526097
049104
samsung1992
411620
047872
0429
226006
Ayesha2005
371063
084986
078749
khan123
380688
758263
481393
9852
416339
702273
07070
37919
885302
Daniel2026
634403
603834
642367
omar1234
563200
244486
684519
192324
044077
42672
362428
243716
208945
936001
348975
063107
431585
701899
qxdd
331309
162393
526394
021087
Muslimpk
776226
213444
135179
145992
82915
210390
191928
079783
44114
665786
219670
390236
16576
evelyn1980
805926
895026
026532
Khan786
935242
969276
741653
675444
464816
Lion007
920799
487355
fahad1988
255288
703934
835428
53676
188375
430694
591514
Ten1999
247753
577687
353661
238436
541035
112519
423676
511555
33992
2130
978087
111214
doctor1234
97041
657063
17759
Hina@
911768
010199
945978
158961
569745
783420
101068
968506
760001
784762
011264
995973
226501
625185
657800
845801
958584
083820
426107
998690
Sophia!
327063
043978
816508
841159
816750
493526
865887
776875
548284
11424
078639
538450
169719
307692
771507
284933
579304
877019
186076
781187
533203
862961
441232
0660
177804
990671
289872
19159
bhatti12345
thomas123
456401
657668
151316
507782
31675
372834
zwr123
569393
One88
992750
26915
07693
431508
09422
747857
382371
32039
349250
320870
196680
206844
247973
665643
368379
174515
761024
175032
Ryan123
075471
700425
436216
330561
500203
75397
85176
401379
5835
759000
046112
010496
442266
432597
176682
416900
9549
846648
744964
805453
199441
159764
816684
566654
110968
367950
607156
579106
680691
430771
942711
688006
71190
439912
8061
005698
48601
812273
213235
448602
45024
857483
1335
974105
348172
994114
Peshawar3210
play1994
784003
635008
085250
Qwerty77
Henry2018
087780
649176
634414
897578
iphone@
853765
384967
546414
522698
640706
862675
116633
272844
8655
470074
4995
Master69
623425
819071
30765
015664
058575
748759
091333
76965
257598
159500
8145
092268
70420
37128
998976
250102
628518
671297
155342
534292
83979
778338
026499
Thousand69
190214
319759
32564
031174
77490
905355
63658
470316
108196
952985
90419
178519
375023
421729
235565
676610
243903
21973
97020
986183
223047
698280
496727
2946
009801
187572
119955
273867
38360
021813
695266
038500
705265
010596
706783
90293
102960
484902
746658
835142
928114
005489
Student1996
2512
816288
3900
890065
633556
091553
851840
6207
Morningpk
596937
170793
41174
Anna2004
653763
803319
486453
858803
725989
179960
039655
xde123
281039
293942
732501
903287
35063
690613
4854
786412
958111
01736
079222
004587
296109
084359
apple000
134585
634062
Two22
102311
497860
50001
736285
816431
00609
132638
760056
eagle786
033880
09380
508156
240284
745954
989230
26859
Qatar#
778745
481965
863203
457391
105996
09177
676775
55139
247511
454366
81802
456731
937178
955713
67025
018447
581713
047707
94269
882079
347578
302654
645546
windows00
233849
036652
793133
187869
Maryam01
376266
2229
534369
821810
278069
40033
052602
878141
711161
32011
60221
559086
66150
162998
884939
676940
03199
437096
39816
493779
jason1234
571384
945340
343035
036058
061039
976888
637626
862939
467918
551430
2940
393591
058267
246037
377916
091108
879472
352308
807147
36939
034188
804001
0132
441034
333707
405790
34706
3834
821315
542278
205546
524216
55720
933790
440407
727089
361911
442398
440825
139150
752620
672771
47075
three3210
Layla123
412038
256146
301455
174361
216249
258731
Noah
174273
104159
Red2018
356191
922911
717816
jack1988
934285
195096
302478
813560
656678
04494
062315
492756
022572
195723
568678
5850
974204
59038
565202
5172
one1983
185196
566577
Root1989
714516
940225
803187
197219
778118
106227
518067
096492
225346
677017
255090
533258
690657
190641
492008
345312
129558
562210
87682
Baby@
804562
349822
teacher786786
968088
660858
084887
818158
532521
055022
885676
503096
13895
041833
609180
274802
474342
863577
kali1990
616286
928180
03801
886061
049775
pakistan00
Last!
704418
23863
416482
03878
710853
155254
96131
290466
363055
363638
905399
357346
518210
652201
843084
797731
19502
9978
579535
095722
298661
556006
80682
555082
03654
493361
930523
746229
67627
662684
288827
914551
107437
541233
249403
012903
053317
198341
484506
89012
847396
039072
92176
938740
790438
581537
693836
xsss
484143
266310
23800
795839
01862
665280
17122
228217
864501
7413
043791
917906
83965
288519
Maya2005
315645
124443
112574
light2009
336611
937629
823515
157201
732864
470734
68586
540518
560934
31829
537504
474177
018414
562738
3186
636889
459371
294712
409904
199155
299134
960168
759726
88137
bilal1998
048070
624580
987415
049896
814495
912582
617001
51037
95816
526317
023980
031658
76755
114664
845713
91147
851400
370535
170696
102190
790251
9291
606463
927993
822657
035904
099484
181632
010978
noah12
3330
42812
638748
800547
908094
345334
109109
738012
571043
544654
sun123456
146300
286517
069234
776083
sarr
83118
913572
620334
279334
raymond786
41412
ser123
246994
498608
181456
939796
19551
971465
98651
118019
187660
055154
270596
475475
606342
170111
334939
Joseph786
Qatar
861454
438922
73675
278146
476784
270831
471086
830511
607937
Matthew786
1611
180169
762278
861938
67536
65926
589787
3243
662343
805948
184316
395274
242154
Khan000
380457
010914
968583
928543
366674
109802
96138
031339
l0v3
249084
40607
345510
23156
33852
017072
693517
796906
431046
shadow321
773256
qxd123
426943
331969
137324
510389
972070
000836
Youtube1980
104786
Black000
160237
976899
54915
460614
05684
137863
192544
062326
295416
897545
iphone2009
33061
650716
hina111
161546
police786
197802
077484
doctor111
719950
332992
993223
156475
627682
569118
658988
Paul
773289
786720
816805
Fatima22
467368
j4nu4ry
136158
572132
530750
738353
098747
761123
102201
016412
alexander
627440
993289
mia2017
773916
469843
556853
05628
581515
590722
840697
801592
allah1997
060841
050611
716199
190626
384681
21154
749760
475893
325831
173525
49252
407803
442827
941831
048906
peshawar
6081
984390
234432
600094
079024
565092
337997
825858
18893
829356
Ninja786
873411
997381
361856
375210
891044
7260
189222
morning12
George2017
298441
033088
02933
131054
607431
306229
969892
323598
899646
584562
128084
494912
39732
208131
807983
emily@
593560
613668
Android2024
953810
027225
39970
India123456
632621
danish3210
49049
034518
288409
870650
299596
408980
130493
8406
673838
413908
484561
lahore2013
618299
islam69
022517
410718
977086
416218
468149
654203
52381
653532
818532
Mia2025
290505
0249
817905
866877
677666
4725
078584
762509
621412
29057
856317
18935
656238
443806
624954
089210
014553
585288
326062
387761
395571
604868
939609
239745
986425
857351
950070
522324
044748
039545
774884
938773
743941
860079
moon1983
533423
768174
244992
754468
66059
Malik1998
54082
531179
508266
561275
442145
85316
612040
827497
343288
705617
963402
439879
549131
315315
417164
0727
707146
103917
184140
Master@
093368
930248
754325
898062
398618
228503
314215
435798
561187
593439
247236
048730
286341
464244
827563
3816
753467
play786786
218966
804760
003168
283580
728024
7251
525085
031296
45780
20699
109065
562298
503195
omar99
669603
81585
040986
572594
801779
8559
992530
391446
913957
857450
885841
048015
83475
523545
325512
793276
02149
768097
893981
21560
634315
33019
698225
31465
242077
257939
948684
maryam00
75586
566379
422719
713867
645623
393206
peshawar123456
63084
443366
447029
baby786786
amelia1997
437294
581801
590920
792209
705111
warrior12345
01106
115808
506913
722854
276430
614042
passwd2020
378389
qatar2004
070213
068387
439593
904849
917862
Loginpk
264451
461186
070496
590084
404800
764489
999317
610610
4389
640398
047344
504636
53095
835956
831215
104302
704847
701602
05579
4413
760903
8817
Jack123
258137
170799
175175
game1985
22771
150190
014960
074261
mega786
77812
842138
81347
569030
804595
980012
706695
226534
867680
admin123
893222
253055
289894
10192
781572
457743
891539
069102
67550
289069
882574
905223
488840
919457
945890
222618
86366
708323
850146
933460
911141
213818
629750
26026
810788
006875
106535
546007
647306
234674
997722
4659
Youtube3210
041778
151102
536943
848925
640035
318560
224565
012529
548306
cool1
643203
267564
796796
118448
773597
Darkpk
886050
788656
91490
656216
342793
Tiger1234
Game000
13909
290502
345059
773696
074404
871794
469150
438163
090723
654973
461582
972136
8028
24528
61810
165242
984236
20125
237820
541838
777502
073216
820270
622149
32732
478137
853215
335599
569426
684607
632060
Hussain111
147565
868780
5196
317240
500984
663069
874896
297979
7815
Brian2018
khanpk
137709
135883
489610
046013
282876
46767
9726
054131
021098
676280
162173
830863
560175
163108
Hussain1980
431717
Riley2003
Brandon2019
08918
49532
191123
583616
071096
hina
59535
517319
15246
200684
Edward1234
133892
809105
90601
835439
99344
414051
179003
Pass99
49721
913220
173437
944746
Scarlett2001
212432
983224
376079
269379
818862
059961
339471
572099
860332
95515
068211
523094
190058
671055
749155
Malik69
028160
571703
052151
837584
183073
8721
522214
023078
640046
586894
Multan007
532587
225148
235972
402721
828267
753511
734228
942480
717035
140943
376398
470118
632071
993729
248930
056221
290609
904827
250120
521411
418330
23380
279763
Abigail007
647845
886490
38171
387827
47306
375529
847451
409596
guest2004
601568
393569
477730
teacher#
270259
90657
490809
974512
746548
460724
259094
322608
607475
0313
44352
388729
2016
442508
973742
873796
77364
719631
582318
932954
207097
585728
623326
204622
7122
9822
342243
20370
743270
998184
5340
163262
21609
796994
334191
062612
590931
6846
73227
309749
401115
354706
10822
799810
322465
Last1
780329
38248
690206
415437
985567
678898
26894
881276
092774
Thousand2021
59899
679635
612546
573375
Passwd12
035651
391633
55692
534303
683408
208560
609004
800822
441067
698764
641685
793694
87416
127105
254595
701063
Peshawar99
972598
050902
348755
553146
601271
11900
610874
579689
777623
806465
182842
462968
engineer111
facebook77
671517
788062
32123
39172
111144
848001
524194
368907
362824
047630
218108
913748
148830
881463
990308
090079
899470
571846
145783
5580
red123
144595
95578
143528
98441
916520
113894
47817
544357
600578
929412
422598
321145
737264
Movie12345
046057
831248
661221
6528
494010
28231
9738
481239
280632
001144
15512
72968
5829
70924
ayesha1981
552288
278520
438064
310296
Hina!
184206
Play12
295251
767305
782177
974820
397749
117205
538384
507738
344047
629057
687918
171732
347094
270826
120560
232430
885720
208329
267784
334455
027742
35336
478192
777524
06538
015202
912571
818631
87115
717827
905608
997502
763664
118514
282733
Play2015
270820
tiktok1996
930457
Lily2001
617353
81914
433763
815958
172194
155397
85022
001914
919677
231528
0609
00931
499906
828465
574420
169235
573507
958870
98266
783200
1128
28959
82838
950972
804309
2701
January1989
862367
447513
866690
charlotte12
41160
861267
Tiger12
George123
317262
098637
115346
643511
643841
527373
699116
732314
37443
505670
Ten2013
islam01
776963
675609
418572
0819
921184
413105
691284
291137
334015
969815
aws123
888800
629277
26621
149358
304436
531960
aurora123
603350
850212
479589
057189
177298
290626
968726
shahpk
319825
241923
829246
292325
62846
65303
847462
611699
814693
010402
608872
646206
498597
591195
531135
218416
98084
320760
886358
837859
7584
SUPER
8991
188232
179322
470041
174064
479105
896335
587312
215897
607893
159258
175307
684585
310223
235015
188496
730730
850267
708653
310890
black99
84882
414843
948321
98336
289344
634293
950345
278597
727716
651497
39963
675521
470536
765941
430595
776116
405746
School12
121880
938223
483967
795740
Fire!
028864
241934
044506
036300
114763
591393
440044
971454
willow1
student2013
622402
353320
140778
45990
488730
891154
Facebook123
121825
190390
45094
Saima123456
55083
257664
7743
179982
20839
360580
74361
062260
480964
621005
master1234
42490
253902
facebook
engineer1980
962489
30793
197461
239162
39459
877228
810678
366960
538989
685531
785114
768053
886402
437195
593384
756140
665390
364122
256542
284878
972895
906070
113432
801493
889801
070717
123838
525426
548614
Monday!
017380
024948
798193
610632
138556
827365
698610
211217
264407
560494
502601
Amelia1998
110593
751938
0381
624987
776490
274142
01855
83272
Gregory2014
558173
776446
951698
Master99
250408
445709
298628
954470
389829
89215
one123456
423599
10381
29519
478632
494208
664103
745250
330649
248688
5673
19040
312796
626604
626494
49763
717574
077352
056804
692879
Ultra99
789371
50414
221485
644424
Saima69
932338
27489
000715
38374
961048
lahore000
Maryam
616033
533137
247313
4020
476630
7176
259292
105006
019294
333531
peshawar2012
255541
718410
88011
268697
276001
691823
842259
Android3210
25683
Google
712492
877481
fire1989
025080
480799
713768
420563
5484
540837
822877
4716
950642
4656
466873
183997
002530
772739
233101
720324
02730
261701
61215
127072
041448
628683
155694
mia2026
172986
434665
012419
69846
685355
819621
03780
755337
292358
866096
sofia2025
201300
597498
61278
google69
11487
560725
690085
017974
448338
570339
990836
iloveyou1
63980
760551
870947
703747
256003
331342
42658
470789
74627
054615
541046
67067
586333
654456
647427
272558
078353
812999
981310
714406
186252
536844
666974
70861
687159
499873
318593
208648
96789
386309
450483
723316
465135
52164
ultra2011
437481
101057
351615
827057
760529
817861
173283
637824
350328
11543
073183
601909
097658
452353
87500
632445
090750
445731
893376
Fahad2025
106271
527461
967329
19145
905861
467720
564344
372339
056815
952193
802571
600567
632368
204237
708950
393228
669152
558085
662728
555269
591349
1706
470481
root1984
89677
922405
256553
qatar00
521114
873587
848276
90342
588852
959915
236115
314358
746031
250126
973291
1494
353573
478665
854282
837760
362791
8280
313104
malik321
017457
829268
550132
7746
Dubai69
822514
fahad1234
231126
472956
5976
762190
803154
742324
405262
229350
685795
Olivia1983
623722
741180
623238
43295
310981
561099
296087
Pakistan1984
649561
196636
violet786
686609
397199
544170
498894
170593
Victoria2008
user2015
392337
409651
381139
447601
226853
062392
37667
475398
510785
431013
qsf123
279576
622039
979693
830423
53746
280577
84406
755557
058212
911603
052514
275902
15869
156101
Ahmed12
515922
omar2024
004950
687423
root69
039281
446941
95788
089760
100276
727804
912219
212531
567446
208340
Omar2025
046926
5154
585442
Water99
155606
011968
172832
017193
684222
400037
129811
226435
243012
583539
Bhatti2004
093544
744975
948255
112178
161480
497101
731148
655798
198605
22050
953480
587070
518947
318164
153098
light786786
master22
099880
983862
627836
06146
830742
638385
457479
28728
012639
DRAGON
819434
537526
565994
968418
902198
902814
657085
173426
506484
31990
569668
355575
642730
446061
123904
234498
414821
21308
56420
637340
875666
505681
397540
823427
272041
331353
464959
639859
55930
0729
222112
154242
883960
762564
759363
678656
440088
786874
921789
882739
783959
274758
934989
634722
892177
174999
secret1986
706211
225929
547987
576334
Ali12
971872
642257
Android321
010879
571406
451627
qwerty!
15043
334917
846241
592240
928510
855602
564234
635668
822635
828102
660594
03794
515130
459415
839102
816123
413193
001650
968935
900460
324148
967725
965646
027335
873565
115126
012925
543642
997128
797841
507232
396231
151118
038522
861344
471515
Five2020
Green321
36309
556710
182545
304150
Lahore12
05894
Student123
35217
9045
199573
Thomas1993
531575
312631
99400
966020
404239
798578
Bilal2021
eagle1992
Welcome1997
asdf2008
maya12
435303
806641
343937
599940
346808
057673
49826
012023
048422
535469
227040
923120
195261
768350
17066
Kali123456
595969
614603
Megapk
037851
378070
linuxpk
Tiktok69
92855
130372
642939
2427
874918
644963
348689
140217
hello
810106
810623
star22
361020
Hina2023
766183
063624
69020
945538
636570
651244
757218
69461
064504
574387
760342
693253
660660
865051
881936
498520
722986
110759
578886
68334
62363
188507
2205
756591
179806
8073
671396
kali88
388410
960091
710149
752037
592042
874181
990759
paul!
487454
21672
463364
89971
443575
800745
709390
897864
508145
302841
366190
535139
47516
asdf111
787897
695827
play2006
068134
930413
914771
937288
012683
401984
409343
72891
722436
477554
430364
378433
17318
january2018
945285
81879
121088
956659
37527
943987
455576
321376
381458
940874
Peshawar786
84014
833855
131098
98805
41146
158642
41447
R4j41
730433
three007
904783
378532
572385
669471
569987
310167
840004
0408
199584
345862
293216
821557
688479
893156
5781
137984
271458
105204
3162
658009
472164
charlotte2008
Omar1983
142505
287507
419859
Angel123
94157
364243
573540
627737
010711
808368
74291
15400
375892
487388
772134
265826
838409
211607
376563
262559
Warriorpk
761057
205953
411389
976063
5916
574486
155650
zainab3210
867295
689909
130196
839124
210323
hamza00
270996
159555
937948
09009
84245
111188
211026
Baby88
155727
031205
080124
348810
637384
Harper1983
526262
170148
529628
198209
350372
97391
209561
Eagle2006
751267
15778
502986
249997
885819
523479
078892
516802
804485
Moon@
0426
501204
811360
460713
859188
677765
386430
995280
543785
533940
091388
84651
Hina69
922757
902803
928818
820237
177485
784487
854469
785015
797720
908534
299706
Admin88
87822
game2024
718322
523204
734338
14280
970475
861993
980892
love321
858253
9681
920447
005940
936496
258258
985050
022088
189200
726462
089496
39599
Admin321
mia123
8469
296626
258280
Police321
227414
264528
124498
90797
898656
784663
love22
718498
288871
477455
913055
543873
62664
268620
015862
232826
334796
085272
037642
monday1988
027687
red786786
352770
Ahmed3210
939620
904079
706640
375870
858792
532752
03367
700777
167431
Victoria2004
866734
223630
986711
stephen2002
03647
349041
761585
856031
10584
844789
595551
Quran69
303050
345873
915904
170093
689194
073920
L10n1
664862
52066
594726
885511
678018
227755
147532
433180
309859
408034
362703
613646
585409
india2009
179454
852632
521246
322201
297902
920227
435699
336281
030990
4785
61747
20447
257719
446017
266299
369996
650254
79387
05194
571109
light2013
855910
904266
354024
18746
Bilal2015
834097
346907
240108
295592
038368
985798
504064
239250
98217
011484
162833
Android22
43799
858594
344872
833899
388685
502942
193732
zdd123
553388
515075
702449
7005
143275
432663
381590
620510
725769
743820
459921
265892
864556
root#
651717
malik69
230549
047795
130141
71484
Test123456
410773
010823
720445
692780
490281
qwerty00
493086
36057
Ultra@
107910
199397
383779
759242
330209
738815
11991
92414
570482
929137
550968
64624
956351
672639
889361
992959
437558
660792
270896
400048
068849
293766
92148
712679
386826
student69
417626
006446
34762
436810
190499
super007
900042
380358
248655
63889
287705
714769
81375
796763
69132
870199
70350
215105
236676
127688
418198
277915
219846
95312
351978
275297
729696
Lion1
335687
260128
946935
808852
590887
326150
82775
171270
355806
719719
347149
Samsung2001
866140
796620
336512
984412
David123
501974
6978
854997
748506
681307
446292
358787
612194
590293
938663
Green3210
691955
Qatar1995
590018
363308
197615
Eric2010
731456
6006
941424
920788
989109
047652
green22
40026
054175
795707
163042
615868
471317
14455
18067
037950
587235
227920
518265
843920
153791
191193
908765
582494
638297
King
Brandon!
021252
255893
244563
095469
639408
865029
891935
5523
20510
1056
332255
394493
449174
603427
779350
440880
616957
231102
969749
466796
android77
087857
685245
882288
75026
297374
034485
133342
196064
Bilal007
76391
076560
621137
928268
639188
Last1984
304095
508211
230102
605066
05852
943492
185900
522258
826441
393239
278344
572451
802659
231407
390456
016357
551826
061666
810777
503778
725571
122606
586696
Shadow22
055264
Ten!
936683
382085
india2024
379478
7488
945857
092686
Emma1991
hina01
542850
44401
490622
Ali000
804661
742742
Bilal77
095689
22792
853545
896423
990055
089947
663520
039171
258148
840609
170123
997326
755601
059334
453728
949179
946550
02891
Christopher2016
894674
609763
052272
89390
34489
273383
051126
94493
742115
134310
617595
744876
040700
103114
707641
710534
612392
20986
604659
497552
366982
868615
0291
70882
90993
703197
354783
858495
782045
97461
715264
609818
661837
736296
5553
892364
962819
Eagle3210
344685
076857
982410
591877
999185
777854
Joshua2025
482350
565268
Play@
681285
930831
406890
045914
8217
260227
Student2005
972026
717761
046530
472538
87661
026609
237204
563112
028127
517000
hassan01
498696
857582
77875
750277
970640
322168
621841
021835
muslim22
071357
161106
800723
908127
197813
333036
161612
249029
854315
87129
000484
050281
630509
303369
705595
488389
070226
626989
979121
030820
478610
621764
41013
195470
724317
390192
Saima123
967461
733381
141042
5226
Night88
589072
826727
037510
Admin1999
620015
396044
517044
72996
057618
018458
393107
786588
848100
418132
166738
800250
084337
814605
757691
16296
122485
53410
413479
66528
0615
742467
940390
581262
287232
72317
829983
486805
395747
644160
586619
776358
533841
011023
485144
028963
400884
096866
95536
838761
841368
845350
ahmed111
515548
Ayesha111
837683
05929
nicholas786
800470
nightpk
1311
817322
806476
955240
476212
152009
843392
457171
418715
13391
Master2021
793309
485837
616055
740740
50281
092917
bhatti786
2814
2667
929203
362241
619410
851103
458601
532004
519750
796752
397452
540771
779779
494978
793474
2769
6546
889174
731698
939158
010252
760353
413017
479292
525360
093500
453508
21812
021956
11613
853842
856383
106161
328328
85379
57988
13790
666380
045760
845218
459338
803572
52052
250214
511434
417087
Warrior12
20811
waee
070405
1383
zainab99
872113
181522
452562
5814
838981
137995
48748
532609
32648
183260
820545
034958
seven2008
120318
zarr
110614
499257
420398
772761
786775
881925
397958
698962
Hamzapk
946132
55447
eagle2008
secret2016
462627
523512
887304
684035
460746
Anthony1996
3687
150832
639386
83370
476949
511951
138655
149336
855426
240581
95767
Kevin2025
69755
669537
563288
271018
568359
826606
dubai22
812493
107107
749749
163592
483901
89999
lahore123456
513370
65744
Patrick!
628221
871277
267949
132671
100936
56742
647702
797973
586146
972323
819863
714175
407220
111017
155551
864952
482295
045188
991738
09905
bhatti2012
845680
School2018
291379
855514
145024
495154
15736
922823
825891
958540
760408
938014
807862
93835
552530
828190
282348
566874
890747
457831
666842
44520
95928
685047
259655
945813
queen88
122364
Maryam#
771188
778965
kali007
19376
261690
271964
691504
378862
554851
918104
011517
549142
244937
512017
192412
195888
485980
605110
526647
9189
245971
909887
05509
628617
Facebook2010
886754
92729
324346
076296
970343
468050
35952
751069
550253
063679
049753
611710
118800
108306
139260
473924
335533
316437
51429
570823
71722
427515
51765
41797
317185
102608
Mega01
88858
2625
6282
119053
7338
doctor2003
210593
882794
429297
004631
68348
Lion000
126258
493713
mega2012
563992
321530
549736
80598
178013
820149
233948
597025
3141
965602
91644
670362
sde123
63231
302566
qwrr
867053
403117
692736
692197
steven2003
365321
353936
469799
534457
326832
windows1
615153
044682
550803
922482
270926
85589
109461
Sofia1985
Android000
360349
00777
127204
437943
92491
751344
290642
38577
923758
Ninja88
066297
malik1982
maya2009
demo2023
546370
233233
610445
ahmed@
402798
949718
735152
69944
802560
078265
115500
396198
Passwd2015
593923
419298
281303
410410
582307
995775
891924
14434
748880
203181
78932
553674
402479
062282
838079
267839
291654
938498
651783
lily123
329054
194821
280478
149347
773707
049962
master1988
423082
969056
491216
699083
light3210
283591
749716
675587
944812
51296
usman88
726627
293238
688996
63777
257884
647504
maryam321
379808
526592
190914
874159
091938
Qwerty2010
579898
261437
629464
329076
894476
933537
879230
053185
84644
965844
806597
shah1993
Engineer007
177452
6252
383680
508541
531586
015345
One2012
33705
259600
973280
310811
838750
780318
309650
223476
Thomas12
780956
Demo1234
84805
782991
221298
096470
465432
804089
622347
473781
4218
592119
942975
xwee
671913
972719
109560
228118
8301
102663
89957
646118
024662
787072
349129
416658
621082
192489
73857
675037
78190
032307
27755
013783
19985
944196
731896
james1989
Morning1987
284086
019855
368918
00371
Khan12345
217899
473385
750926
494406
95571
033638
257301
551276
034617
109703
282326
38885
629200
38927
87157
560802
458744
259732
593516
637461
699017
789547
604681
408760
640948
478907
329945
770088
054307
729982
818752
98840
654610
737396
Earth1994
154473
720621
775269
577544
25375
600655
662783
699600
789888
202807
042141
104467
622996
563882
561165
15953
Twopk
215270
Admin1985
692142
051953
378103
309870
934219
534358
57491
156145
185460
126577
931645
000539
272195
458689
53151
tiger#
069685
140646
203676
031900
267113
904629
191422
166573
054637
admin007
282271
252868
599038
07700
577841
311828
445555
229867
03885
68705
746119
398904
030208
555753
Movie12
486376
shah
485287
Karachi2023
550088
556974
389906
299035
471658
2979
183931
393404
3984
041503
373934
922680
663300
290499
323037
usman2020
210211
639694
193149
946539
olivia1
Daniel007
898810
655666
373087
924154
692615
081345
315194
137159
562265
310226
953348
731907
36722
699644
711051
9990
017215
7965
330484
09226
767437
030693
381282
177199
90573
Passwd99
70364
3474
946407
133309
KHAN
16009
913803
355267
250796
509839
244354
989527
Apple2011
129888
98546
39508
81326
425260
movie000
701459
test321
681868
911713
649715
888360
47859
756316
965932
Stephen12
919127
503481
093863
556259
170907
132781
82033
716815
039380
310517
110899
764126
RAJA
011077
4401
300850
781209
adf123
453189
794563
788722
034166
168729
543939
479479
57974
84483
247577
134706
982421
634854
662013
448118
900878
333124
511456
470877
211915
186835
919259
welcome2020
morning2015
249326
454883
760452
Four01
144870
492272
813989
022924
25606
84329
184536
qwee
738595
918533
461934
lion1234
51513
858033
41461
087417
230032
975821
827640
57904
Last321
061490
052943
49203
014883
557194
577577
659373
098439
90139
821051
612150
raymond2020
530277
209528
629904
210243
Layla2015
68355
840675
742214
033715
533643
749056
moon1989
792627
964601
477345
927399
155232
277376
402259
251119
796961
331507
175087
636152
745866
2862
45241
youtube123456
317680
karachi786
30555
091454
886215
77210
340846
046563
352000
80430
charlotte
726869
042614
2118
180917
Game22
Pass000
688083
80129
266200
843711
367059
502656
906741
796389
735691
24605
Steven786
682297
2889
172711
774180
591679
371426
sana01
37779
791714
378906
533929
639914
532939
176418
395087
191532
246906
242627
50498
489577
457248
657734
824439
44156
24367
402512
435556
284834
516857
Omar1234
689502
514646
906169
167035
640068
924429
432300
09625
592295
046035
718487
783387
795168
37905
167156
533324
743391
31472
479468
023089
084975
655105
640816
783574
987162
391435
george1980
97167
57001
84574
308154
30618
130311
79933
482460
865062
667601
310114
175296
693847
357830
28539
Four22
083600
514976
29344
45213
377542
356081
722524
886094
869341
234190
615769
35469
535579
358336
506781
29806
661078
896071
549164
Grace1992
829114
login2000
553223
630718
074723
08057
32844
137830
060775
436315
593934
071123
290301
136829
312752
58030
247940
366256
910129
4209
033748
315139
433466
54803
080333
808885
591063
156046
86569
048609
Multanpk
51695
973819
723624
42287
Cool3210
506165
920832
854062
180796
800030
059917
574442
227722
33054
Ninja12345
098593
833822
326370
68446
Dark1992
14728
405416
Four786
281688
751850
32830
799293
172370
54187
180840
393789
642587
961290
785422
998305
7536
650199
250294
Monday123456
605759
126940
702845
ninja!
166749
wac123
264473
65597
61313
572847
fatima@
915882
622501
498311
368126
School1987
150390
08799
Ultra1234
308484
390621
615186
89124
487377
753214
414392
755634
72611
114059
394482
445346
070896
594209
Dragon000
255123
01260
610368
098670
990693
xad123
412973
290308
895972
261316
416548
213752
878086
792242
276694
091091
charlotte2021
215534
040205
011120
1705
408408
454212
38388
205227
50680
278289
134926
359931
Android88
Movie321
One1985
803341
457633
285164
36708
173107
73143
070420
684871
497563
557458
505461
404822
13272
638649
alexander1234
575674
151074
432190
243672
312829
119438
533148
078397
Jack12
54173
7950
200915
158873
661276
48825
police1991
673222
719147
january1234
814627
975128
84301
627781
403172
George007
260282
064229
558613
268400
663245
403832
046299
871244
956714
833184
891759
939246
270499
023617
678293
3207
Qatar2012
4674
227480
985941
09779
106667
976976
634689
826397
346918
778723
212201
222530
709467
969067
982465
109010
477807
nora1234
027434
656117
124784
0555
974622
112849
MASTER
943800
517781
991419
766227
145915
80899
79170
68831
2634
554939
359920
56658
170611
227018
674674
555940
142219
855470
958958
116853
23625
379544
638121
208428
947430
968242
781748
Hassan2020
502678
091509
1725
029854
050599
81711
157080
204193
23114
153747
611622
477136
374715
287617
783079
310156
23849
488774
076505
609334
481756
92575
759231
454564
Google77
075394
977680
2730
cool88
655985
303853
857846
414425
683496
355102
770517
681901
900262
920634
030726
185944
846010
942601
18459
236423
7035
Windows22
808500
942172
Usman111
90496
69797
090990
401896
adc123
819907
030220
root2018
724075
Five2013
717354
470690
680086
873169
thousand1983
951313
139601
907555
98784
954305
343101
Youtube123
pakistan2020
Water1993
330880
034793
4344
346236
204809
926222
792891
51289
35371
316932
711821
013332
420222
96754
364353
david12
222167
231154
Grace1982
466840
545259
056144
567226
626736
Final2011
4254
four77
233365
597377
151272
Passwd3210
632610
328526
598631
527692
42322
7503
092906
704319
080366
695662
340065
379698
304788
047113
136719
660396
374297
760628
361218
36295
563035
889471
victoria2021
45871
Scarlett1234
308627
185339
766139
334323
Rootpk
419309
9369
Ninja321
735845
931458
05726
624448
702493
633303
235598
648989
518221
763983
268576
791802
361570
468589
516912
914617
52927
991441
156299
891869
749826
150817
273625
454311
963435
6432
315216
653939
363946
340593
688039
613195
849607
64778
6003
472010
668360
222024
7539
827200
604197
106447
373879
249788
03388
333080
794805
01015
49644
500665
Maya007
552464
758417
799029
351043
moon2018
878955
263978
394603
702900
Tiktok2019
182655
350383
816816
209583
397386
428329
414876
235895
997645
kali77
823625
33978
33012
Last69
967868
465762
333575
706959
907489
44485
88081
220891
788513
556545
488136
multanpk
04725
480502
382118
129129
625020
862345
secret12345
683881
886743
174911
284449
40691
130793
945362
655622
146498
844228
927377
582120
991518
81284
One111
141724
854744
653048
961565
865249
599445
quran01
57127
08568
567468
290205
528484
45325
462946
158983
892474
808940
637538
47768
815540
129239
492558
498707
357038
353804
361625
96047
210826
897963
qatar2001
879868
100496
49196
170951
223179
509916
68173
58023
583748
715935
051193
91350
834680
397617
Blue01
013442
627726
676500
328405
pass1
923087
Red00
293326
wind786786
395164
692868
020020
106183
715924
41524
841291
048378
32494
370766
Facebook3210
9750
675411
383669
690943
296758
300047
982905
673794
055308
310409
847473
55076
Police000
712734
776941
346929
067969
61824
130889
8214
821480
357907
137093
058696
644490
03633
640211
749276
722645
017424
977119
060159
393074
075493
342683
752235
196218
212443
632335
6396
499796
720984
09807
145200
844998
934615
741312
528198
875325
834317
Windows1
444235
823504
04802
140723
337469
005786
hello69
546590
51926
333729
646481
38836
3189
513964
169521
7698
787325
500566
Ali1988
57260
53725
376024
472714
814253
201960
112200
246884
34286
857978
970497
339713
556149
tiktok12
31458
Four3210
Seven00
7770
280192
221606
494626
042273
113036
998987
958848
michael2020
Eagle2008
053493
Sophia2023
9390
2166
613899
96866
02198
507749
194348
707806
Khan1234
THREE
Secret1987
856427
560461
593175
110293
646283
983829
996556
685641
278091
Student88
377773
56077
836759
756767
272140
724526
211794
552310
867328
146443
134211
588126
146608
doctor1982
226072
155265
710512
702262
166947
fahad1985
198671
878163
507111
469645
716958
424424
972708
345565
496254
303303
51443
80115
927718
851411
834075
521521
172392
bhatti1
893618
271480
186725
869198
21364
783486
873422
721336
674399
024145
711172
586245
149985
435028
699303
157179
213356
223432
edward1
364529
earth@
127358
150029
190707
218757
952468
010317
256069
38990
217822
854018
95214
366806
zdr123
199716
235752
94626
Blue#
480623
dragon1991
xwcc
621181
Emma
804397
0036
009669
228943
773564
011836
762454
brandon!
797511
41027
Shah1998
068486
170797
132748
241670
198066
105116
167508
355685
627627
54208
38395
879406
158521
5802
943668
147147
822459
95165
900845
957682
seven69
534479
658581
053152
240845
5994
870694
747934
anna2000
1710
205414
769175
70826
311093
050505
073293
942887
Bhatti2008
442354
050028
Hamza#
662200
281028
417703
923065
621192
215127
60627
8232
952028
332167
020383
503822
205447
Lily1983
675532
32914
193919
62937
57827
398376
326491
210419
36841
273537
947782
202004
706277
120802
65975
922944
513447
60956
933625
teacher2008
748484
874852
93422
638033
908446
918324
984324
410949
604406
81494
468765
755711
169609
980749
730004
Windows1981
247764
382415
24710
149512
game12345
696113
26677
715781
187110
657118
tiktok111
user2009
570614
736824
937255
021219
655127
033891
307076
46963
606419
multan1981
37730
713878
614647
967274
21637
870331
259391
014476
287045
241747
869869
253693
979165
338536
807686
384945
65646
84490
5613
863973
186846
859474
124575
730972
073964
795641
3513
Mega2023
134497
668569
apple786
517440
Moon2014
780120
513997
815507
583891
913660
44793
912032
055231
1140
478181
309199
267069
785246
271139
603141
058069
597399
844019
790570
873059
714967
357918
529694
791571
270864
117326
709599
06587
Jack1234
865799
5880
008745
380743
linux#
31206
215787
01351
806740
danish22
733007
789272
King01
902253
38843
830236
231223
333795
7959
851246
771925
whatsapp1981
Justin123
police12345
chloe2010
wind22
739651
630069
98560
645095
737891
804892
995181
986788
565235
417021
861487
165462
5271
168322
700304
328944
599434
179575
318417
0495
802868
029876
006193
157850
584001
53v3n1
480788
973203
089958
543389
tiger321
dark2014
194909
432806
005203
Linux3210
451099
maryam77
630795
Bhatti123456
177034
24892
922504
088583
225896
870342
65415
907357
392183
071208
